"group_date_id","Event_date","Event_group","involvement","IsProtest","preannounced","public_invitation","disruption","violence","symbolic","arrests","location_target","Event_name","headcount","action_freetext","location_freetext","date_preannounced","n_tweets_about_event_day","n_tweets_about_event_day_weighted","n_articles","n_articles_bm","n_articles_after","n_articles_bm_after","source_ind","source_express","source_guardian","source_dstar","source_mirror","source_sun","source_dm","source_metro","source_telegraph","source_times","source_ft","source_itv","source_four","source_bbc","bm_source_ind","bm_source_express","bm_source_guardian","bm_source_dstar","bm_source_mirror","bm_source_sun","bm_source_dm","bm_source_metro","bm_source_telegraph","bm_source_times","bm_source_ft","bm_source_itv","bm_source_four","bm_source_bbc","issue"
"TridentPlough/2010-02-15","2010-02-15","TridentPlough","Organised","Protest","Before event day","Yes","Yes","No","No","Yes","Company site","Aldermaston blockade, oppose nuclear weapons","26 arrests","blockade","Aldermaston nuclear bomb factory","2010-01-21",11,5.91740275392834,1,1,1,1,1,0,0,0,0,0,0,0,0,0,0,0,0,0,1,0,0,0,0,0,0,0,0,0,0,0,0,0,"env"
"campaigncc/2010-03-09","2010-03-09","campaigncc","Organised","Protest","Before event day","Yes","No","No","No","No","Unknown","Demo against biofuel power plant","","demonstration","Southall","2010-03-08",1,0.903512835502625,0,0,0,0,0,0,0,0,0,0,0,0,0,0,0,0,0,0,0,0,0,0,0,0,0,0,0,0,0,0,0,0,"env"
"TridentPlough/2010-04-03","2010-04-03","TridentPlough","Organised","Protest","Before event day","Yes","No","No","No","No","Company site","Euro Day of Action to ban nuclear weapons","","day of action","Faslane, Scotland","2010-03-15",5,2.77479273080826,0,0,0,0,0,0,0,0,0,0,0,0,0,0,0,0,0,0,0,0,0,0,0,0,0,0,0,0,0,0,0,0,"env"
"bectu, keepnhspublic/2010-04-10","2010-04-10","bectu, keepnhspublic","Participated, Participated","Protest","Before event day","Yes","No","No","No","No","Public space","defend welfare state and public services","","march, demonstration, rally","Victoria, Embankment","2010-02-09",4,3.52360761165619,1,1,0,0,0,0,1,0,0,0,0,0,0,0,0,0,0,0,0,0,1,0,0,0,0,0,0,0,0,0,0,0,"pov"
"unitetheunion/2010-05-05","2010-05-05","unitetheunion","Organised","Strike","On day, before event","No","No","No","No","No","Other","Strike at Glasgow Herald and The Evening Times","","24hr stoppage","","2010-05-05",2,1.66063243150711,1,1,1,1,0,0,1,0,0,0,0,0,0,0,0,0,0,0,0,0,1,0,0,0,0,0,0,0,0,0,0,0,"pov"
"campaigncc/2010-05-15","2010-05-15","campaigncc","Organised","Protest","Before event day","Yes","No","No","Yes","No","Unknown","Climate emergency vigil","","overnight vigil","","2010-03-21",6,5.13136613404153,0,0,0,0,0,0,0,0,0,0,0,0,0,0,0,0,0,0,0,0,0,0,0,0,0,0,0,0,0,0,0,0,"env"
"CNDuk/2010-05-31","2010-05-31","CNDuk","Organised","Protest","On day, before event","Yes","No","No","No","No","Political site","Save the Gaza flotilla","","protest","Downing Street","2010-05-31",2,1.09144748747349,4,4,4,4,0,3,1,0,0,0,0,0,0,0,0,0,0,0,0,3,1,0,0,0,0,0,0,0,0,0,0,0,"env"
"CNDuk/2010-07-10","2010-07-10","CNDuk","Organised","Protest","Before event day","Yes","No","No","No","No","Unknown","Stop Nuclear Trains through London and the Olympic Park","","demonstration","","2010-05-19",1,0.836055278778076,0,0,0,0,0,0,0,0,0,0,0,0,0,0,0,0,0,0,0,0,0,0,0,0,0,0,0,0,0,0,0,0,"env"
"GreenpeaceUK/2010-07-27","2010-07-27","GreenpeaceUK","Organised","Protest","After event","No","Yes","No","Yes","No","Company site","Oppose BP","","shut down BP stations, switched off power to petrol pumps, put up signs","BP stations","2010-07-27",4,2.71652524527518,10,10,10,10,0,1,1,1,3,3,1,0,0,0,0,0,0,0,0,1,1,1,3,3,1,0,0,0,0,0,0,0,"env"
"campaigncc/2010-08-10","2010-08-10","campaigncc","Organised","Protest","Before event day","Yes","No","No","No","No","Public space","Oppose biomass and biofuels","","demonstration","outside town hall, Bristol","2010-07-20",1,0.85317051410675,0,0,0,0,0,0,0,0,0,0,0,0,0,0,0,0,0,0,0,0,0,0,0,0,0,0,0,0,0,0,0,0,"env"
"climatecamp/2010-08-23","2010-08-23","climatecamp","Organised","Protest","After event","No","Yes","No","No","No","Company site","climate camp","3","glued on, shut down","RBS Nicolson Street, Edinburgh","2010-08-23",3,0.930506058037281,23,23,12,12,2,2,4,0,0,6,0,2,5,1,1,0,0,0,2,2,4,0,0,6,0,2,5,1,1,0,0,0,"env"
"GreenpeaceUK/2010-08-31","2010-08-31","GreenpeaceUK","Organised","Protest","After event","No","Yes","No","No","No","Company site","Oppose oil","4","occupation, climb/scale rig","Cairn energy oil rig, arctic","2010-08-31",5,2.2864400614053,4,4,4,4,0,1,3,0,0,0,0,0,0,0,0,0,0,0,0,1,3,0,0,0,0,0,0,0,0,0,0,0,"env"
"GreenpeaceUK/2010-09-01","2010-09-01","GreenpeaceUK","Organised","Protest","After event","No","Yes","No","No","No","Company site","Oppose oil","4","occupation","Cairn deepwater oil rig","2010-09-01",4,0.360934108608597,1,1,1,1,0,0,0,0,0,0,0,0,0,1,0,0,0,0,0,0,0,0,0,0,0,0,0,1,0,0,0,0,"env"
"campaigncc/2010-09-04","2010-09-04","campaigncc","Organised","Protest","Before event day","Yes","No","No","No","No","Company site","End Domestic Flights","","demonstration","City airport, London, Manchester","2010-06-23",5,2.66503615705128,0,0,0,0,0,0,0,0,0,0,0,0,0,0,0,0,0,0,0,0,0,0,0,0,0,0,0,0,0,0,0,0,"env"
"NASUWT/2010-09-05","2010-09-05","NASUWT","Participated","Protest","Before event day","Yes","No","No","No","No","Other","Burston strike rally, comemorative event","","strike rally, march","Church Green, Burston, Nr Diss, Norfolk","2010-08-31",2,1.76008945677634,0,0,0,0,0,0,0,0,0,0,0,0,0,0,0,0,0,0,0,0,0,0,0,0,0,0,0,0,0,0,0,0,"pov"
"unitetheunion/2010-09-10","2010-09-10","unitetheunion","Organised","Protest","On day, before event","No","No","No","No","No","Unknown","combat onslaught to the legal advice system","","rally","","2010-09-10",4,1.31234371695496,1,1,1,1,0,0,0,0,0,1,0,0,0,0,0,0,0,0,0,0,0,0,0,1,0,0,0,0,0,0,0,0,"pov"
"campaigncc/2010-09-15","2010-09-15","campaigncc","Organised","Protest","Before event day","Yes","No","No","No","No","Political site","oppose subsidies for agrofuels","","demonstration","DECC, Whitehall","2010-08-31",5,1.02837168622959,0,0,0,0,0,0,0,0,0,0,0,0,0,0,0,0,0,0,0,0,0,0,0,0,0,0,0,0,0,0,0,0,"env"
"climatecamp/2010-09-25","2010-09-25","climatecamp","Participated","Protest","Before event day","Yes","No","No","No","No","Public space","National demonstration against Agrofuels","","demonstration","Portland in Dorset","2010-09-22",3,2.52128243456339,0,0,0,0,0,0,0,0,0,0,0,0,0,0,0,0,0,0,0,0,0,0,0,0,0,0,0,0,0,0,0,0,"env"
"GreenpeaceUK/2010-09-27","2010-09-27","GreenpeaceUK","Organised","Protest","After event","No","Yes","No","No","No","Company site","Beyond oil","1","block drill ship","Ocean, in front of Chevron ship","2010-09-27",1,0.840698897838593,3,3,3,3,0,1,0,0,0,1,0,1,0,0,0,0,0,0,0,1,0,0,0,1,0,1,0,0,0,0,0,0,"env"
"TridentPlough/2010-09-29","2010-09-29","TridentPlough","Organised","Protest","Before event day","Yes","No","No","No","No","Unknown","Oppose upgrade of Aldermaston nuclear warhead factory","","demonstration","Reading planning committee meeting","2010-09-28",1,0.903162717819214,0,0,0,0,0,0,0,0,0,0,0,0,0,0,0,0,0,0,0,0,0,0,0,0,0,0,0,0,0,0,0,0,"env"
"Dis_PPL_Protest/2010-10-03","2010-10-03","Dis_PPL_Protest","Organised","Protest","Before event day","Yes","No","No","No","No","Political site","Tory Party Conference","","protest","Birmingham","2010-09-13",12,5.58026116341352,1,2,1,2,0,0,1,0,0,0,0,0,0,0,0,0,0,0,0,1,1,0,0,0,0,0,0,0,0,0,0,0,"pov"
"unitetheunion/2010-10-08","2010-10-08","unitetheunion","Organised","Strike","On day, before event","No","No","No","No","No","Other","Strike at Tyneside Safety Glass","","strike action","","2010-10-08",9,1.62101515453938,0,0,0,0,0,0,0,0,0,0,0,0,0,0,0,0,0,0,0,0,0,0,0,0,0,0,0,0,0,0,0,0,"pov"
"unitetheunion/2010-10-12","2010-10-12","unitetheunion","Organised","Both","On day, before event","No","No","No","No","No","Other","oppose dock privatisation and support workers’ rights, Oxford University Press strike","","rally, strike action","Dover, Corby, Oxford University Press","2010-10-12",3,1.79252500087023,0,0,0,0,0,0,0,0,0,0,0,0,0,0,0,0,0,0,0,0,0,0,0,0,0,0,0,0,0,0,0,0,"pov"
"climatecamp, liberatetate/2010-10-16","2010-10-16","climatecamp, liberatetate","Organised, Participated","Protest","Before event day","Yes","Yes","No","No","No","Company site","Crude Awakening","100s","blockade, mass action","Essex oil refineries","2010-09-07",17,5.73443750673635,0,0,0,0,0,0,0,0,0,0,0,0,0,0,0,0,0,0,0,0,0,0,0,0,0,0,0,0,0,0,0,0,"env"
"EquityUK/2010-10-19","2010-10-19","EquityUK","Participated","Protest","Before event day","No","No","No","No","No","Political site","Demo Against the Cuts","","demonstration, rally","Parliament, Westminster","2010-10-11",4,2.18203232064038,1,1,1,1,0,0,1,0,0,0,0,0,0,0,0,0,0,0,0,0,1,0,0,0,0,0,0,0,0,0,0,0,"pov"
"EISUnion/2010-10-23","2010-10-23","EISUnion","Organised","Protest","Before event day","No","No","No","No","No","Public space","against education cuts, Teachers & lecturers","20000","march","Edinburgh","2010-10-13",6,3.49385485053062,0,1,0,0,0,0,0,0,0,0,0,0,0,0,0,0,0,0,0,0,1,0,0,0,0,0,0,0,0,0,0,0,"pov"
"Ukuncut/2010-10-27","2010-10-27","Ukuncut","Organised","Protest","Before event day","No","Yes","No","No","No","Company site","against government cuts","","direct action, shut down","Vodafone shop","2010-10-26",7,4.05122973024845,2,0,2,0,0,0,1,0,0,0,0,0,0,0,1,0,0,0,0,0,0,0,0,0,0,0,0,0,0,0,0,0,"pov"
"Ukuncut/2010-10-30","2010-10-30","Ukuncut","Organised","Protest","Before event day","Yes","Yes","No","No","No","Company site","Oppose cuts","","action, shut down, sit-ins","vodafone stores, Glasgow, Bristol, Nottingham, Newcastle, Liverpool, London, Brighton","2010-10-27",20,7.24123146783685,2,2,2,1,0,0,1,0,0,0,0,0,0,0,1,0,0,0,0,0,0,0,0,0,1,0,0,0,1,0,0,0,"pov"
"TridentPlough/2010-11-01","2010-11-01","TridentPlough","Organised","Protest","Before event day","Yes","Yes","No","No","No","Political site","Devonport Big Blockade, oppose trident","","blockade","Devonport","2010-09-07",4,3.51051390171051,1,1,1,1,0,0,0,0,0,0,0,0,1,0,0,0,0,0,0,0,0,0,0,0,0,0,1,0,0,0,0,0,"env"
"Ukuncut/2010-11-06","2010-11-06","Ukuncut","Organised","Protest","Before event day","Yes","Yes","No","No","No","Company site","","","shutdown, protest","outside Vodafone, Nottingham","2010-11-01",7,4.99799218811513,4,4,3,3,0,0,2,0,0,0,0,0,0,2,0,0,0,0,0,0,2,0,0,0,0,0,0,2,0,0,0,0,"pov"
"nusuk/2010-11-10","2010-11-10","nusuk","Organised","Protest","Before event day","Yes","No","No","No","No","Public space","National Demo, oppose HE cuts","1000s","demonstration","London","2010-09-06",10,4.36867577283509,75,78,64,67,8,3,32,4,3,4,4,0,2,14,1,0,0,0,8,3,31,4,3,6,4,0,2,15,2,0,0,0,"pov"
"CNDuk/2010-11-12","2010-11-12","CNDuk","Organised","Protest","Before event day","Yes","No","No","No","No","Other","protest about depleted uranium","","protest","US embassy","2010-11-08",2,1.57580161094666,0,0,0,0,0,0,0,0,0,0,0,0,0,0,0,0,0,0,0,0,0,0,0,0,0,0,0,0,0,0,0,0,"env"
"Dis_PPL_Protest/2010-11-13","2010-11-13","Dis_PPL_Protest","Organised","Protest","Before event day","No","No","No","No","No","Public space","oppose cuts","","rally","Birmingham","2010-11-09",4,2.74641704560535,0,0,0,0,0,0,0,0,0,0,0,0,0,0,0,0,0,0,0,0,0,0,0,0,0,0,0,0,0,0,0,0,"pov"
"ClimateRush/2010-11-18","2010-11-18","ClimateRush","Participated","Protest","Before event day","Yes","No","No","Yes","No","Unknown","Vigil to remember suffragettes","","vigil","","2010-11-17",10,0.892249191969745,0,0,0,0,0,0,0,0,0,0,0,0,0,0,0,0,0,0,0,0,0,0,0,0,0,0,0,0,0,0,0,0,"env"
"CNDuk/2010-11-20","2010-11-20","CNDuk","Organised","Protest","Before event day","Yes","No","No","No","No","Public space","Afghanistan 'Time to go'","","demonstration","Speakers Corner, Hyde Park","2010-11-15",2,1.72251415252686,0,0,0,0,0,0,0,0,0,0,0,0,0,0,0,0,0,0,0,0,0,0,0,0,0,0,0,0,0,0,0,0,"env"
"campaigncc, TheCCoalition/2010-12-04","2010-12-04","campaigncc, TheCCoalition","Organised, Participated","Protest","Before event day","Yes","No","No","No","No","Public space","National Climate March","","march","Hyde Park","2010-11-02",14,7.46997518152736,0,0,0,0,0,0,0,0,0,0,0,0,0,0,0,0,0,0,0,0,0,0,0,0,0,0,0,0,0,0,0,0,"env"
"Ukuncut/2010-12-04","2010-12-04","Ukuncut","Organised","Protest","Before event day","Yes","Yes","No","No","No","Company site","national day of action, oppose tax dodgers","","mass civil disobedience","Birmingham","2010-11-12",35,26.0669716904644,15,9,13,7,1,0,8,0,0,0,3,0,1,1,1,0,0,0,0,0,7,0,0,0,1,0,1,0,0,0,0,0,"pov"
"Ukuncut/2010-12-07","2010-12-07","Ukuncut","Organised","Protest","Before event day","Yes","No","No","No","No","Company site","","","demonstration","St Albans, Vodafone","2010-12-06",8,3.60960183349238,0,0,0,0,0,0,0,0,0,0,0,0,0,0,0,0,0,0,0,0,0,0,0,0,0,0,0,0,0,0,0,0,"pov"
"Ukuncut/2010-12-11","2010-12-11","Ukuncut","Organised","Protest","Before event day","No","Yes","No","No","No","Company site","Can't Pay Won't Pay","","occupation, close down","London, Oxford Street, Bury St Edmunds, Vodafone, Topshop","2010-11-29",22,7.83530224861229,11,8,2,1,1,0,5,0,0,0,2,0,1,1,1,0,0,0,1,0,3,0,0,0,2,0,0,1,1,0,0,0,"pov"
"Dis_PPL_Protest/2010-12-15","2010-12-15","Dis_PPL_Protest","Organised","Protest","Before event day","Yes","No","No","Yes","No","Political site","Alternative nativity, housing, benefit cuts","","alternative nativity scene, protest","Trafalgar Sq, Downing street","2010-12-03",13,4.74661151357938,0,0,0,0,0,0,0,0,0,0,0,0,0,0,0,0,0,0,0,0,0,0,0,0,0,0,0,0,0,0,0,0,"pov"
"Ukuncut/2010-12-18","2010-12-18","Ukuncut","Organised","Protest","Before event day","Yes","Yes","No","Yes","Yes","Company site","Pay Day nationwide day of action","","mass action, protest, shutting down, glued on, dressed as santa","Oxford street, Tunbridge Wells","2010-12-10",38,22.1286820658426,13,13,10,10,3,0,2,0,0,1,1,0,1,3,2,0,0,0,3,0,2,0,0,1,1,0,1,3,2,0,0,0,"pov"
"Ukuncut/2011-01-15","2011-01-15","Ukuncut","Organised","Protest","Before event day","No","No","No","No","No","Unknown","anti-cuts","","","London","2010-12-29",2,1.70880955457687,0,0,0,0,0,0,0,0,0,0,0,0,0,0,0,0,0,0,0,0,0,0,0,0,0,0,0,0,0,0,0,0,"pov"
"Dis_PPL_Protest/2011-01-24","2011-01-24","Dis_PPL_Protest","Participated","Protest","Before event day","Yes","No","No","No","No","Public space","Against benefit cuts","","picnic and party","Triton Sq., London","2011-01-12",6,3.2798018604517,0,0,0,0,0,0,0,0,0,0,0,0,0,0,0,0,0,0,0,0,0,0,0,0,0,0,0,0,0,0,0,0,"pov"
"Ukuncut/2011-01-29","2011-01-29","Ukuncut","Organised","Protest","Before event day","Yes","No","No","No","No","Unknown","#ukuncut National Action Day, oppose cuts","","march","","2011-01-22",9,6.43354953409839,2,0,1,0,0,0,2,0,0,0,0,0,0,0,0,0,0,0,0,0,0,0,0,0,0,0,0,0,0,0,0,0,"pov"
"the_TUC/2011-01-29","2011-01-29","the_TUC","Organised","Protest","Before event day","Yes","No","No","No","No","Public space","Future that Works","","rally","Platt Fields Park, Manchester","2011-01-04",7,4.4303319901228,15,10,9,5,1,0,8,2,1,0,1,0,0,2,0,0,0,0,1,0,6,2,1,0,0,0,0,0,0,0,0,0,"pov"
"Ukuncut/2011-01-30","2011-01-30","Ukuncut","Organised","Protest","Before event day","Yes","Yes","No","No","Yes","Company site","against tax dodgers","","refuse to move, shut down","Boots, Vodafone","2011-01-15",40,17.293167785479,5,4,3,3,0,0,5,0,0,0,0,0,0,0,0,0,0,0,0,0,4,0,0,0,0,0,0,0,0,0,0,0,"pov"
"EquityUK/2011-02-09","2011-02-09","EquityUK","Organised","Protest","Before event day","Yes","No","No","No","No","Public space","oppose cuts to arts funding","","protest, rally","Westminster","2011-01-25",7,4.52213297784328,0,0,0,0,0,0,0,0,0,0,0,0,0,0,0,0,0,0,0,0,0,0,0,0,0,0,0,0,0,0,0,0,"pov"
"Ukuncut/2011-02-10","2011-02-10","Ukuncut","Organised","Protest","Before event day","Yes","No","No","No","No","Court","solidarity with those arrested in student demo","","demonstration","Westminster Magistrates Court","2011-02-07",5,2.52430249004099,1,1,1,1,0,0,1,0,0,0,0,0,0,0,0,0,0,0,0,0,1,0,0,0,0,0,0,0,0,0,0,0,"pov"
"Ukuncut/2011-02-19","2011-02-19","Ukuncut","Organised","Protest","Before event day","Yes","Yes","No","Yes","No","Company site","Oppose tax avoidance","","occupation, bail in","Barclays","2011-02-08",36,14.030206608102,6,5,5,4,0,0,5,0,0,0,0,0,0,0,1,0,0,0,0,0,4,0,0,0,0,0,0,0,1,0,0,0,"pov"
"EISUnion/2011-02-19","2011-02-19","EISUnion","Organised","Protest","Before event day","No","No","No","No","No","Unknown","oppose council cuts","","protest, rally","Paisley","2011-02-18",2,1.68590945005417,0,0,0,0,0,0,0,0,0,0,0,0,0,0,0,0,0,0,0,0,0,0,0,0,0,0,0,0,0,0,0,0,"pov"
"GreenpeaceUK/2011-02-21","2011-02-21","GreenpeaceUK","Organised","Protest","After event","No","No","No","Yes","No","Company site","stop dangerous fishing practices","","dressed as sharks","Princes HQ","2011-02-21",4,0.946458304513383,0,0,0,0,0,0,0,0,0,0,0,0,0,0,0,0,0,0,0,0,0,0,0,0,0,0,0,0,0,0,0,0,"env"
"Ukuncut/2011-02-26","2011-02-26","Ukuncut","Organised","Protest","Before event day","Yes","Yes","No","Yes","No","Company site","international action day","","blockade, bail-in","Barclays, Leeds, Middlesbrough, Regent St Natwest","2011-02-15",37,15.1619079175617,5,4,3,3,0,0,4,0,1,0,0,0,0,0,0,0,0,0,0,0,3,0,1,0,0,0,0,0,0,0,0,0,"pov"
"pcs_union/2011-03-05","2011-03-05","pcs_union","Participated","Protest","Before event day","No","No","No","No","No","Public space","oppose cuts","1500","rally","Cardiff","2011-03-04",4,3.30242753043445,0,0,0,0,0,0,0,0,0,0,0,0,0,0,0,0,0,0,0,0,0,0,0,0,0,0,0,0,0,0,0,0,"pov"
"Ukuncut/2011-03-07","2011-03-07","Ukuncut","Organised","Protest","After event","No","Yes","No","No","No","Company site","","","action inside company space","Barclays HQ, Tower Hamlets","2011-03-07",1,0.889129161834717,1,1,1,1,0,0,1,0,0,0,0,0,0,0,0,0,0,0,0,0,1,0,0,0,0,0,0,0,0,0,0,0,"pov"
"CNDuk/2011-03-12","2011-03-12","CNDuk","Organised","Protest","Before event day","Yes","No","No","No","No","Political site","No to military intervention in Libya","","demonstration","Downing Street","2011-03-10",3,1.73774148371802,0,0,0,0,0,0,0,0,0,0,0,0,0,0,0,0,0,0,0,0,0,0,0,0,0,0,0,0,0,0,0,0,"env"
"Dis_PPL_Protest/2011-03-12","2011-03-12","Dis_PPL_Protest","Participated","Protest","Before event day","Yes","No","No","No","No","Political site","Mothers March and Speak Out","","march","Sheffield, Lib Dem conference","2011-02-19",2,1.66807210445404,0,0,0,0,0,0,0,0,0,0,0,0,0,0,0,0,0,0,0,0,0,0,0,0,0,0,0,0,0,0,0,0,"pov"
"CNDuk/2011-03-18","2011-03-18","CNDuk","Organised","Protest","On day, before event","Yes","No","No","No","No","Political site","No Military Intervention in Libya","","action","Downing Street","2011-03-18",1,0.825833678245544,1,1,1,1,0,0,1,0,0,0,0,0,0,0,0,0,0,0,0,0,1,0,0,0,0,0,0,0,0,0,0,0,"env"
"Ukuncut/2011-03-19","2011-03-19","Ukuncut","Organised","Protest","Before event day","Yes","No","No","Yes","No","Public space","rock the banks action","","bail-in","Oxford street","2011-03-13",7,3.21360189471025,1,1,1,1,0,0,1,0,0,0,0,0,0,0,0,0,0,0,0,0,1,0,0,0,0,0,0,0,0,0,0,0,"pov"
"CNDuk/2011-03-20","2011-03-20","CNDuk","Organised","Protest","On day, before event","Yes","No","No","Yes","No","Political site","Stop the bombing of Libya, sympathy for Fukushima victims","","protest, vigil","Downing Street","2011-03-20",3,2.35193180998138,0,0,0,0,0,0,0,0,0,0,0,0,0,0,0,0,0,0,0,0,0,0,0,0,0,0,0,0,0,0,0,0,"env"
"campaigncc/2011-03-20","2011-03-20","campaigncc","Organised","Protest","Before event day","Yes","No","No","No","No","Unknown","‘Saving our Forests’ National Day of Action","","","","2011-03-15",2,1.39140218496323,0,0,0,0,0,0,0,0,0,0,0,0,0,0,0,0,0,0,0,0,0,0,0,0,0,0,0,0,0,0,0,0,"env"
"CNDuk/2011-03-23","2011-03-23","CNDuk","Organised","Protest","Before event day","Yes","No","No","No","No","Public space","Cut trident not jobs, health & education","","march, protest","Trafalgar Square, London, Downing Street","2011-03-21",4,2.68971909549228,0,0,0,0,0,0,0,0,0,0,0,0,0,0,0,0,0,0,0,0,0,0,0,0,0,0,0,0,0,0,0,0,"env"
"CNDuk, friends_earth/2011-03-26","2011-03-26","CNDuk, friends_earth","Participated, Participated","Protest","Before event day","Yes","No","No","No","No","Public space","March for the Alternative, anti-cuts","","march, demonstration, rally","London","2011-03-19",7,2.95675772542522,1,1,0,0,0,0,1,0,0,0,0,0,0,0,0,0,0,0,0,0,1,0,0,0,0,0,0,0,0,0,0,0,"env"
"ASLEFunion, bectu, Dis_PPL_Protest, EquityUK, NASUWT, pcs_union, the_TUC, theRCN, unisontheunion, unitetheunion/2011-03-26","2011-03-26","ASLEFunion, bectu, Dis_PPL_Protest, EquityUK, NASUWT, pcs_union, the_TUC, theRCN, unisontheunion, unitetheunion","Participated, Participated, Participated, Participated, Participated, Participated, Participated, Participated, Participated, Organised","Protest","Before event day","Yes","No","No","No","No","Public space","March for the Alternative, TUC rally, against cuts","1000s","demonstration","London","2010-12-21",191,128.694472958452,212,172,127,98,19,7,84,10,24,7,16,0,15,21,9,0,0,0,14,7,63,6,21,7,14,0,14,18,8,0,0,0,"pov"
"Ukuncut/2011-03-26","2011-03-26","Ukuncut","Organised","Protest","Before event day","Yes","Yes","No","Yes","Yes","Company site","Occupy For The Alternative","","occupation, set up an NHS inside","Vodafone, Fortnum and Mason, Boots, London, Liverpool","2011-02-01",21,9.01003405386164,100,32,79,24,14,5,43,5,10,0,7,0,5,10,1,0,0,0,6,0,15,2,3,0,2,0,1,3,0,0,0,0,"pov"
"CNDuk/2011-03-29","2011-03-29","CNDuk","Organised","Protest","Before event day","Yes","No","No","No","No","Political site","Stop the bombing","","demonstration","Outside 'regime change' conference","2011-03-28",1,0.891912639141083,0,0,0,0,0,0,0,0,0,0,0,0,0,0,0,0,0,0,0,0,0,0,0,0,0,0,0,0,0,0,0,0,"env"
"Ukuncut/2011-04-02","2011-04-02","Ukuncut","Organised","Protest","Before event day","Yes","No","No","No","No","Public space","Stop the tax cheats, stop the cuts","","march, rally, demonstration","Bangor, high street, Edinburgh, Wellington statue, Bristol","2011-03-30",8,3.25444363024091,14,1,1,0,5,0,6,2,1,0,0,0,0,0,0,0,0,0,0,0,1,0,0,0,0,0,0,0,0,0,0,0,"pov"
"GreenpeaceUK/2011-04-14","2011-04-14","GreenpeaceUK","Participated","Protest","After event","No","No","No","No","No","Company site","","","protest","BP AGM, London","2011-04-14",7,2.68487999613991,0,0,0,0,0,0,0,0,0,0,0,0,0,0,0,0,0,0,0,0,0,0,0,0,0,0,0,0,0,0,0,0,"env"
"Dis_PPL_Protest/2011-04-14","2011-04-14","Dis_PPL_Protest","Participated","Protest","Before event day","No","No","No","No","No","Company site","Stop the lies (Daily Mail), oppose cuts","","demonstration, protest","Daily Mail HQ","2011-03-09",14,6.41993583026261,1,1,1,1,0,0,1,0,0,0,0,0,0,0,0,0,0,0,0,0,1,0,0,0,0,0,0,0,0,0,0,0,"pov"
"liberatetate/2011-04-17","2011-04-17","liberatetate","Participated","Protest","Before event day","Yes","No","No","Yes","No","Entertainment/cultural","The Great BP-sponsored Sleep-in Flash Mob","","Sleep-in Flash Mob","Tate Modern","2011-04-08",3,1.13242575554401,0,0,0,0,0,0,0,0,0,0,0,0,0,0,0,0,0,0,0,0,0,0,0,0,0,0,0,0,0,0,0,0,"env"
"pcs_union/2011-04-18","2011-04-18","pcs_union","Organised","Strike","Before event day","No","No","No","No","No","Other","Jobcentre Plus call centres strike","1000s","","Jobcentre Plus call centres","2011-04-08",4,1.97671043081166,5,5,4,4,0,2,0,2,1,0,0,0,0,0,0,0,0,0,0,2,0,2,1,0,0,0,0,0,0,0,0,0,"pov"
"CNDuk/2011-04-19","2011-04-19","CNDuk","Organised","Protest","Before event day","Yes","No","No","No","No","Political site","Stop the Bombing of Libya","","protest","Downing Street","2011-04-18",5,4.00744891170944,0,0,0,0,0,0,0,0,0,0,0,0,0,0,0,0,0,0,0,0,0,0,0,0,0,0,0,0,0,0,0,0,"env"
"campaigncc/2011-04-21","2011-04-21","campaigncc","Organised","Protest","Before event day","Yes","No","No","No","No","Political site","climate demo","","demonstration","outside BIS","2011-04-20",1,0.849318563938141,0,0,0,0,0,0,0,0,0,0,0,0,0,0,0,0,0,0,0,0,0,0,0,0,0,0,0,0,0,0,0,0,"env"
"GreenpeaceUK/2011-04-22","2011-04-22","GreenpeaceUK","Organised","Protest","After event","No","Yes","No","No","No","Company site","Oppose Arctic drilling","","occupation","Cairn's Arctic rig","2011-04-22",2,1.09755997359753,1,1,1,1,0,0,1,0,0,0,0,0,0,0,0,0,0,0,0,0,1,0,0,0,0,0,0,0,0,0,0,0,"env"
"CNDuk/2011-04-23","2011-04-23","CNDuk","Organised","Protest","Before event day","Yes","No","No","No","No","Company site","No to Nuclear","","protest","Sizewell","2011-04-20",1,0.839022815227509,0,0,0,0,0,0,0,0,0,0,0,0,0,0,0,0,0,0,0,0,0,0,0,0,0,0,0,0,0,0,0,0,"env"
"climatecamp/2011-05-03","2011-05-03","climatecamp","Organised","Protest","Before event day","Yes","No","No","No","No","Company site","Oppose use of phrase 'radical media'","","demonstration","outside radical media office","2011-04-27",2,0.977679562003235,0,0,0,0,0,0,0,0,0,0,0,0,0,0,0,0,0,0,0,0,0,0,0,0,0,0,0,0,0,0,0,0,"env"
"pcs_union/2011-05-04","2011-05-04","pcs_union","Organised","Strike","Before event day","No","No","No","No","No","Other","EHRC workers strike","","walk out, strike","Cardiff","2011-05-03",4,2.20452506840229,1,1,1,1,0,0,1,0,0,0,0,0,0,0,0,0,0,0,0,0,1,0,0,0,0,0,0,0,0,0,0,0,"pov"
"NASUWT/2011-05-05","2011-05-05","NASUWT","Organised","Strike","Before event day","No","No","No","No","No","Other","Friesland School strike, oppose academy conversion, oppose compulsory redundancies","","strike","Derby","2011-05-03",2,1.41139805316925,0,0,0,0,0,0,0,0,0,0,0,0,0,0,0,0,0,0,0,0,0,0,0,0,0,0,0,0,0,0,0,0,"pov"
"Dis_PPL_Protest/2011-05-09","2011-05-09","Dis_PPL_Protest","Organised","Protest","Before event day","Yes","No","No","No","No","Company site","National Week of Action Against Atos Origin","","picnic and party","Triton sq, Atos HQ","2011-04-18",13,5.60803323260143,0,0,0,0,0,0,0,0,0,0,0,0,0,0,0,0,0,0,0,0,0,0,0,0,0,0,0,0,0,0,0,0,"pov"
"pcs_union/2011-05-11","2011-05-11","pcs_union","Participated","Strike","Before event day","No","No","No","No","No","Other","EHRC workers strike","","strike","","2011-05-10",3,2.23162937164307,0,0,0,0,0,0,0,0,0,0,0,0,0,0,0,0,0,0,0,0,0,0,0,0,0,0,0,0,0,0,0,0,"pov"
"campaigncc/2011-05-16","2011-05-16","campaigncc","Organised","Protest","Before event day","Yes","No","No","No","No","Political site","oppose inadequacy of Climate Bill targets","","demonstration, protest","liberal democrats party HQ","2011-05-10",4,2.99948170781136,0,0,0,0,0,0,0,0,0,0,0,0,0,0,0,0,0,0,0,0,0,0,0,0,0,0,0,0,0,0,0,0,"env"
"CNDuk/2011-05-16","2011-05-16","CNDuk","Organised","Protest","On day, before event","Yes","No","No","No","No","Political site","Oppose NATO bombing","","protest","Downing Street","2011-05-16",2,1.7397803068161,0,0,0,0,0,0,0,0,0,0,0,0,0,0,0,0,0,0,0,0,0,0,0,0,0,0,0,0,0,0,0,0,"env"
"SaveTheNHS/2011-05-17","2011-05-17","SaveTheNHS","Organised","Protest","Before event day","Yes","No","No","No","No","Public space","Save the NHS","","march","Gower street, London","2011-04-21",4,3.48957753181458,0,0,0,0,0,0,0,0,0,0,0,0,0,0,0,0,0,0,0,0,0,0,0,0,0,0,0,0,0,0,0,0,"pov"
"CNDuk/2011-05-24","2011-05-24","CNDuk","Organised","Protest","Before event day","Yes","No","No","No","No","Political site","Oppose bombing Libya","","protest","Buckingham Palace","2011-05-19",3,2.34559911489487,1,1,0,0,1,0,0,0,0,0,0,0,0,0,0,0,0,0,1,0,0,0,0,0,0,0,0,0,0,0,0,0,"env"
"GreenpeaceUK/2011-05-26","2011-05-26","GreenpeaceUK","Organised","Protest","After event","No","Yes","No","Yes","No","Political site","Save the Arctic, Paula Bear, demand oil spill response plan","","block entrance, giant polar bear prop","Cairn Energy Edinburgh HQ","2011-05-26",3,0.946413711173309,0,0,0,0,0,0,0,0,0,0,0,0,0,0,0,0,0,0,0,0,0,0,0,0,0,0,0,0,0,0,0,0,"env"
"Ukuncut/2011-05-28","2011-05-28","Ukuncut","Organised","Protest","Before event day","Yes","Yes","No","No","Yes","Public space","","","protest, action","Manchester, Edinburgh, Homerton Hospital","2011-05-16",24,10.2099915203547,10,7,6,4,0,0,9,0,1,0,0,0,0,0,0,0,0,0,0,0,6,0,1,0,0,0,0,0,0,0,0,0,"pov"
"GreenpeaceUK/2011-06-04","2011-06-04","GreenpeaceUK","Organised","Protest","After event","No","Yes","No","No","No","Company site","Save the Arctic","<15","activists board oil rig, shut down drilling","Cairn's Arctic oil rig","2011-06-04",2,0.513952016830445,0,0,0,0,0,0,0,0,0,0,0,0,0,0,0,0,0,0,0,0,0,0,0,0,0,0,0,0,0,0,0,0,"env"
"ClimateRush/2011-06-07","2011-06-07","ClimateRush","Organised","Protest","After event","No","No","No","No","No","Political site","","","knocked on politicians' doors","Politicians' houses (Philip Hammond, Vince Cable, Chris Huhne)","2011-06-07",3,1.52418293058872,0,0,0,0,0,0,0,0,0,0,0,0,0,0,0,0,0,0,0,0,0,0,0,0,0,0,0,0,0,0,0,0,"env"
"GreenpeaceUK/2011-06-08","2011-06-08","GreenpeaceUK","Organised","Protest","After event","No","No","No","Yes","No","Public space","Oppose Barbie plastic harm to environment","","guerilla advertising","London, Piccadilly circus","2011-06-08",4,1.07073653905652,0,0,0,0,0,0,0,0,0,0,0,0,0,0,0,0,0,0,0,0,0,0,0,0,0,0,0,0,0,0,0,0,"env"
"internaware/2011-06-08","2011-06-08","internaware","Organised","Protest","Before event day","Yes","No","No","No","No","Political site","interns rights","","rally, protest","House of Commons","2011-06-01",12,6.3112212381068,0,0,0,0,0,0,0,0,0,0,0,0,0,0,0,0,0,0,0,0,0,0,0,0,0,0,0,0,0,0,0,0,"pov"
"ClimateRush/2011-06-14","2011-06-14","ClimateRush","Organised","Protest","After event","No","No","No","No","No","Unknown","Oppose BP sponsorship","","protest","","2011-06-14",1,0.805598318576813,0,0,0,0,0,0,0,0,0,0,0,0,0,0,0,0,0,0,0,0,0,0,0,0,0,0,0,0,0,0,0,0,"env"
"campaigncc, climatecamp/2011-06-18","2011-06-18","campaigncc, climatecamp","Participated, Participated","Protest","Before event day","Yes","No","No","No","No","Embassy","International stop the tar sands day","","demonstration","Canadian high commission","2011-04-23",7,2.49003566697012,0,0,0,0,0,0,0,0,0,0,0,0,0,0,0,0,0,0,0,0,0,0,0,0,0,0,0,0,0,0,0,0,"env"
"CNDuk/2011-06-28","2011-06-28","CNDuk","Participated","Protest","Before event day","Yes","No","No","No","No","Political site","oppose bombing of Libya","","protest","Downing Street","2011-06-21",3,2.28620606660843,0,0,0,0,0,0,0,0,0,0,0,0,0,0,0,0,0,0,0,0,0,0,0,0,0,0,0,0,0,0,0,0,"env"
"Dis_PPL_Protest/2011-06-29","2011-06-29","Dis_PPL_Protest","Organised","Protest","Before event day","Yes","No","No","No","No","Public space","Reverse the Bias Towards Segregation","","demonstration, noisy march","Westminster Square","2011-05-11",3,1.84714347158481,0,0,0,0,0,0,0,0,0,0,0,0,0,0,0,0,0,0,0,0,0,0,0,0,0,0,0,0,0,0,0,0,"pov"
"CNDuk/2011-06-30","2011-06-30","CNDuk","Organised","Protest","Before event day","Yes","No","No","No","No","Public space","Cut trident","","protest","","2011-06-28",3,1.89488854818046,0,0,0,0,0,0,0,0,0,0,0,0,0,0,0,0,0,0,0,0,0,0,0,0,0,0,0,0,0,0,0,0,"env"
"pcs_union/2011-06-30","2011-06-30","pcs_union","Organised","Both","Before event day","Yes","No","No","No","No","Public space","pensions, job cuts and the pay freeze","","strike, rally","Barnsley, Shrewsbury, Doncaster, Wakefield, Hastings, Manchester, Norwich, Preston, London, Bristol, Plymouth, Truro, Brighton, Bradford, Carlisle, Colchester, Glasgow","2011-05-18",52,27.5826817468422,179,164,59,53,16,22,44,6,14,16,15,0,18,21,7,0,0,0,16,22,39,6,14,14,14,0,14,20,5,0,0,0,"pov"
"Ukuncut/2011-06-30","2011-06-30","Ukuncut","Organised","Protest","Before event day","Yes","No","No","No","No","Public space","Big Society Breakfast","","direct action, support picketers in strike","","2011-05-28",7,4.67010459290831,11,3,5,2,2,0,5,0,1,0,2,0,0,1,0,0,0,0,0,0,3,0,0,0,0,0,0,0,0,0,0,0,"pov"
"CNDuk/2011-07-12","2011-07-12","CNDuk","Organised","Protest","Before event day","Yes","No","No","No","No","Public space","Stop Bombing Libya","","protest, demonstration","Old Palace Yard (opposite Parliament)","2011-07-04",3,1.99828177690506,0,0,0,0,0,0,0,0,0,0,0,0,0,0,0,0,0,0,0,0,0,0,0,0,0,0,0,0,0,0,0,0,"env"
"ClimateRush/2011-07-13","2011-07-13","ClimateRush","Organised","Protest","Before event day","Yes","Yes","No","Yes","No","Public space","","","road block, marching band, protest","Soho square","2011-07-08",11,5.41418785455794,0,0,0,0,0,0,0,0,0,0,0,0,0,0,0,0,0,0,0,0,0,0,0,0,0,0,0,0,0,0,0,0,"env"
"NASUWT/2011-07-14","2011-07-14","NASUWT","Organised","Strike","Before event day","No","No","No","No","No","Other","Tywyn Secondary School strike, pay cuts","","strike","Tywyn Secondary School, Gwynedd","2011-07-13",1,0.890176355838776,0,0,0,0,0,0,0,0,0,0,0,0,0,0,0,0,0,0,0,0,0,0,0,0,0,0,0,0,0,0,0,0,"pov"
"GreenpeaceUK/2011-07-18","2011-07-18","GreenpeaceUK","Organised","Protest","After event","No","Yes","No","Yes","No","Company site","demand oil spill response plan","","occupation, polar bear props","Cairn office","2011-07-18",4,2.68347010016441,9,9,9,9,2,1,1,0,0,2,0,1,1,1,0,0,0,0,2,1,1,0,0,2,0,1,1,1,0,0,0,0,"env"
"ClimateRush/2011-07-19","2011-07-19","ClimateRush","Organised","Protest","On day, before event","Yes","No","No","No","No","Public space","Murdoch protest","","protest","Old Palace Yard (opposite Parliament)","2011-07-19",3,1.07689249515533,0,0,0,0,0,0,0,0,0,0,0,0,0,0,0,0,0,0,0,0,0,0,0,0,0,0,0,0,0,0,0,0,"env"
"NASUWT/2011-07-20","2011-07-20","NASUWT","Organised","Strike","Before event day","No","No","No","No","No","Other","Whickham School and Sports College, oppose academy conversion","","strike","Whickham School and Sports College, Newcastle-upon-Tyne","2011-07-19",4,2.49691945285416,0,0,0,0,0,0,0,0,0,0,0,0,0,0,0,0,0,0,0,0,0,0,0,0,0,0,0,0,0,0,0,0,"pov"
"Dis_PPL_Protest/2011-07-21","2011-07-21","Dis_PPL_Protest","Organised","Protest","Before event day","No","No","No","No","No","Public space","Disability rights","","protest","Chelsea and Kensington, town hall","2011-07-13",3,1.29938687384129,0,0,0,0,0,0,0,0,0,0,0,0,0,0,0,0,0,0,0,0,0,0,0,0,0,0,0,0,0,0,0,0,"pov"
"campaigncc/2011-08-03","2011-08-03","campaigncc","Participated","Protest","Before event day","Yes","No","No","No","No","Public space","anti-fracking","","demonstration","Preston","2011-07-28",3,0.895475345950012,0,0,0,0,0,0,0,0,0,0,0,0,0,0,0,0,0,0,0,0,0,0,0,0,0,0,0,0,0,0,0,0,"env"
"ClimateRush/2011-08-13","2011-08-13","ClimateRush","Organised","Protest","Before event day","Yes","No","No","No","No","Public space","Give our Kids a Future March","","march","North London","2011-08-11",1,0.846287846565247,0,0,0,0,0,0,0,0,0,0,0,0,0,0,0,0,0,0,0,0,0,0,0,0,0,0,0,0,0,0,0,0,"env"
"campaigncc/2011-09-07","2011-09-07","campaigncc","Organised","Protest","Before event day","Yes","No","No","No","No","Company site","Mystery demo against funder of climate change disinformation","","demonstration","Koch Industries HQ","2011-07-26",4,2.51933151078445,0,0,0,0,0,0,0,0,0,0,0,0,0,0,0,0,0,0,0,0,0,0,0,0,0,0,0,0,0,0,0,0,"env"
"GreenpeaceUK/2011-09-07","2011-09-07","GreenpeaceUK","Organised","Protest","After event","No","No","No","Yes","No","Company site","Oppose Volkswagon's climate delaying actions","","subvertising, projected images","Battersea power station, eco velocity green car show","2011-09-07",1,0.852441191673279,0,0,0,0,0,0,0,0,0,0,0,0,0,0,0,0,0,0,0,0,0,0,0,0,0,0,0,0,0,0,0,0,"env"
"pcs_union, unisontheunion/2011-09-07","2011-09-07","pcs_union, unisontheunion","Participated, Organised","Protest","On day, before event","No","No","No","Yes","No","Public space","NHS demo/vigil","","candlelit vigil, demonstration, protest","outside Parliament","2011-09-07",5,3.02530109104266,2,1,1,1,0,0,0,0,1,0,0,0,0,1,0,0,0,0,0,0,0,0,1,0,0,0,0,0,0,0,0,0,"pov"
"GreenpeaceUK/2011-09-10","2011-09-10","GreenpeaceUK","Organised","Protest","After event","No","Yes","No","Yes","No","Company site","Turn Volkswagen away from 'dark side'","","dress up as storm troopers, subvertising, put covers stay 'stop opposing climate action' on cars","Volkswagon dealerships","2011-09-10",6,2.85335389120005,0,0,0,0,0,0,0,0,0,0,0,0,0,0,0,0,0,0,0,0,0,0,0,0,0,0,0,0,0,0,0,0,"env"
"campaigncc/2011-09-17","2011-09-17","campaigncc","Organised","Protest","Before event day","Yes","No","No","No","No","Public space","Camp Frack, oppose shale gas drilling in Blackpool","","protest, camp","","2011-06-24",4,1.14626877745142,0,0,0,0,0,0,0,0,0,0,0,0,0,0,0,0,0,0,0,0,0,0,0,0,0,0,0,0,0,0,0,0,"env"
"Dis_PPL_Protest/2011-09-18","2011-09-18","Dis_PPL_Protest","Participated","Protest","Before event day","Yes","No","No","No","No","Public space","Right to work rally","","demonstration","","2011-09-01",9,5.49509024647568,0,0,0,0,0,0,0,0,0,0,0,0,0,0,0,0,0,0,0,0,0,0,0,0,0,0,0,0,0,0,0,0,"pov"
"ClimateRush/2011-09-22","2011-09-22","ClimateRush","Organised","Protest","Before event day","Yes","No","No","No","No","Political site","cycle/walk for London, demand cleaner and safer city","","protest","TfL offices","2011-09-14",23,2.65691027007284,0,0,0,0,0,0,0,0,0,0,0,0,0,0,0,0,0,0,0,0,0,0,0,0,0,0,0,0,0,0,0,0,"env"
"NASUWT/2011-09-29","2011-09-29","NASUWT","Organised","Strike","Before event day","No","No","No","No","No","Other","oppose academies","","strike action","Kingsbury High School, Kingsbury, London","2011-09-20",4,2.33922386177121,0,0,0,0,0,0,0,0,0,0,0,0,0,0,0,0,0,0,0,0,0,0,0,0,0,0,0,0,0,0,0,0,"pov"
"Dis_PPL_Protest, Ukuncut/2011-09-30","2011-09-30","Dis_PPL_Protest, Ukuncut","Organised, Organised","Protest","Before event day","Yes","Yes","No","No","No","Company site","Occupy atos","","occupation, protest","ATOS","2011-08-22",9,6.96509280731892,0,0,0,0,0,0,0,0,0,0,0,0,0,0,0,0,0,0,0,0,0,0,0,0,0,0,0,0,0,0,0,0,"pov"
"EISUnion/2011-10-01","2011-10-01","EISUnion","Organised","Protest","Before event day","Yes","No","No","No","No","Public space","People 1st","","march, rally, demonstration","Aberdeen, Glasgow","2011-09-29",4,3.54568356275558,0,0,0,0,0,0,0,0,0,0,0,0,0,0,0,0,0,0,0,0,0,0,0,0,0,0,0,0,0,0,0,0,"pov"
"OccupyMCR/2011-10-02","2011-10-02","OccupyMCR","Organised","Protest","Before event day","Yes","Yes","No","No","No","Public space","1st occupation","20000","occupation","Albert Square, Manchester","2011-09-02",9,5.8411595378005,1,0,1,0,0,0,1,0,0,0,0,0,0,0,0,0,0,0,0,0,0,0,0,0,0,0,0,0,0,0,0,0,"pov"
"unitetheunion/2011-10-02","2011-10-02","unitetheunion","Organised","Protest","Before event day","Yes","No","No","No","No","Political site","Manchester for the Alternative, oppose cuts","","march","Tory conference","2011-09-27",4,1.88647853583097,7,6,7,6,0,0,2,0,3,1,1,0,0,0,0,0,0,0,0,0,2,0,2,1,1,0,0,0,0,0,0,0,"pov"
"CNDuk/2011-10-03","2011-10-03","CNDuk","Organised","Protest","Before event day","Yes","Yes","No","No","No","Company site","Stop New Nuclear","","blockade","Hinkley","2011-10-02",4,2.07658129744232,0,0,0,0,0,0,0,0,0,0,0,0,0,0,0,0,0,0,0,0,0,0,0,0,0,0,0,0,0,0,0,0,"env"
"Ukuncut/2011-10-09","2011-10-09","Ukuncut","Organised","Protest","Before event day","Yes","Yes","No","No","No","Public space","oppose NHS cuts","","banner, action, occupation, block bridge, shut down","Westminster bridge","2011-09-23",20,10.0511576829027,10,9,7,6,3,0,4,0,3,0,0,0,0,0,0,0,0,0,2,0,4,0,3,0,0,0,0,0,0,0,0,0,"pov"
"campaigncc/2011-10-13","2011-10-13","campaigncc","Organised","Protest","Before event day","Yes","No","No","No","No","Political site","anti-fracking","","demonstration","DECC","2011-10-11",1,0.878747522830963,0,0,0,0,0,0,0,0,0,0,0,0,0,0,0,0,0,0,0,0,0,0,0,0,0,0,0,0,0,0,0,0,"env"
"OccupyLondon/2011-10-15","2011-10-15","OccupyLondon","Organised","Protest","Before event day","Yes","Yes","No","No","No","Public space","Occupy London","","occupation","Paternoster square, St Paul's Cathedral, London Stock Exchange","2011-09-30",20,10.0397132488518,71,62,65,56,16,3,31,1,0,1,5,0,4,8,2,0,0,0,14,3,26,1,0,1,5,0,3,8,1,0,0,0,"pov"
"OccupyMCR/2011-10-15","2011-10-15","OccupyMCR","Organised","Protest","After event","No","Yes","No","No","No","Company site","","","closed","banks, Santander, Barclays, Halifax, Vodaphone, Topman","2011-10-15",6,2.79324005544186,18,4,16,4,1,0,14,0,0,0,0,0,2,1,0,0,0,0,0,0,4,0,0,0,0,0,0,0,0,0,0,0,"pov"
"NASUWT/2011-10-18","2011-10-18","NASUWT","Organised","Strike","Before event day","No","No","No","No","No","Other","oppose academies","","strike action","Kingswinford School, Dudley","2011-10-17",5,2.40974527620955,0,0,0,0,0,0,0,0,0,0,0,0,0,0,0,0,0,0,0,0,0,0,0,0,0,0,0,0,0,0,0,0,"pov"
"Ukuncut/2011-10-24","2011-10-24","Ukuncut","Organised","Protest","Before event day","Yes","Yes","No","No","No","Political site","oppose tax avoidance, vodafone, HMRC head should resign","","occupation","HMRC","2011-10-20",8,4.21115538452451,4,5,3,4,2,0,0,0,0,0,1,0,1,0,0,0,0,0,2,0,0,0,0,0,2,0,1,0,0,0,0,0,"pov"
"NASUWT/2011-11-02","2011-11-02","NASUWT","Organised","Strike","Before event day","No","No","No","No","No","Other","redundancies","","strike action","Aldercar Community Language College, Derbyshire","2011-11-01",4,1.65368861750986,0,0,0,0,0,0,0,0,0,0,0,0,0,0,0,0,0,0,0,0,0,0,0,0,0,0,0,0,0,0,0,0,"pov"
"CNDuk/2011-11-05","2011-11-05","CNDuk","Participated","Protest","Before event day","No","No","No","No","No","Public space","Occupy LSX rally","","rally","St Paul's","2011-11-03",2,1.67701202605826,0,0,0,0,0,0,0,0,0,0,0,0,0,0,0,0,0,0,0,0,0,0,0,0,0,0,0,0,0,0,0,0,"env"
"OccupyLondon/2011-11-05","2011-11-05","OccupyLondon","Organised","Protest","On day, before event","No","No","No","No","No","Public space","solidarity with Jarrow marchers","","march","Trafalgar Square, Birdcage Walk","2011-11-05",17,5.83730184985331,11,7,3,2,3,0,5,0,1,0,0,0,2,0,0,0,0,0,3,0,4,0,0,0,0,0,0,0,0,0,0,0,"pov"
"OccupyMCR/2011-11-05","2011-11-05","OccupyMCR","Organised","Protest","Before event day","Yes","Yes","No","Yes","No","Unknown","Reoccupyation","","occupation","Wetherspoons next to peace gardens","2011-10-29",14,4.99860089353151,3,0,0,0,1,0,2,0,0,0,0,0,0,0,0,0,0,0,0,0,0,0,0,0,0,0,0,0,0,0,0,0,"pov"
"climatecamp/2011-11-06","2011-11-06","climatecamp","Organised","Protest","Before event day","Yes","No","No","No","No","Embassy","No tar sands","","action","US embassy","2011-10-12",4,0.949277261272073,0,0,0,0,0,0,0,0,0,0,0,0,0,0,0,0,0,0,0,0,0,0,0,0,0,0,0,0,0,0,0,0,"env"
"OccupyLondon/2011-11-09","2011-11-09","OccupyLondon","Participated","Protest","Before event day","Yes","No","No","Yes","No","Public space","Student demo","","demonstration, teach out","Russell Square","2011-11-08",13,5.03205239786089,21,19,11,12,2,0,14,0,0,0,0,0,0,5,0,0,0,0,2,1,11,0,0,0,0,0,0,5,0,0,0,0,"pov"
"OccupyLondon/2011-11-12","2011-11-12","OccupyLondon","Organised","Protest","Before event day","Yes","No","No","No","No","Public space","Solidarity with Egyptian Revolution","","protest","","2011-11-03",25,6.60675173315665,17,15,6,7,5,0,9,0,0,0,0,0,2,1,0,0,0,0,5,0,6,0,0,0,0,0,3,1,0,0,0,0,"pov"
"OccupyLondon/2011-11-15","2011-11-15","OccupyLondon","Organised","Protest","After event","No","Yes","No","No","Yes","Other","solidarity Occupy wall street, oppose arrests in UK","","occupation, direct action","Paternoster Square, US embassy, Bishopsgate police station","2011-11-15",11,3.60650376946153,19,17,19,17,1,1,9,0,0,0,0,0,5,0,3,0,0,0,1,1,7,0,0,0,0,0,5,0,3,0,0,0,"pov"
"transheathrow/2011-11-17","2011-11-17","transheathrow","Organised","Protest","Before event day","Yes","No","No","No","No","Court","Defend Grow Heathrow, court solidarity","","sound system, banner, placards","Uxbridge county court","2011-11-11",12,2.62414609995361,0,0,0,0,0,0,0,0,0,0,0,0,0,0,0,0,0,0,0,0,0,0,0,0,0,0,0,0,0,0,0,0,"env"
"Ukuncut/2011-11-19","2011-11-19","Ukuncut","Participated","Protest","Before event day","Yes","No","No","No","No","Public space","Don't turn back time, women's rights","","march","Temple","2011-11-18",3,2.56908655166626,0,0,0,0,0,0,0,0,0,0,0,0,0,0,0,0,0,0,0,0,0,0,0,0,0,0,0,0,0,0,0,0,"pov"
"NASUWT/2011-11-22","2011-11-22","NASUWT","Organised","Strike","Before event day","No","No","No","No","No","Other","oppose academies","","strike action","Shorefields Technology College, Liverpool","2011-11-16",3,2.1430392563343,0,0,0,0,0,0,0,0,0,0,0,0,0,0,0,0,0,0,0,0,0,0,0,0,0,0,0,0,0,0,0,0,"pov"
"Ukuncut/2011-11-22","2011-11-22","Ukuncut","Organised","Protest","Before event day","Yes","No","No","Yes","No","Public space","oppose fuel poverty","","die in","Parliament Square","2011-11-21",2,1.6728767156601,0,0,0,0,0,0,0,0,0,0,0,0,0,0,0,0,0,0,0,0,0,0,0,0,0,0,0,0,0,0,0,0,"pov"
"OccupyLondon/2011-11-26","2011-11-26","OccupyLondon","Organised","Protest","On day, before event","Yes","No","No","No","No","Embassy","Solidarity with Egyptian Revolution","","march","Egyptian embassy","2011-11-26",12,3.70803363600649,1,0,0,0,0,0,1,0,0,0,0,0,0,0,0,0,0,0,0,0,0,0,0,0,0,0,0,0,0,0,0,0,"pov"
"campaigncc/2011-11-28","2011-11-28","campaigncc","Organised","Protest","On day, before event","No","No","No","No","No","Unknown","against Koch brothers","","demonstration","","2011-11-28",1,0.827824413776398,0,0,0,0,0,0,0,0,0,0,0,0,0,0,0,0,0,0,0,0,0,0,0,0,0,0,0,0,0,0,0,0,"env"
"GreenpeaceUK/2011-11-28","2011-11-28","GreenpeaceUK","Organised","Protest","After event","No","Yes","No","Yes","No","Political site","Oppose tar sands","<15","blockade, rebrand DfT department for Tar Sands, park car in front of entrance","DfT","2011-11-28",2,0.798980988562107,0,0,0,0,0,0,0,0,0,0,0,0,0,0,0,0,0,0,0,0,0,0,0,0,0,0,0,0,0,0,0,0,"env"
"GreenpeaceUK/2011-11-29","2011-11-29","GreenpeaceUK","Organised","Protest","After event","No","No","No","Yes","No","Unknown","Save the Amazon","","samba band, protest","","2011-11-29",1,0.870658278,0,0,0,0,0,0,0,0,0,0,0,0,0,0,0,0,0,0,0,0,0,0,0,0,0,0,0,0,0,0,0,0,"env"
"EISUnion, NASUWT, OccupyLondon, pcs_union, the_TUC, theRCN, Ukuncut, unisontheunion, unitetheunion/2011-11-30","2011-11-30","EISUnion, NASUWT, OccupyLondon, pcs_union, the_TUC, theRCN, Ukuncut, unisontheunion, unitetheunion","Organised, Organised, Participated, Organised, Organised, Organised, Participated, Organised, Organised","Both","Before event day","Yes","No","No","No","No","Public space","N30 strike","","strike, demonstration","","2011-10-07",162,81.59905847061,385,378,94,90,40,28,107,10,27,40,32,0,35,38,28,0,0,0,38,28,105,10,26,40,30,0,35,38,28,0,0,0,"pov"
"EquityUK/2011-12-01","2011-12-01","EquityUK","Organised","Protest","Before event day","Yes","No","No","No","No","Public space","oppose Westminster parking charges","","protest","Palace theatre, Charing Cross Road","2011-11-22",4,3.44963878416699,0,0,0,0,0,0,0,0,0,0,0,0,0,0,0,0,0,0,0,0,0,0,0,0,0,0,0,0,0,0,0,0,"pov"
"NASUWT/2011-12-01","2011-12-01","NASUWT","Organised","Strike","Before event day","No","No","No","No","No","Other","educational standards","","action short of strike","","2011-11-21",6,3.39403153955936,5,3,5,3,0,0,0,0,0,0,0,0,2,3,0,0,0,0,0,0,0,0,0,0,0,0,2,1,0,0,0,0,"pov"
"campaigncc/2011-12-02","2011-12-02","campaigncc","Organised","Protest","Before event day","Yes","No","No","Yes","No","Public space","Symbolic Climate Refugee Camp / Vigil","","vigil","Thames foreshore","2011-11-16",3,0.789183668792248,0,0,0,0,0,0,0,0,0,0,0,0,0,0,0,0,0,0,0,0,0,0,0,0,0,0,0,0,0,0,0,0,"env"
"campaigncc/2011-12-03","2011-12-03","campaigncc","Organised","Protest","Before event day","Yes","No","No","No","No","Public space","Stand Up for Climate Justice march","","march","London","2011-11-17",4,2.50724767198404,0,0,0,0,0,0,0,0,0,0,0,0,0,0,0,0,0,0,0,0,0,0,0,0,0,0,0,0,0,0,0,0,"env"
"TheCCoalition/2011-12-03","2011-12-03","TheCCoalition","Organised","Protest","Before event day","Yes","No","No","Yes","No","Public space","Africa connect","","demonstration, drummers & dancers","Sheffield Town Hall","2011-11-23",3,1.77690279483795,0,0,0,0,0,0,0,0,0,0,0,0,0,0,0,0,0,0,0,0,0,0,0,0,0,0,0,0,0,0,0,0,"env"
"campaigncc/2011-12-09","2011-12-09","campaigncc","Organised","Protest","On day, before event","Yes","No","No","No","No","Embassy","oppose Big Oil-dominated US blocking climate progress","","protest","US embassy","2011-12-09",2,1.7319815158844,1,1,1,1,0,0,1,0,0,0,0,0,0,0,0,0,0,0,0,0,1,0,0,0,0,0,0,0,0,0,0,0,"env"
"unitetheunion/2011-12-09","2011-12-09","unitetheunion","Organised","Strike","On day, before event","No","No","No","No","No","Other","Unilever strike, defend pensions","","strike","","2011-12-09",6,2.59628336131573,9,9,4,4,0,0,2,0,1,1,0,0,1,3,1,0,0,0,0,0,2,0,1,1,0,0,1,3,1,0,0,0,"pov"
"pcs_union/2011-12-12","2011-12-12","pcs_union","Organised","Strike","Before event day","No","No","No","No","No","Other","HMRC strike, privatisation, conditions","","strike, walk out","","2011-12-09",4,2.55451543629169,2,2,2,2,0,0,0,0,1,1,0,0,0,0,0,0,0,0,0,0,0,0,1,1,0,0,0,0,0,0,0,0,"pov"
"OccupyLondon/2011-12-15","2011-12-15","OccupyLondon","Organised","Protest","Before event day","Yes","Yes","No","No","No","Other","occupy everywhere","","occupation, march","London, disused buildings","2011-12-03",14,5.71282851728714,6,5,6,5,3,0,2,0,0,0,1,0,0,0,0,0,0,0,3,0,1,0,0,0,1,0,0,0,0,0,0,0,"pov"
"Ukuncut/2011-12-17","2011-12-17","Ukuncut","Organised","Protest","Before event day","Yes","Yes","No","No","Yes","Company site","oppose tax dodging","","shut down","Topshop, hughstreet, Vodafone","2011-12-05",25,10.5667478922726,3,3,1,1,1,0,0,0,1,0,1,0,0,0,0,0,0,0,1,0,0,0,1,0,1,0,0,0,0,0,0,0,"pov"
"OccupyLondon/2011-12-18","2011-12-18","OccupyLondon","Organised","Protest","Before event day","Yes","No","No","No","No","Public space","Peace walk","","walk","Parliament Square, St Pauls","2011-12-16",18,4.75383957485495,3,2,3,2,2,0,0,0,0,0,0,0,0,1,0,0,0,0,1,0,0,0,0,0,0,0,0,1,0,0,0,0,"pov"
"OccupyLondon/2011-12-21","2011-12-21","OccupyLondon","Organised","Protest","Before event day","Yes","No","No","Yes","No","Public space","anti banks","","mass sing up","St Pauls","2011-12-20",18,4.74265689348958,0,0,0,0,0,0,0,0,0,0,0,0,0,0,0,0,0,0,0,0,0,0,0,0,0,0,0,0,0,0,0,0,"pov"
"OccupyLondon/2012-01-06","2012-01-06","OccupyLondon","Organised","Protest","Before event day","Yes","No","No","No","No","Public space","Occupy Nigeria","","rally","Charing Cross station","2012-01-04",18,5.16893706464578,1,1,1,1,0,0,1,0,0,0,0,0,0,0,0,0,0,0,0,0,1,0,0,0,0,0,0,0,0,0,0,0,"pov"
"ClimateRush/2012-01-09","2012-01-09","ClimateRush","Participated","Protest","On day, before event","No","No","No","No","No","Public space","Bikes Alive protest","","protest","Kings Cross","2012-01-09",2,1.06447397179895,0,0,0,0,0,0,0,0,0,0,0,0,0,0,0,0,0,0,0,0,0,0,0,0,0,0,0,0,0,0,0,0,"env"
"unitetheunion/2012-01-13","2012-01-13","unitetheunion","Organised","Protest","Before event day","Yes","No","No","No","No","Company site","Back sacked housing and repair service workers","","rally","Liverpool Mutual Homes","2012-01-10",20,16.6600740849972,0,0,0,0,0,0,0,0,0,0,0,0,0,0,0,0,0,0,0,0,0,0,0,0,0,0,0,0,0,0,0,0,"pov"
"liberatetate/2012-01-14","2012-01-14","liberatetate","Organised","Protest","Before event day","Yes","No","No","Yes","No","Company site","Corporate Occupation of the Arts","","performance, Arctic ice carried from stock exchange to tate","LSX, Tate","2012-01-05",5,2.46817557520769,0,0,0,0,0,0,0,0,0,0,0,0,0,0,0,0,0,0,0,0,0,0,0,0,0,0,0,0,0,0,0,0,"env"
"pcs_union/2012-01-16","2012-01-16","pcs_union","Organised","Strike","On day, before event","No","No","No","No","No","Other","HMRC, privatisation","","walk out, strike","","2012-01-16",5,2.40167932212353,3,1,3,1,2,0,0,0,0,0,1,0,0,0,0,0,0,0,0,0,0,0,0,0,1,0,0,0,0,0,0,0,"pov"
"Dis_PPL_Protest/2012-01-17","2012-01-17","Dis_PPL_Protest","Organised","Protest","Before event day","No","No","No","Yes","No","Political site","oppose welfare reform bill","","vigil, lobby, protest","Parliament","2012-01-15",11,6.70115162422813,0,0,0,0,0,0,0,0,0,0,0,0,0,0,0,0,0,0,0,0,0,0,0,0,0,0,0,0,0,0,0,0,"pov"
"pcs_union/2012-01-19","2012-01-19","pcs_union","Organised","Both","Before event day","No","No","No","No","No","Entertainment/cultural","anti-cuts","","strike, demonstration","National Gallery","2012-01-18",8,4.51545161391045,5,5,2,2,2,0,0,0,0,0,0,0,1,2,0,0,0,0,2,0,0,0,0,0,0,0,1,2,0,0,0,0,"pov"
"Dis_PPL_Protest/2012-01-20","2012-01-20","Dis_PPL_Protest","Organised","Protest","Before event day","No","No","No","No","No","Public space","against cuts to disability benefits","","protest","Leamington Spa","2011-12-28",9,3.85723969340324,1,0,1,0,0,0,1,0,0,0,0,0,0,0,0,0,0,0,0,0,0,0,0,0,0,0,0,0,0,0,0,0,"pov"
"pcs_union/2012-01-23","2012-01-23","pcs_union","Organised","Protest","Before event day","Yes","No","No","No","No","Public space","oppose DVLA job cuts","","demonstration","Sheffield","2012-01-20",3,2.53806245290704,0,0,0,0,0,0,0,0,0,0,0,0,0,0,0,0,0,0,0,0,0,0,0,0,0,0,0,0,0,0,0,0,"pov"
"unitetheunion/2012-01-24","2012-01-24","unitetheunion","Organised","Both","On day, before event","No","No","No","No","No","Other","ABP Immingham Docks strike and rally","","rally, strike","ABP Immingham Docks","2012-01-24",8,3.38990009173727,0,0,0,0,0,0,0,0,0,0,0,0,0,0,0,0,0,0,0,0,0,0,0,0,0,0,0,0,0,0,0,0,"pov"
"Dis_PPL_Protest, Ukuncut/2012-01-28","2012-01-28","Dis_PPL_Protest, Ukuncut","Organised, Organised","Protest","Before event day","Yes","Yes","No","No","No","Public space","Invisible Invincible action","","disruptive action, protest","Oxford Circus, Holborn","2012-01-21",48,31.3439685113752,4,5,2,3,0,0,2,0,1,0,1,0,0,0,0,0,0,0,0,0,3,0,1,0,1,0,0,0,0,0,0,0,"pov"
"Dis_PPL_Protest/2012-02-01","2012-02-01","Dis_PPL_Protest","Organised","Protest","On day, before event","Yes","No","No","Yes","No","Public space","oppose Welfare bill, Stop Welfare Reform","","vigil, protest","outside Parliament","2012-02-01",10,4.70584669688327,0,0,0,0,0,0,0,0,0,0,0,0,0,0,0,0,0,0,0,0,0,0,0,0,0,0,0,0,0,0,0,0,"pov"
"Dis_PPL_Protest/2012-02-03","2012-02-03","Dis_PPL_Protest","Organised","Protest","On day, before event","No","No","No","No","No","Company site","oppose ATOS","","protest","Triton Square, ATOS building","2012-02-03",2,1.30046874284744,0,0,0,0,0,0,0,0,0,0,0,0,0,0,0,0,0,0,0,0,0,0,0,0,0,0,0,0,0,0,0,0,"pov"
"OccupyLondon/2012-02-03","2012-02-03","OccupyLondon","Organised","Protest","Before event day","Yes","No","No","No","No","Public space","Oppose bankers bonuses","","protest","St Paul's","2012-02-02",2,1.01930144429207,2,2,1,1,0,0,1,0,0,0,0,0,1,0,0,0,0,0,0,0,1,0,0,0,0,0,1,0,0,0,0,0,"pov"
"unitetheunion/2012-02-08","2012-02-08","unitetheunion","Organised","Protest","Before event day","No","No","No","No","No","Unknown","university staff oppose lousy pay offer","","demonstration","","2012-02-06",9,2.21781307463353,0,0,0,0,0,0,0,0,0,0,0,0,0,0,0,0,0,0,0,0,0,0,0,0,0,0,0,0,0,0,0,0,"pov"
"moveyourmoneyuk/2012-02-10","2012-02-10","moveyourmoneyuk","Organised","Protest","Before event day","Yes","No","No","Yes","No","Company site","oppose banker bonuses at Barclays","40","protest, queue outside","Barclays, Holborn","2012-02-04",23,5.28930060466141,2,2,2,2,0,0,1,1,0,0,0,0,0,0,0,0,0,0,0,0,1,1,0,0,0,0,0,0,0,0,0,0,"pov"
"ClimateRush/2012-02-14","2012-02-14","ClimateRush","Organised","Protest","Before event day","No","No","No","No","No","Company site","Dump Shell","","protest, picnic","Waitrose","2012-02-13",4,0.897223992246488,0,0,0,0,0,0,0,0,0,0,0,0,0,0,0,0,0,0,0,0,0,0,0,0,0,0,0,0,0,0,0,0,"env"
"GreenpeaceUK/2012-02-21","2012-02-21","GreenpeaceUK","Organised","Protest","After event","No","Yes","No","No","Yes","Company site","Save the Arctic","","climb on roof","National Gallery","2012-02-21",3,1.01478995036458,1,1,1,1,1,0,0,0,0,0,0,0,0,0,0,0,0,0,1,0,0,0,0,0,0,0,0,0,0,0,0,0,"env"
"Ukuncut/2012-02-21","2012-02-21","Ukuncut","Organised","Protest","Before event day","Yes","No","No","No","No","Public space","oppose £50 million in budget cuts","","","Weston Super Mare town hall","2012-02-19",3,1.65112908908279,0,0,0,0,0,0,0,0,0,0,0,0,0,0,0,0,0,0,0,0,0,0,0,0,0,0,0,0,0,0,0,0,"pov"
"unitetheunion/2012-02-22","2012-02-22","unitetheunion","Organised","Protest","Before event day","No","No","No","No","No","Unknown","oppose EHRC cuts to job and services","","protest","","2012-02-19",4,2.60741693899035,1,1,1,1,0,1,0,0,0,0,0,0,0,0,0,0,0,0,0,1,0,0,0,0,0,0,0,0,0,0,0,0,"pov"
"ClimateRush/2012-02-23","2012-02-23","ClimateRush","Organised","Protest","After event","No","No","No","Yes","No","Company site","Dump Shell","","activist covered their self in oil","Waitroise","2012-02-23",8,4.89864203772446,0,0,0,0,0,0,0,0,0,0,0,0,0,0,0,0,0,0,0,0,0,0,0,0,0,0,0,0,0,0,0,0,"env"
"moveyourmoneyuk/2012-02-23","2012-02-23","moveyourmoneyuk","Organised","Protest","Before event day","Yes","No","No","Yes","No","Company site","Better bailout, oppose banker bonuses","","collective action","RBS near Holborn","2012-01-31",19,3.60841685113977,0,0,0,0,0,0,0,0,0,0,0,0,0,0,0,0,0,0,0,0,0,0,0,0,0,0,0,0,0,0,0,0,"pov"
"Ukuncut/2012-02-27","2012-02-27","Ukuncut","Organised","Protest","After event","No","Yes","No","No","Yes","Public space","Oppose NHS bill","","road block","outside Parliament","2012-02-27",7,4.08276339260842,6,7,6,7,0,0,3,0,0,0,0,0,1,2,0,0,0,0,2,0,2,0,0,0,0,0,1,2,0,0,0,0,"pov"
"Ukuncut/2012-02-28","2012-02-28","Ukuncut","Organised","Protest","Before event day","Yes","No","No","No","No","Public space","oppose Harringey Council job losses and cuts","","demonstration","","2012-02-27",8,3.48081165998169,0,0,0,0,0,0,0,0,0,0,0,0,0,0,0,0,0,0,0,0,0,0,0,0,0,0,0,0,0,0,0,0,"pov"
"SaveTheNHS, unisontheunion/2012-03-03","2012-03-03","SaveTheNHS, unisontheunion","Organised, Participated","Protest","Before event day","Yes","No","No","No","No","Public space","Save our NHS, drop the bill","","rally","Southampton, Norwich, Manchester","2012-02-22",13,9.8637213413141,0,0,0,0,0,0,0,0,0,0,0,0,0,0,0,0,0,0,0,0,0,0,0,0,0,0,0,0,0,0,0,0,"pov"
"Dis_PPL_Protest/2012-03-03","2012-03-03","Dis_PPL_Protest","Organised","Protest","Before event day","Yes","No","No","No","No","Public space","Boycott Workfare Day of Action","","picket, protest","Brighton, Bristol, Cardiff, Edinburgh, Leeds, Glasgow, Lincoln, Liverpool, London, Newcastle, Oxford, Sheffield, Tonbridge Wells","2012-02-24",5,3.78019201755524,0,0,0,0,0,0,0,0,0,0,0,0,0,0,0,0,0,0,0,0,0,0,0,0,0,0,0,0,0,0,0,0,"pov"
"ClimateRush/2012-03-06","2012-03-06","ClimateRush","Participated","Protest","Before event day","Yes","Yes","No","Yes","No","Company site","Dump Shell","","sit in, occupy oil aisle","Waitroise","2012-02-23",6,2.88045416091016,0,0,0,0,0,0,0,0,0,0,0,0,0,0,0,0,0,0,0,0,0,0,0,0,0,0,0,0,0,0,0,0,"env"
"MidwivesRCM, SaveTheNHS, unisontheunion, unitetheunion/2012-03-07","2012-03-07","MidwivesRCM, SaveTheNHS, unisontheunion, unitetheunion","Participated, Organised, Organised, Organised","Protest","Before event day","Yes","No","No","No","No","Public space","Save our NHS, scrap the bill","","rally, mass action","London","2012-01-31",64,40.9244243242157,7,5,5,4,0,0,5,0,2,0,0,0,0,0,0,0,0,0,0,0,4,0,1,0,0,0,0,0,0,0,0,0,"pov"
"unisontheunion/2012-03-08","2012-03-08","unisontheunion","Organised","Protest","Before event day","Yes","No","No","No","No","Other","demand living wage at South Bank University","","rally, day of action","South Bank University","2012-03-02",3,2.63626635054303,0,0,0,0,0,0,0,0,0,0,0,0,0,0,0,0,0,0,0,0,0,0,0,0,0,0,0,0,0,0,0,0,"pov"
"unisontheunion/2012-03-13","2012-03-13","unisontheunion","Participated","Protest","Before event day","Yes","No","No","No","No","Public space","Speak up for libraries","","rally, lobby","Westminster","2012-01-13",7,2.6223678300603,3,4,2,2,0,0,3,0,0,0,0,0,0,0,0,0,0,0,0,0,4,0,0,0,0,0,0,0,0,0,0,0,"pov"
"ClimateRush/2012-03-14","2012-03-14","ClimateRush","Organised","Protest","Before event day","Yes","No","No","Yes","No","Political site","Oppose air pollution and cyclist deaths","","die in","City Hall, London","2012-03-12",2,0.979437969600372,0,0,0,0,0,0,0,0,0,0,0,0,0,0,0,0,0,0,0,0,0,0,0,0,0,0,0,0,0,0,0,0,"env"
"nusuk/2012-03-14","2012-03-14","nusuk","Organised","Both","Before event day","No","No","No","No","No","Public space","Come clean, oppose gov higher education plans","","walk out, boycott lectures","Malet street","2012-02-14",7,4.92359306663275,6,5,4,3,2,0,4,0,0,0,0,0,0,0,0,0,0,0,2,0,3,0,0,0,0,0,0,0,0,0,0,0,"pov"
"resistunite/2012-03-15","2012-03-15","resistunite","Organised","Protest","Before event day","No","No","No","No","No","Public space","Unite the Resistance rally","","rally","Conway Hall, London","2012-02-24",5,3.43794682621956,0,0,0,0,0,0,0,0,0,0,0,0,0,0,0,0,0,0,0,0,0,0,0,0,0,0,0,0,0,0,0,0,"pov"
"OccupyLondon/2012-03-17","2012-03-17","OccupyLondon","Organised","Protest","Before event day","Yes","No","No","No","No","Public space","Save our NHS","","direct action, kettled","London","2012-03-16",5,3.55515834700001,1,1,1,1,0,0,1,0,0,0,0,0,0,0,0,0,0,0,0,0,1,0,0,0,0,0,0,0,0,0,0,0,"pov"
"unisontheunion/2012-03-20","2012-03-20","unisontheunion","Organised","Protest","Before event day","No","No","No","Yes","No","Public space","Save our NHS, oppose NHS bill","","protest, candlelit vigils","Westminster","2012-03-18",2,1.45245498418808,0,0,0,0,0,0,0,0,0,0,0,0,0,0,0,0,0,0,0,0,0,0,0,0,0,0,0,0,0,0,0,0,"pov"
"campaigncc, CNDuk/2012-03-21","2012-03-21","campaigncc, CNDuk","Participated, Participated","Protest","Before event day","Yes","No","No","No","No","Political site","Budget protest, cut trident, anti-cuts","","placards, demonstration","Downing street","2012-03-20",9,2.7167335482562,0,0,0,0,0,0,0,0,0,0,0,0,0,0,0,0,0,0,0,0,0,0,0,0,0,0,0,0,0,0,0,0,"env"
"Dis_PPL_Protest, OccupyLondon, Ukuncut/2012-03-21","2012-03-21","Dis_PPL_Protest, OccupyLondon, Ukuncut","Organised, Participated, Organised","Protest","Before event day","Yes","No","No","Yes","No","Political site","Budget day protest, Austerity Isn’t Working Queue outside Downing St","800","queue outside, subvertising","Downing street","2012-03-09",48,21.7931916647968,2,2,2,2,1,0,1,0,0,0,0,0,0,0,0,0,0,0,1,0,1,0,0,0,0,0,0,0,0,0,0,0,"pov"
"NASUWT/2012-03-21","2012-03-21","NASUWT","Organised","Strike","Before event day","No","No","No","No","No","Other","oppose adverse practices","","strike","Castle Vale School","2012-03-20",2,1.20235455036163,0,0,0,0,0,0,0,0,0,0,0,0,0,0,0,0,0,0,0,0,0,0,0,0,0,0,0,0,0,0,0,0,"pov"
"pcs_union/2012-03-28","2012-03-28","pcs_union","Organised","Both","Before event day","No","No","No","No","No","Public space","teacher pensions strike","","demonstration, strike","London","2012-02-09",15,9.30701501614899,16,15,4,3,6,0,3,0,0,3,0,0,2,1,1,0,0,0,4,0,4,0,0,3,0,0,2,1,1,0,0,0,"pov"
"pcs_union/2012-03-30","2012-03-30","pcs_union","Organised","Strike","Before event day","No","No","No","No","No","Other","Merseyside jobcentres strike","","strike, picket, walkout","Merseyside jobcentres","2012-03-26",6,4.13042673460872,0,0,0,0,0,0,0,0,0,0,0,0,0,0,0,0,0,0,0,0,0,0,0,0,0,0,0,0,0,0,0,0,"pov"
"CNDuk/2012-04-17","2012-04-17","CNDuk","Organised","Protest","On day, before event","Yes","No","No","No","No","Political site","Global Day of Action Against Military Spending","","action","Menwith Hill spy base, Yorkshire","2012-04-17",1,0.8526411652565,0,0,0,0,0,0,0,0,0,0,0,0,0,0,0,0,0,0,0,0,0,0,0,0,0,0,0,0,0,0,0,0,"env"
"nusuk/2012-04-18","2012-04-18","nusuk","Organised","Protest","Before event day","Yes","No","No","No","No","Political site","come clean, higher education funding","","lobby, rally, walkout","Parliament","2012-03-06",35,15.0776427907167,1,0,0,0,0,0,0,0,0,0,0,0,1,0,0,0,0,0,0,0,0,0,0,0,0,0,0,0,0,0,0,0,"pov"
"Dis_PPL_Protest/2012-04-18","2012-04-18","Dis_PPL_Protest","Organised","Protest","Before event day","Yes","No","No","No","No","Public space","Rights not charity","","protest","Leicester Sq. London","2012-04-04",10,3.21660094023034,2,2,1,1,0,0,1,0,0,0,0,0,1,0,0,0,0,0,0,0,1,0,0,0,0,0,1,0,0,0,0,0,"pov"
"ClimateRush/2012-04-19","2012-04-19","ClimateRush","Organised","Protest","Before event day","Yes","No","No","No","No","Public space","Clean air protest","","protest, demonstration","London","2012-03-16",23,4.12484827173299,1,1,1,1,0,0,1,0,0,0,0,0,0,0,0,0,0,0,0,0,1,0,0,0,0,0,0,0,0,0,0,0,"env"
"Ukuncut/2012-04-21","2012-04-21","Ukuncut","Organised","Protest","After event","No","Yes","No","No","No","Company site","Hands off our NHS (Virgin)","","take over store","Virgin stores, Oxford street","2012-04-21",4,2.44835756719112,0,0,0,0,0,0,0,0,0,0,0,0,0,0,0,0,0,0,0,0,0,0,0,0,0,0,0,0,0,0,0,0,"pov"
"ASLEFunion/2012-05-01","2012-05-01","ASLEFunion","Participated","Protest","Before event day","No","No","No","No","No","Public space","May day march","","march","Farringdon","2012-04-29",2,1.68938636779785,0,0,0,0,0,0,0,0,0,0,0,0,0,0,0,0,0,0,0,0,0,0,0,0,0,0,0,0,0,0,0,0,"pov"
"unitetheunion/2012-05-02","2012-05-02","unitetheunion","Participated","Protest","After event","No","No","No","No","No","Company site","BAE shareholder AGM demo, save jobs","","demonstration, rally","BAE shareholder AGM","2012-05-02",5,2.71786440132803,1,2,1,2,0,0,1,0,0,0,0,0,0,0,0,0,0,0,1,0,1,0,0,0,0,0,0,0,0,0,0,0,"pov"
"CNDuk/2012-05-09","2012-05-09","CNDuk","Organised","Protest","Before event day","No","No","No","Yes","No","Embassy","solidarity with Gangjeong village","","demonstration, vigil","Korean embassy","2012-05-08",1,0.884019315242767,0,0,0,0,0,0,0,0,0,0,0,0,0,0,0,0,0,0,0,0,0,0,0,0,0,0,0,0,0,0,0,0,"env"
"PFEW_HQ, unitetheunion/2012-05-10","2012-05-10","PFEW_HQ, unitetheunion","Organised, Organised","Both","Before event day","Yes","No","No","No","No","Public space","No to attacks on pensions and public services","400000","protest, march, rally, strike, demonstration","London","2012-04-11",46,26.5718613184888,57,55,32,30,18,4,15,2,5,1,1,0,4,3,4,0,0,0,17,4,15,2,5,1,1,0,3,3,4,0,0,0,"pov"
"EquityUK/2012-05-10","2012-05-10","EquityUK","Organised","Protest","Before event day","Yes","No","No","No","No","Entertainment/cultural","freedom of expression in Belarus, demo in support of Belarus actors Bloomsbury Theatre","","demonstration","Bloomsbury Theatre","2012-05-08",8,6.28252917540735,0,0,0,0,0,0,0,0,0,0,0,0,0,0,0,0,0,0,0,0,0,0,0,0,0,0,0,0,0,0,0,0,"pov"
"campaigncc, ClimateRush/2012-05-11","2012-05-11","campaigncc, ClimateRush","Organised, Participated","Protest","Before event day","Yes","No","No","No","No","Political site","oppose Boris island airport","<50","","City Hall, London","2012-05-08",5,2.40818935632706,0,0,0,0,0,0,0,0,0,0,0,0,0,0,0,0,0,0,0,0,0,0,0,0,0,0,0,0,0,0,0,0,"env"
"OccupyLondon, OccupyMCR/2012-05-12","2012-05-12","OccupyLondon, OccupyMCR","Organised, Organised","Protest","Before event day","Yes","Yes","No","No","No","Public space","Global day of action","","occupation, day of action","St Paul's","2012-04-09",40,16.3204254664769,15,13,8,7,2,1,6,0,1,4,0,0,0,0,1,0,0,0,1,1,5,0,1,4,0,0,0,0,1,0,0,0,"pov"
"OccupyLondon/2012-05-15","2012-05-15","OccupyLondon","Organised","Protest","Before event day","Yes","Yes","No","No","No","Company site","Occupy May","","direct action, flood","British Bankers Association, RBS, Lloyds, Topshop, Tesco, Santander","2012-03-28",14,7.60022775847942,6,5,2,2,2,0,3,0,0,0,0,0,0,1,0,0,0,0,2,0,2,0,0,0,0,0,0,1,0,0,0,0,"pov"
"CNDuk/2012-05-19","2012-05-19","CNDuk","Organised","Protest","Before event day","Yes","No","No","No","No","Embassy","No To NATO","","demonstration, protest","US embassy","2012-05-08",14,12.0959568024749,0,0,0,0,0,0,0,0,0,0,0,0,0,0,0,0,0,0,0,0,0,0,0,0,0,0,0,0,0,0,0,0,"env"
"unitetheunion/2012-05-24","2012-05-24","unitetheunion","Organised","Protest","Before event day","Yes","No","No","No","No","Political site","Stop police privatisation","","rally","Birmingham, West Mids police HQ","2012-05-22",15,8.97545678925866,0,0,0,0,0,0,0,0,0,0,0,0,0,0,0,0,0,0,0,0,0,0,0,0,0,0,0,0,0,0,0,0,"pov"
"ClimateRush/2012-05-25","2012-05-25","ClimateRush","Organised","Protest","Before event day","No","No","No","No","No","Company site","Dump Shell","","action","Waitroise","2012-05-21",4,0.934346735477448,0,0,0,0,0,0,0,0,0,0,0,0,0,0,0,0,0,0,0,0,0,0,0,0,0,0,0,0,0,0,0,0,"env"
"Ukuncut/2012-05-26","2012-05-26","Ukuncut","Organised","Protest","Before event day","Yes","Yes","No","Yes","No","Public space","Alternative street parties","","block roads, alternative street party","London","2012-04-13",52,29.433866847703,9,9,6,6,1,0,5,0,1,2,0,0,0,0,0,0,0,0,1,0,5,0,1,2,0,0,0,0,0,0,0,0,"pov"
"ClimateRush/2012-05-30","2012-05-30","ClimateRush","Organised","Protest","Before event day","Yes","No","No","Yes","No","Court","Support Client Earth taking gov to court over air quality","","demonstration, feather dusters prop","Royal Courts of Justice","2012-05-28",3,1.76544803380966,0,0,0,0,0,0,0,0,0,0,0,0,0,0,0,0,0,0,0,0,0,0,0,0,0,0,0,0,0,0,0,0,"env"
"pcs_union/2012-06-01","2012-06-01","pcs_union","Organised","Strike","Before event day","No","No","No","No","No","Other","DVLA strike, cuts to offices and jobs","","walkout, strike","","2012-05-30",3,1.8458006978035,2,1,1,0,1,0,0,0,0,1,0,0,0,0,0,0,0,0,1,0,0,0,0,0,0,0,0,0,0,0,0,0,"pov"
"TheCCoalition/2012-06-16","2012-06-16","TheCCoalition","Organised","Protest","Before event day","Yes","No","No","Yes","No","Public space","Don't go backwards on climate change, Rio Connection","","flashmob","Birmingham","2012-06-01",6,1.17348357520648,0,0,0,0,0,0,0,0,0,0,0,0,0,0,0,0,0,0,0,0,0,0,0,0,0,0,0,0,0,0,0,0,"env"
"Dis_PPL_Protest/2012-06-19","2012-06-19","Dis_PPL_Protest","Organised","Protest","Before event day","Yes","Yes","No","No","No","Public space","Right to ride, accessible transport","","protest, To cause maximum but legal chaos we need as many wheelchair users, visually impaired, deaf and other disabled people to all need to use the same buses at the same time.","London","2012-05-23",13,5.00738343635297,2,2,2,2,0,0,0,0,0,0,0,0,0,0,0,0,0,2,0,0,0,0,0,0,0,0,0,0,0,0,0,2,"pov"
"unitetheunion/2012-06-22","2012-06-22","unitetheunion","Organised","Strike","Before event day","No","No","No","No","No","Other","Bus workers strike, Olympic payment","","strike","","2012-06-15",6,2.81909032205435,10,10,3,3,1,0,5,0,0,0,0,0,1,0,1,2,0,0,1,0,5,0,0,0,0,0,1,0,1,2,0,0,"pov"
"pcs_union/2012-06-25","2012-06-25","pcs_union","Organised","Strike","Before event day","No","No","No","No","No","Other","HMRC strike, oppose job cuts","","strike","","2012-06-21",4,1.46207294613123,6,6,5,5,2,0,0,1,1,0,0,0,1,1,0,0,0,0,2,0,0,1,1,0,0,0,1,1,0,0,0,0,"pov"
"Ukuncut/2012-06-30","2012-06-30","Ukuncut","Organised","Protest","Before event day","Yes","No","No","No","No","Company site","Oppose NHS privatisation","","day of action","Virgin store or gym","2012-06-16",3,2.63162058591843,0,0,0,0,0,0,0,0,0,0,0,0,0,0,0,0,0,0,0,0,0,0,0,0,0,0,0,0,0,0,0,0,"pov"
"moveyourmoneyuk/2012-07-04","2012-07-04","moveyourmoneyuk","Organised","Protest","Before event day","Yes","No","No","No","No","Public space","ByeBarclays action, better banking sector","","action","near Parliament","2012-07-03",30,18.8858175462241,1,1,1,1,1,0,0,0,0,0,0,0,0,0,0,0,0,0,1,0,0,0,0,0,0,0,0,0,0,0,0,0,"pov"
"liberatetate/2012-07-07","2012-07-07","liberatetate","Organised","Protest","Before event day","Yes","Yes","No","Yes","No","Entertainment/cultural","The Gift, free art from the clutches of oil companies, anti-BP sponsorship","","participatory performance action, install wind turbine blade in Tate","London, Tate modern","2012-06-12",43,11.0454239079305,1,1,1,1,0,0,1,0,0,0,0,0,0,0,0,0,0,0,0,0,1,0,0,0,0,0,0,0,0,0,0,0,"env"
"climatecamp/2012-07-12","2012-07-12","climatecamp","Organised","Protest","Before event day","Yes","No","No","No","No","Unknown","against opencast coal mining","","camp, mass action","Douglas Valley","2012-05-14",1,0.897757649421692,0,0,0,0,0,0,0,0,0,0,0,0,0,0,0,0,0,0,0,0,0,0,0,0,0,0,0,0,0,0,0,0,"env"
"unitetheunion/2012-07-12","2012-07-12","unitetheunion","Organised","Protest","Before event day","Yes","No","No","No","No","Public space","against police privatisation","","protest","Birmingham","2012-06-29",5,1.97619902391512,0,0,0,0,0,0,0,0,0,0,0,0,0,0,0,0,0,0,0,0,0,0,0,0,0,0,0,0,0,0,0,0,"pov"
"Ukuncut/2012-07-14","2012-07-14","Ukuncut","Organised","Protest","Before event day","Yes","No","No","No","No","Company site","oppose tax dodging","","action","Barclays, HSBC and Boots","2012-07-11",2,1.05328463017941,0,0,0,0,0,0,0,0,0,0,0,0,0,0,0,0,0,0,0,0,0,0,0,0,0,0,0,0,0,0,0,0,"pov"
"GreenpeaceUK/2012-07-16","2012-07-16","GreenpeaceUK","Organised","Protest","After event","No","Yes","No","Yes","Yes","Company site","Tell shell, save the arctic","60+","non-violent direct action, shut down petrol stations","78 Shell petrol stations","2012-07-16",19,4.70952249456929,11,11,11,11,4,0,2,0,0,2,0,3,0,0,0,0,0,0,4,0,2,0,0,2,0,3,0,0,0,0,0,0,"env"
"GreenpeaceUK/2012-07-21","2012-07-21","GreenpeaceUK","Organised","Protest","Before event day","Yes","No","No","No","No","Company site","Tell Shell","500","peaceful protest","Shell petrol stations","2012-07-16",6,1.96823655652652,0,0,0,0,0,0,0,0,0,0,0,0,0,0,0,0,0,0,0,0,0,0,0,0,0,0,0,0,0,0,0,0,"env"
"campaigncc/2012-07-26","2012-07-26","campaigncc","Organised","Protest","Before event day","Yes","No","No","No","No","Political site","No dash for gas, stop Osborne killing the Climate Act","","demonstration","Treasury","2012-07-23",6,5.23276877403259,0,0,0,0,0,0,0,0,0,0,0,0,0,0,0,0,0,0,0,0,0,0,0,0,0,0,0,0,0,0,0,0,"env"
"OccupyLondon/2012-07-28","2012-07-28","OccupyLondon","Participated","Protest","Before event day","Yes","Yes","No","No","No","Public space","against corporate olympics","","demonstration, slow cycle","London","2012-06-18",9,4.60284212266447,4,3,1,1,2,0,0,0,0,0,0,0,1,0,1,0,0,0,2,0,0,0,0,0,0,0,1,0,0,0,0,0,"pov"
"pcs_union/2012-08-13","2012-08-13","pcs_union","Organised","Strike","After event","No","No","No","No","No","Other","jobcentre strike, oppose cuts","","strike","","2012-08-13",5,2.35422080755234,3,4,3,4,0,1,0,0,0,1,0,0,1,0,0,0,0,0,1,1,0,0,0,1,0,0,1,0,0,0,0,0,"pov"
"ClimateRush/2012-08-14","2012-08-14","ClimateRush","Organised","Protest","On day, before event","Yes","No","No","No","No","Public space","Fair fares protest, cut fares not jobs","","protest","Waterloo","2012-08-14",2,1.09493176619894,0,0,0,0,0,0,0,0,0,0,0,0,0,0,0,0,0,0,0,0,0,0,0,0,0,0,0,0,0,0,0,0,"env"
"campaigncc/2012-08-26","2012-08-26","campaigncc","Organised","Protest","Before event day","Yes","No","No","No","No","Political site","Emergency iceberg demo","","demonstration","Downing Street","2012-08-25",7,4.36946090310812,0,0,0,0,0,0,0,0,0,0,0,0,0,0,0,0,0,0,0,0,0,0,0,0,0,0,0,0,0,0,0,0,"env"
"GreenpeaceUK/2012-08-27","2012-08-27","GreenpeaceUK","Organised","Protest","After event","No","No","No","No","No","Unknown","Save the arctic, stop Gazprom","","action","","2012-08-27",1,0.878693282604218,0,0,0,0,0,0,0,0,0,0,0,0,0,0,0,0,0,0,0,0,0,0,0,0,0,0,0,0,0,0,0,0,"env"
"Dis_PPL_Protest/2012-08-28","2012-08-28","Dis_PPL_Protest","Participated","Protest","Before event day","Yes","No","No","No","No","Company site","Atos protest","","protest","ATOS","2012-08-25",38,21.7892623987347,0,0,0,0,0,0,0,0,0,0,0,0,0,0,0,0,0,0,0,0,0,0,0,0,0,0,0,0,0,0,0,0,"pov"
"Dis_PPL_Protest/2012-08-29","2012-08-29","Dis_PPL_Protest","Organised","Protest","Before event day","No","No","No","Yes","No","Public space","Vigil for Atos Victims","","vigil","","2012-08-13",7,3.57187160873009,4,3,4,3,3,0,1,0,0,0,0,0,0,0,0,0,0,0,2,0,1,0,0,0,0,0,0,0,0,0,0,0,"pov"
"Dis_PPL_Protest, Ukuncut/2012-08-31","2012-08-31","Dis_PPL_Protest, Ukuncut","Organised, Organised","Protest","Before event day","Yes","Yes","No","No","No","Political site","oppose ATOS, closing ATOS ceremony","500","occupation","DWP, ATOS head office","2012-08-14",84,49.6551291527011,8,7,3,3,2,0,6,0,0,0,0,0,0,0,0,0,0,0,2,0,5,0,0,0,0,0,0,0,0,0,0,0,"pov"
"Dis_PPL_Protest/2012-09-12","2012-09-12","Dis_PPL_Protest","Organised","Protest","Before event day","No","No","No","No","No","Political site","Jobs not sanctions","","protest","DWP","2012-09-08",4,2.86788868904114,0,0,0,0,0,0,0,0,0,0,0,0,0,0,0,0,0,0,0,0,0,0,0,0,0,0,0,0,0,0,0,0,"pov"
"CNDuk/2012-10-06","2012-10-06","CNDuk","Organised","Protest","Before event day","Yes","No","No","No","No","Company site","Oppose nuclear plants, Recycle the bases","","demonstration, bicycle protest","Hinkley Point, Menwith Hill","2012-09-25",2,1.77450501918793,0,0,0,0,0,0,0,0,0,0,0,0,0,0,0,0,0,0,0,0,0,0,0,0,0,0,0,0,0,0,0,0,"env"
"unitetheunion/2012-10-10","2012-10-10","unitetheunion","Organised","Protest","On day, before event","No","No","No","No","No","Unknown","Amnesty International, cost cutting programme","","demonstration","","2012-10-10",3,1.22557930648327,0,0,0,0,0,0,0,0,0,0,0,0,0,0,0,0,0,0,0,0,0,0,0,0,0,0,0,0,0,0,0,0,"pov"
"OccupyLondon, OccupyMCR/2012-10-13","2012-10-13","OccupyLondon, OccupyMCR","Organised, Organised","Protest","Before event day","Yes","No","No","Yes","No","Public space","Global noise, end debt slavery","","street party","Manchester Piccadilly Gardens, London","2012-09-21",19,8.34001111934595,3,3,3,2,1,0,1,0,1,0,0,0,0,0,0,0,0,0,1,0,1,0,1,0,0,0,0,0,0,0,0,0,"pov"
"resistunite/2012-10-15","2012-10-15","resistunite","Organised","Protest","Before event day","Yes","No","No","No","No","Public space","the case for general strike","","rally","London","2012-09-19",10,6.39289847005049,1,1,0,0,1,0,0,0,0,0,0,0,0,0,0,0,0,0,1,0,0,0,0,0,0,0,0,0,0,0,0,0,"pov"
"friends_earth/2012-10-18","2012-10-18","friends_earth","Organised","Protest","After event","No","No","No","No","No","Political site","Green is working","","action","Treasury","2012-10-18",3,0.943801982328295,0,0,0,0,0,0,0,0,0,0,0,0,0,0,0,0,0,0,0,0,0,0,0,0,0,0,0,0,0,0,0,0,"env"
"campaigncc, climatecamp, CNDuk, friends_earth/2012-10-20","2012-10-20","campaigncc, climatecamp, CNDuk, friends_earth","Participated, Participated, Participated, Participated","Protest","Before event day","Yes","No","No","No","No","Public space","TUC march, future that works, cut trident not jobs, anti-cuts demonstration","","demonstration, march, ","St Paul's","2012-07-24",22,8.8980984514651,1,1,1,1,1,0,0,0,0,0,0,0,0,0,0,0,0,0,1,0,0,0,0,0,0,0,0,0,0,0,0,0,"env"
"EquityUK, fbunational, NASUWT, nusuk, pcs_union, resistunite, theRCN, Ukuncut, unisontheunion, unitetheunion/2012-10-20","2012-10-20","EquityUK, fbunational, NASUWT, nusuk, pcs_union, resistunite, theRCN, Ukuncut, unisontheunion, unitetheunion","Participated, Participated, Organised, Participated, Organised, Participated, Participated, Participated, Participated, Participated","Protest","Before event day","Yes","No","No","No","No","Public space","Future that works, jobs and growth, against austerity","1000s","march","London","2012-07-13",94,64.765666304271,86,59,38,28,9,3,23,1,15,6,3,0,1,4,3,0,0,18,7,2,16,0,6,4,2,0,1,3,3,1,0,14,"pov"
"CNDuk/2012-10-24","2012-10-24","CNDuk","Organised","Protest","On day, before event","No","No","No","No","No","Embassy","Solidarity with protesters at Kudankulam nuclear power plant","","protest","Indian High Commission","2012-10-24",1,0.785839140415192,0,0,0,0,0,0,0,0,0,0,0,0,0,0,0,0,0,0,0,0,0,0,0,0,0,0,0,0,0,0,0,0,"env"
"EquityUK/2012-10-24","2012-10-24","EquityUK","Participated","Protest","Before event day","Yes","No","No","No","No","Political site","Feminista's rally & lobby of Parliament, equality in industry and wider society","","rally, lobby","Parliament","2012-10-02",7,4.01109600818877,2,2,1,1,0,0,2,0,0,0,0,0,0,0,0,0,0,0,0,0,2,0,0,0,0,0,0,0,0,0,0,0,"pov"
"CNDuk/2012-10-26","2012-10-26","CNDuk","Participated","Protest","Before event day","No","No","No","No","No","Political site","oppose new British drone squadron","","protest","RAF Waddington, Lincolnshire","2012-10-24",2,0.80594040040152,0,0,0,0,0,0,0,0,0,0,0,0,0,0,0,0,0,0,0,0,0,0,0,0,0,0,0,0,0,0,0,0,"env"
"Dis_PPL_Protest/2012-10-27","2012-10-27","Dis_PPL_Protest","Organised","Protest","Before event day","Yes","No","No","No","No","Public space","Fuel Poverty Demo","","demonstration","Westfield Shopping Centre","2012-10-19",4,3.25511145591736,0,0,0,0,0,0,0,0,0,0,0,0,0,0,0,0,0,0,0,0,0,0,0,0,0,0,0,0,0,0,0,0,"pov"
"Dis_PPL_Protest/2012-10-31","2012-10-31","Dis_PPL_Protest","Organised","Protest","Before event day","Yes","No","No","No","No","Other","oppose ATOS, Protest Against Loss of Council Tax Benefit","","demonstration, protest","Stoke-on Trent, House of Commons","2012-10-24",4,2.81266349554062,0,0,0,0,0,0,0,0,0,0,0,0,0,0,0,0,0,0,0,0,0,0,0,0,0,0,0,0,0,0,0,0,"pov"
"reclaimthepower/2012-11-02","2012-11-02","reclaimthepower","Organised","Protest","After event","No","Yes","No","No","Yes","Company site","No dash for gas","11","occupation, trespassing","gas-fired power station, West Burton, Nottinghamshire","2012-11-02",9,1.96653241554178,1,1,1,1,0,0,1,0,0,0,0,0,0,0,0,0,0,0,0,0,1,0,0,0,0,0,0,0,0,0,0,0,"env"
"Dis_PPL_Protest/2012-11-05","2012-11-05","Dis_PPL_Protest","Organised","Protest","Before event day","Yes","No","No","No","No","Company site","oppose ATOS","","vigil","outside ATOS, Cardiff","2012-10-29",3,2.31722235679626,0,0,0,0,0,0,0,0,0,0,0,0,0,0,0,0,0,0,0,0,0,0,0,0,0,0,0,0,0,0,0,0,"pov"
"campaigncc/2012-11-07","2012-11-07","campaigncc","Organised","Protest","Before event day","Yes","No","No","No","No","Embassy","against the dirty money take-over of US politics","","protest","US embassy","2012-10-30",9,3.94253514034372,0,0,0,0,0,0,0,0,0,0,0,0,0,0,0,0,0,0,0,0,0,0,0,0,0,0,0,0,0,0,0,0,"env"
"internaware/2012-11-13","2012-11-13","internaware","Organised","Protest","Before event day","Yes","No","No","Yes","No","Company site","oppose unpaid internships","","flashmob, protest","outside an employer ","2012-11-06",3,2.61303669198718,0,0,0,0,0,0,0,0,0,0,0,0,0,0,0,0,0,0,0,0,0,0,0,0,0,0,0,0,0,0,0,0,"pov"
"CNDuk/2012-11-17","2012-11-17","CNDuk","Organised","Protest","Before event day","Yes","No","No","No","No","Other","Oppose bombing of Gaza","","embassy protest","Israeli embassy","2012-11-16",3,0.867815434932709,0,0,0,0,0,0,0,0,0,0,0,0,0,0,0,0,0,0,0,0,0,0,0,0,0,0,0,0,0,0,0,0,"env"
"liberatetate/2012-11-18","2012-11-18","liberatetate","Participated","Protest","Before event day","Yes","No","No","Yes","No","Entertainment/cultural","Oppose BP sponsorship","","theatrical flashmob","British Museum","2012-10-27",4,1.05142582521393,0,0,0,0,0,0,0,0,0,0,0,0,0,0,0,0,0,0,0,0,0,0,0,0,0,0,0,0,0,0,0,0,"env"
"OccupyLondon/2012-11-20","2012-11-20","OccupyLondon","Organised","Protest","Before event day","Yes","No","No","No","No","Unknown","oppose Canadian tar sands","","protest","London","2012-11-12",2,0.991627604103439,1,1,1,1,1,0,0,0,0,0,0,0,0,0,0,0,0,0,1,0,0,0,0,0,0,0,0,0,0,0,0,0,"pov"
"nusuk/2012-11-21","2012-11-21","nusuk","Organised","Protest","Before event day","Yes","No","No","No","No","Public space","Higher education reform","","demonstration","Temple place","2012-11-19",13,3.87534662292943,16,15,11,11,5,1,6,1,0,1,1,0,1,0,0,0,0,0,4,1,6,1,0,1,1,0,1,0,0,0,0,0,"pov"
"CNDuk/2012-11-24","2012-11-24","CNDuk","Organised","Protest","Before event day","Yes","No","No","No","No","Political site","against Israel's attack on Gaza","","demonstration","Downing street, Israeli embassy","2012-11-18",7,5.25156648414698,0,0,0,0,0,0,0,0,0,0,0,0,0,0,0,0,0,0,0,0,0,0,0,0,0,0,0,0,0,0,0,0,"env"
"pcs_union/2012-11-30","2012-11-30","pcs_union","Participated","Strike","Before event day","No","No","No","No","No","Other","DfT strike, oppose threat of privatisation","","strike","","2012-11-26",2,1.58634459972382,3,3,1,1,0,0,2,0,0,0,1,0,0,0,0,0,0,0,0,0,2,0,0,0,1,0,0,0,0,0,0,0,"pov"
"campaigncc/2012-12-01","2012-12-01","campaigncc","Organised","Protest","Before event day","Yes","No","No","Yes","No","Public space","National Climate March","","protest, march, fracking rig prop","outside Parliament","2012-11-10",37,12.8385017840791,1,0,1,0,1,0,0,0,0,0,0,0,0,0,0,0,0,0,0,0,0,0,0,0,0,0,0,0,0,0,0,0,"env"
"FrackOffLondon/2012-12-01","2012-12-01","FrackOffLondon","Organised","Protest","After event","No","No","No","Yes","No","Political site","Big Rig Revolt","","activists set up fracking rig outside politician's home","Lord Browne's home","2012-12-01",6,1.9246030375256,2,2,2,2,1,0,1,0,0,0,0,0,0,0,0,0,0,0,1,0,1,0,0,0,0,0,0,0,0,0,0,0,"env"
"theRCN/2012-12-01","2012-12-01","theRCN","Participated","Protest","Before event day","Yes","No","No","No","No","Public space","against regional pay","","march","Bristol","2012-11-20",1,0.931245446205139,0,0,0,0,0,0,0,0,0,0,0,0,0,0,0,0,0,0,0,0,0,0,0,0,0,0,0,0,0,0,0,0,"pov"
"CNDuk/2012-12-05","2012-12-05","CNDuk","Organised","Protest","On day, before event","Yes","No","No","No","No","Political site","Cut Trident, not jobs, health and education, Autumn statement","","protest","Downing Street","2012-12-05",1,0.847951412200928,0,0,0,0,0,0,0,0,0,0,0,0,0,0,0,0,0,0,0,0,0,0,0,0,0,0,0,0,0,0,0,0,"env"
"resistunite/2012-12-05","2012-12-05","resistunite","Organised","Protest","Before event day","Yes","No","No","No","No","Public space","Oppose austerity","","march, rally","The Strand, Downing Street","2012-10-31",11,7.32388851046562,0,0,0,0,0,0,0,0,0,0,0,0,0,0,0,0,0,0,0,0,0,0,0,0,0,0,0,0,0,0,0,0,"pov"
"Ukuncut/2012-12-08","2012-12-08","Ukuncut","Organised","Protest","Before event day","Yes","Yes","No","No","No","Company site","Oppose tax avoidance","","action, transform store into creche and refuge","Starbucks, Belfast, Cornwall, London","2012-11-12",160,97.8493005690839,40,40,22,22,15,1,3,0,2,2,4,0,0,0,3,1,0,9,15,1,3,0,2,2,4,0,0,0,3,1,0,9,"pov"
"unitetheunion/2012-12-11","2012-12-11","unitetheunion","Organised","Protest","Before event day","Yes","No","No","No","No","Public space","Oppose rising rail fares, cut rail fares not staff","","action","Rail stations","2012-12-10",7,3.51848019264856,0,0,0,0,0,0,0,0,0,0,0,0,0,0,0,0,0,0,0,0,0,0,0,0,0,0,0,0,0,0,0,0,"pov"
"GreenpeaceUK/2012-12-15","2012-12-15","GreenpeaceUK","Organised","Protest","After event","No","No","No","No","No","Company site","Save the arctic","","activists gather outside","Shell stations","2012-12-15",2,0.914627433,0,0,0,0,0,0,0,0,0,0,0,0,0,0,0,0,0,0,0,0,0,0,0,0,0,0,0,0,0,0,0,0,"env"
"campaigncc/2012-12-19","2012-12-19","campaigncc","Organised","Protest","Before event day","Yes","No","No","No","No","Public space","response to Energy Bill debate in Parliament","","demonstration, protest","outside Parliament","2012-12-14",2,1.49614995694647,0,0,0,0,0,0,0,0,0,0,0,0,0,0,0,0,0,0,0,0,0,0,0,0,0,0,0,0,0,0,0,0,"env"
"transheathrow/2012-12-20","2012-12-20","transheathrow","Organised","Protest","Before event day","Yes","No","No","Yes","No","Unknown","Save Lake Farm","","candlelit demonstration","","2012-12-18",1,0.921666443347931,0,0,0,0,0,0,0,0,0,0,0,0,0,0,0,0,0,0,0,0,0,0,0,0,0,0,0,0,0,0,0,0,"env"
"EResistance/2013-01-04","2013-01-04","EResistance","Organised","Protest","After event","No","Yes","No","No","No","Other","Eviction resistance","","eviction resistance, riot police","someone's home","2013-01-04",3,2.1847288608551,0,0,0,0,0,0,0,0,0,0,0,0,0,0,0,0,0,0,0,0,0,0,0,0,0,0,0,0,0,0,0,0,"pov"
"EResistance/2013-01-08","2013-01-08","EResistance","Organised","Protest","After event","No","Yes","No","No","No","Other","Eviction resistance","80","eviction resistance","Camden","2013-01-08",2,1.60302394666467,0,0,0,0,0,0,0,0,0,0,0,0,0,0,0,0,0,0,0,0,0,0,0,0,0,0,0,0,0,0,0,0,"pov"
"unisontheunion, unitetheunion/2013-01-26","2013-01-26","unisontheunion, unitetheunion","Participated, Organised","Protest","Before event day","Yes","No","No","No","No","Public space","Save Lewisham hospital","","march, rally","Lewisham","2013-01-24",12,9.01114538335579,0,0,0,0,0,0,0,0,0,0,0,0,0,0,0,0,0,0,0,0,0,0,0,0,0,0,0,0,0,0,0,0,"pov"
"NASUWT/2013-01-31","2013-01-31","NASUWT","Organised","Strike","Before event day","No","No","No","No","No","Other","oppose academies","","strike, picket","Redhill School Dudley","2013-01-30",3,2.27432721860461,0,0,0,0,0,0,0,0,0,0,0,0,0,0,0,0,0,0,0,0,0,0,0,0,0,0,0,0,0,0,0,0,"pov"
"NASUWT/2013-02-05","2013-02-05","NASUWT","Organised","Strike","Before event day","No","No","No","No","No","Other","oppose academies","","strike","Newton-Le-Willows Primary School","2013-01-30",3,2.077896296978,0,0,0,0,0,0,0,0,0,0,0,0,0,0,0,0,0,0,0,0,0,0,0,0,0,0,0,0,0,0,0,0,"pov"
"NASUWT/2013-02-07","2013-02-07","NASUWT","Organised","Strike","Before event day","No","No","No","No","No","Other","teacher strike","","industrial action","Eckington School, Derbyshire","2013-01-15",4,1.76402115870547,0,0,0,0,0,0,0,0,0,0,0,0,0,0,0,0,0,0,0,0,0,0,0,0,0,0,0,0,0,0,0,0,"pov"
"NASUWT/2013-02-09","2013-02-09","NASUWT","Organised","Protest","After event","No","No","No","No","No","Unknown","oppose anti-austerity measures","","protest","Northern Ireland","2013-02-09",2,1.4517976641655,0,0,0,0,0,0,0,0,0,0,0,0,0,0,0,0,0,0,0,0,0,0,0,0,0,0,0,0,0,0,0,0,"pov"
"internaware/2013-02-15","2013-02-15","internaware","Organised","Protest","Before event day","Yes","No","No","No","No","Entertainment/cultural","oppose use of unpaid interns in fashion","","protest","Somerset House, London Fashion Week","2013-02-12",5,2.11923027026879,0,0,0,0,0,0,0,0,0,0,0,0,0,0,0,0,0,0,0,0,0,0,0,0,0,0,0,0,0,0,0,0,"pov"
"CNDuk/2013-02-22","2013-02-22","CNDuk","Organised","Protest","Before event day","Yes","No","No","No","No","Embassy","Remember Fukushima: No to Nuclear Power!","","protest","Japanese Embassy","2013-02-21",2,0.806967725977301,0,0,0,0,0,0,0,0,0,0,0,0,0,0,0,0,0,0,0,0,0,0,0,0,0,0,0,0,0,0,0,0,"env"
"ShellOutSounds/2013-03-01","2013-03-01","ShellOutSounds","Organised","Protest","After event","No","Yes","No","Yes","No","Entertainment/cultural","Oppose Shell sponsorship of the arts","20","flashmob performance, unannounced performance","Southbank","2013-03-01",11,7.64587840437889,0,0,0,0,0,0,0,0,0,0,0,0,0,0,0,0,0,0,0,0,0,0,0,0,0,0,0,0,0,0,0,0,"env"
"OccupyMCR/2013-03-02","2013-03-02","OccupyMCR","Organised","Protest","After event","No","Yes","No","No","No","Public space","Save leverhulme baths, oppose cuts","","occupation","leisure centre, Manchester","2013-03-02",2,0.957452721764069,0,0,0,0,0,0,0,0,0,0,0,0,0,0,0,0,0,0,0,0,0,0,0,0,0,0,0,0,0,0,0,0,"pov"
"GreenpeaceUK/2013-03-04","2013-03-04","GreenpeaceUK","Organised","Protest","After event","No","No","No","Yes","No","Political site","Oppose fracking","<20","set up fake fracking rig outside politician's office","Politician's office","2013-03-04",5,1.02625058000582,2,2,2,2,1,0,1,0,0,0,0,0,0,0,0,0,0,0,1,0,1,0,0,0,0,0,0,0,0,0,0,0,"env"
"CitizensUK/2013-03-07","2013-03-07","CitizensUK","Organised","Protest","After event","No","No","No","No","No","Company site","pay cleaning staff living wage at John Lewis","","action","John Lewis","2013-03-07",2,1.67441129684448,0,0,0,0,0,0,0,0,0,0,0,0,0,0,0,0,0,0,0,0,0,0,0,0,0,0,0,0,0,0,0,0,"pov"
"EquityUK, unitetheunion/2013-03-13","2013-03-13","EquityUK, unitetheunion","Participated, Participated","Protest","Before event day","Yes","No","No","No","No","Public space","pre-budget rally, oppose austerity","","rally","London","2013-02-15",12,8.214923902981,0,0,0,0,0,0,0,0,0,0,0,0,0,0,0,0,0,0,0,0,0,0,0,0,0,0,0,0,0,0,0,0,"pov"
"Dis_PPL_Protest/2013-03-13","2013-03-13","Dis_PPL_Protest","Organised","Protest","Before event day","Yes","No","No","No","No","Court","Rights not charity, save independent living fund, court case","","vigil","London, high court","2013-02-27",10,3.51927275955677,0,0,0,0,0,0,0,0,0,0,0,0,0,0,0,0,0,0,0,0,0,0,0,0,0,0,0,0,0,0,0,0,"pov"
"OccupyLondon, resistunite, unitetheunion/2013-03-16","2013-03-16","OccupyLondon, resistunite, unitetheunion","Participated, Participated, Organised","Protest","Before event day","Yes","No","No","No","No","Other","Save Whittington Hospital, Oppose bedroom tax","","demonstration, march, national day of action, protest","London","2013-02-13",37,17.183307386533,0,0,0,0,0,0,0,0,0,0,0,0,0,0,0,0,0,0,0,0,0,0,0,0,0,0,0,0,0,0,0,0,"pov"
"CNDuk/2013-03-20","2013-03-20","CNDuk","Organised","Protest","Before event day","Yes","No","No","No","No","Public space","Budget Day protest, oppose trident","","protest","outside Parliament","2013-03-19",6,4.4780058742663,0,0,0,0,0,0,0,0,0,0,0,0,0,0,0,0,0,0,0,0,0,0,0,0,0,0,0,0,0,0,0,0,"env"
"pcs_union, resistunite/2013-03-20","2013-03-20","pcs_union, resistunite","Organised, Participated","Both","Before event day","Yes","No","No","No","No","Public space","Budget Day Strike rally","","rally, half day walkout, strike, picket","Albion Square, Hanley, Belfast Unemployed Resource Centre, Portsmouth, Newcastle, Preston, Liverpool, Nottingham, Leicester, Barnsley, Bristol, Lincoln, Plymouth, Manchester, Birmingham, London","2013-03-06",45,32.2171437511256,15,14,5,4,3,1,0,0,0,3,0,0,2,3,1,1,0,1,3,1,0,0,0,3,0,0,2,2,1,1,0,1,"pov"
"OccupyLondon/2013-03-25","2013-03-25","OccupyLondon","Organised","Protest","Before event day","Yes","No","No","No","No","Other","National demo against privatisation","","demonstration","University of Sussex","2013-03-24",7,2.41167686149771,0,0,0,0,0,0,0,0,0,0,0,0,0,0,0,0,0,0,0,0,0,0,0,0,0,0,0,0,0,0,0,0,"pov"
"bectu/2013-03-28","2013-03-28","bectu","Organised","Both","Before event day","No","No","No","No","No","Company site","BBC strike and protest","","strike, walkout, protest","BBC","2013-03-22",7,3.34843705193396,16,16,10,10,2,1,3,1,0,1,2,0,2,1,0,0,0,3,2,1,3,1,0,1,2,0,2,1,0,0,0,3,"pov"
"OccupyLondon/2013-03-30","2013-03-30","OccupyLondon","Participated","Protest","Before event day","Yes","No","No","No","No","Public space","Oppose bedroom tax","","protest","Trafalgar Square","2013-03-26",6,2.91956710721945,0,0,0,0,0,0,0,0,0,0,0,0,0,0,0,0,0,0,0,0,0,0,0,0,0,0,0,0,0,0,0,0,"pov"
"CNDuk/2013-04-01","2013-04-01","CNDuk","Organised","Protest","Before event day","Yes","No","No","No","No","Company site","Scrap Trident","","protest","Aldermaston, nuclear bomb factory","2013-03-14",133,88.6879542089318,2,2,2,2,0,0,0,0,0,0,0,1,1,0,0,0,0,0,0,0,0,0,0,0,0,1,1,0,0,0,0,0,"env"
"pcs_union/2013-04-05","2013-04-05","pcs_union","Organised","Strike","Before event day","No","No","No","No","No","Other","oppose cuts","","strike, half day walkout, industrial action","","2013-03-14",22,12.8960025835608,17,14,9,8,2,0,5,2,1,1,0,0,2,3,1,0,0,0,1,0,5,2,1,1,0,0,1,2,1,0,0,0,"pov"
"CNDuk/2013-04-13","2013-04-13","CNDuk","Organised","Protest","Before event day","Yes","No","No","No","No","Unknown","Scrap Trident, Save the NHS","","demonstration","","2013-04-11",1,0.902041375637054,0,0,0,0,0,0,0,0,0,0,0,0,0,0,0,0,0,0,0,0,0,0,0,0,0,0,0,0,0,0,0,0,"env"
"Dis_PPL_Protest, Ukuncut/2013-04-13","2013-04-13","Dis_PPL_Protest, Ukuncut","Participated, Organised","Protest","Before event day","Yes","No","No","Yes","No","Public space","oppose cuts, increase benefits, oppose bedroom tax","400","protest, action, 'evict millionaires' stunt","London, Manchester, Birmingham, politician's houses","2013-03-18",72,44.4212302566096,20,15,4,3,6,2,5,1,0,0,1,0,2,1,0,2,0,0,4,2,5,1,0,0,0,0,1,1,0,1,0,0,"pov"
"CNDuk/2013-04-15","2013-04-15","CNDuk","Organised","Protest","After event","No","Yes","No","No","Yes","Political site","Scrap trident","100s","activists chain themselves to each other, blockade,","Faslane naval base","2013-04-15",5,2.67906006072786,0,0,0,0,0,0,0,0,0,0,0,0,0,0,0,0,0,0,0,0,0,0,0,0,0,0,0,0,0,0,0,0,"env"
"GreenpeaceUK/2013-04-20","2013-04-20","GreenpeaceUK","Organised","Protest","Before event day","Yes","No","No","Yes","No","Other","I love arctic day of action","","projection","British quakers","2013-04-17",10,2.10929928187795,0,0,0,0,0,0,0,0,0,0,0,0,0,0,0,0,0,0,0,0,0,0,0,0,0,0,0,0,0,0,0,0,"env"
"resistunite/2013-04-20","2013-04-20","resistunite","Organised","Protest","Before event day","Yes","No","No","No","No","Public space","East Midlands Unite the resistance rally","","rally","East Midlands","2013-04-15",6,4.52443790444116,0,1,0,0,0,0,0,0,0,0,0,0,0,0,0,0,0,0,1,0,0,0,0,0,0,0,0,0,0,0,0,0,"pov"
"ShellOutSounds/2013-04-22","2013-04-22","ShellOutSounds","Organised","Protest","After event","No","No","No","Yes","No","Other","oppose Shell sponsorship of Southbank","","flashmob choir","Southbank","2013-04-22",3,2.08699947595596,0,0,0,0,0,0,0,0,0,0,0,0,0,0,0,0,0,0,0,0,0,0,0,0,0,0,0,0,0,0,0,0,"env"
"liberatetate/2013-04-24","2013-04-24","liberatetate","Organised","Protest","After event","No","No","No","Yes","No","Entertainment/cultural","BP trial","","performance","Tate modern","2013-04-24",73,45.400310761873,0,0,0,0,0,0,0,0,0,0,0,0,0,0,0,0,0,0,0,0,0,0,0,0,0,0,0,0,0,0,0,0,"env"
"liberatetate/2013-04-25","2013-04-25","liberatetate","Organised","Protest","After event","No","No","No","Yes","No","Entertainment/cultural","BP trial","","guerrilla performance","Tate Modern","2013-04-25",41,29.8199146495438,0,0,0,0,0,0,0,0,0,0,0,0,0,0,0,0,0,0,0,0,0,0,0,0,0,0,0,0,0,0,0,0,"env"
"liberatetate/2013-04-26","2013-04-26","liberatetate","Organised","Protest","After event","No","No","No","Yes","No","Entertainment/cultural","BP trial","3","guerilla performance","Tate modern","2013-04-26",46,33.393631894356,0,0,0,0,0,0,0,0,0,0,0,0,0,0,0,0,0,0,0,0,0,0,0,0,0,0,0,0,0,0,0,0,"env"
"friends_earth/2013-04-26","2013-04-26","friends_earth","Organised","Protest","Before event day","Yes","No","No","No","No","Public space","March of the Bee Keepers","100s","march, demonstration","outside Parliament","2013-04-24",7,3.94440465764269,3,3,3,3,1,0,1,0,0,1,0,0,0,0,0,0,0,0,1,0,1,0,0,1,0,0,0,0,0,0,0,0,"env"
"CNDuk/2013-04-27","2013-04-27","CNDuk","Organised","Protest","Before event day","Yes","No","No","No","No","Political site","Ground the drones","","march","RAF Waddington","2013-04-12",6,5.06604290008545,0,0,0,0,0,0,0,0,0,0,0,0,0,0,0,0,0,0,0,0,0,0,0,0,0,0,0,0,0,0,0,0,"env"
"NASUWT/2013-04-27","2013-04-27","NASUWT","Organised","Protest","Before event day","Yes","No","No","No","No","Public space","defend education","rally","","Manchester","2013-04-19",6,5.20822548870795,0,0,0,0,0,0,0,0,0,0,0,0,0,0,0,0,0,0,0,0,0,0,0,0,0,0,0,0,0,0,0,0,"pov"
"pcs_union/2013-05-01","2013-05-01","pcs_union","Organised","Strike","Before event day","No","No","No","No","No","Other","DfE walkout","","two-hour stoppage, walkout, strike","","2013-04-27",4,1.8781612072832,1,1,0,0,0,0,0,0,1,0,0,0,0,0,0,0,0,0,0,0,0,0,1,0,0,0,0,0,0,0,0,0,"pov"
"NHSour/2013-05-04","2013-05-04","NHSour","Organised","Protest","Before event day","Yes","No","No","No","No","Public space","The Great NHS Robbery","","march, rally","Bristol","2013-04-24",5,3.57717456593524,0,0,0,0,0,0,0,0,0,0,0,0,0,0,0,0,0,0,0,0,0,0,0,0,0,0,0,0,0,0,0,0,"pov"
"NASUWT/2013-05-11","2013-05-11","NASUWT","Organised","Protest","Before event day","Yes","No","No","No","No","Public space","Rally for education","100s","rally","Birmingham, Leeds","2013-05-10",8,1.66683223836487,0,0,0,0,0,0,0,0,0,0,0,0,0,0,0,0,0,0,0,0,0,0,0,0,0,0,0,0,0,0,0,0,"pov"
"GreenpeaceUK/2013-05-13","2013-05-13","GreenpeaceUK","Organised","Protest","After event","No","No","No","Yes","No","Public space","Oppose dirty cars","20","scale building, banner drop","Lewes highstreet","2013-05-13",2,0.893751511658936,1,1,1,1,0,0,1,0,0,0,0,0,0,0,0,0,0,0,0,0,1,0,0,0,0,0,0,0,0,0,0,0,"env"
"CNDuk/2013-05-18","2013-05-18","CNDuk","Participated","Protest","Before event day","Yes","No","No","No","No","Public space","Save our NHS demo, NHS not trident","","demonstration","","2013-05-15",2,1.79417514801025,0,0,0,0,0,0,0,0,0,0,0,0,0,0,0,0,0,0,0,0,0,0,0,0,0,0,0,0,0,0,0,0,"env"
"keepnhspublic, unitetheunion/2013-05-18","2013-05-18","keepnhspublic, unitetheunion","Organised, Organised","Protest","Before event day","Yes","No","No","No","No","Public space","Save our NHS, NHS 65th birthday","","march","London","2013-04-24",24,20.1745244714188,5,5,5,5,0,0,0,0,0,0,0,0,0,0,0,0,0,5,0,0,0,0,0,0,0,0,0,0,0,0,0,5,"pov"
"planestupid/2013-05-22","2013-05-22","planestupid","Participated","Protest","Before event day","Yes","No","No","No","No","Public space","Oppose legal aid cuts","100s","demonstration","outside Parliament","2013-05-20",4,2.75387168675661,0,0,0,0,0,0,0,0,0,0,0,0,0,0,0,0,0,0,0,0,0,0,0,0,0,0,0,0,0,0,0,0,"env"
"NASUWT/2013-05-23","2013-05-23","NASUWT","Organised","Strike","Before event day","No","No","No","No","No","Other","Copland Community School strike, oppose academies, Newton-Le-Willows Primary School strike","","strike, industrial action","Copland Community School, Newton-Le-Willows Primary School","2013-05-21",2,1.36356216669083,0,0,0,0,0,0,0,0,0,0,0,0,0,0,0,0,0,0,0,0,0,0,0,0,0,0,0,0,0,0,0,0,"pov"
"OccupyLondon, OccupyMCR/2013-05-25","2013-05-25","OccupyLondon, OccupyMCR","Organised, Organised","Protest","Before event day","Yes","No","No","No","No","Public space","Against Monsanto","","march","London","2013-05-14",11,8.28508937353726,0,0,0,0,0,0,0,0,0,0,0,0,0,0,0,0,0,0,0,0,0,0,0,0,0,0,0,0,0,0,0,0,"pov"
"pcs_union/2013-05-30","2013-05-30","pcs_union","Organised","Strike","Before event day","No","No","No","No","No","Other","national museums and galleries strike, jobs, pay, pensions","","strike","","2013-05-30",3,2.03892630326523,1,0,0,0,1,0,0,0,0,0,0,0,0,0,0,0,0,0,0,0,0,0,0,0,0,0,0,0,0,0,0,0,"pov"
"pcs_union/2013-05-31","2013-05-31","pcs_union","Organised","Both","Before event day","No","No","No","No","No","Other","strike on pay, jobs and terms and conditions, oppose closure of tax enquiry centres","","walkout, strike, demonstration","London","2013-05-29",3,1.92269092798233,2,2,0,0,2,0,0,0,0,0,0,0,0,0,0,0,0,0,2,0,0,0,0,0,0,0,0,0,0,0,0,0,"pov"
"OccupyMCR/2013-06-01","2013-06-01","OccupyMCR","Participated","Protest","After event","No","Yes","No","Yes","No","Public space","oppose bedroom tax","","stopped traffic with bed, day of action","Manchester","2013-06-01",6,3.37970519065857,0,0,0,0,0,0,0,0,0,0,0,0,0,0,0,0,0,0,0,0,0,0,0,0,0,0,0,0,0,0,0,0,"pov"
"Ukuncut/2013-06-04","2013-06-04","Ukuncut","Participated","Protest","Before event day","Yes","No","No","No","No","Public space","Save UK justice, oppose legal aid cuts","","demonstration","Petit France","2013-06-03",3,2.74844789466031,0,0,0,0,0,0,0,0,0,0,0,0,0,0,0,0,0,0,0,0,0,0,0,0,0,0,0,0,0,0,0,0,"pov"
"reclaimthepower/2013-06-06","2013-06-06","reclaimthepower","Organised","Protest","After event","No","No","No","Yes","No","Company site","Oppose greenwashing","","banner drop","EDF arena","2013-06-06",7,2.2920439031502,0,0,0,0,0,0,0,0,0,0,0,0,0,0,0,0,0,0,0,0,0,0,0,0,0,0,0,0,0,0,0,0,"env"
"Dis_PPL_Protest/2013-06-07","2013-06-07","Dis_PPL_Protest","Organised","Protest","Before event day","Yes","No","No","No","No","Unknown","ATOS/DWP protest","","protest","Norfolk","2013-05-13",7,3.11315956711769,0,0,0,0,0,0,0,0,0,0,0,0,0,0,0,0,0,0,0,0,0,0,0,0,0,0,0,0,0,0,0,0,"pov"
"pcs_union/2013-06-07","2013-06-07","pcs_union","Organised","Protest","Before event day","No","No","No","No","No","Public space","","","rally","St Enoch Square, Glasgow","2013-05-31",3,1.38476258095609,0,0,0,0,0,0,0,0,0,0,0,0,0,0,0,0,0,0,0,0,0,0,0,0,0,0,0,0,0,0,0,0,"pov"
"ActionAidUK/2013-06-08","2013-06-08","ActionAidUK","Organised","Protest","Before event day","Yes","No","No","No","No","Public space","demand action from #G8 leaders to tackle hunger","","1000s","Hyde Park","2013-05-17",20,9.01523805742674,1,0,1,0,0,0,0,0,1,0,0,0,0,0,0,0,0,0,0,0,0,0,0,0,0,0,0,0,0,0,0,0,"pov"
"ShellOutSounds/2013-06-09","2013-06-09","ShellOutSounds","Organised","Protest","Before event day","Yes","No","No","Yes","No","Company site","Choral flashmob at Spira Mirabilis concert, oppose Shell sponsorship","","choral flashmob","Southbank","2013-06-05",11,8.3178387952399,0,0,0,0,0,0,0,0,0,0,0,0,0,0,0,0,0,0,0,0,0,0,0,0,0,0,0,0,0,0,0,0,"env"
"pcs_union/2013-06-10","2013-06-10","pcs_union","Organised","Strike","After event","No","No","No","No","No","Other","Crown Prosecution Service and prisons strike","","walkout","","2013-06-10",4,1.22870710504556,1,0,1,0,0,0,1,0,0,0,0,0,0,0,0,0,0,0,0,0,0,0,0,0,0,0,0,0,0,0,0,0,"pov"
"campaigncc/2013-06-13","2013-06-13","campaigncc","Organised","Protest","Before event day","Yes","No","No","No","No","Public space","Oppose ar sands","","protest","outside Parliament","2013-06-06",4,1.41144334897399,0,0,0,0,0,0,0,0,0,0,0,0,0,0,0,0,0,0,0,0,0,0,0,0,0,0,0,0,0,0,0,0,"env"
"reclaimthepower/2013-06-14","2013-06-14","reclaimthepower","Organised","Protest","Before event day","Yes","No","No","No","No","Public space","protest about cuts, climate and crisis","","protest","Canary Wharf","2013-05-17",2,1.07425015419722,0,0,0,0,0,0,0,0,0,0,0,0,0,0,0,0,0,0,0,0,0,0,0,0,0,0,0,0,0,0,0,0,"env"
"OccupyLondon, Ukuncut/2013-06-14","2013-06-14","OccupyLondon, Ukuncut","Organised, Participated","Protest","Before event day","Yes","No","No","No","Yes","Public space","They owe us, stop G8, food liberation front","","mass protest, creative resistance","Canary Wharf","2013-05-24",33,15.329744651967,3,3,2,2,1,0,1,0,0,0,0,0,0,0,0,1,0,0,1,0,1,0,0,0,0,0,0,0,0,1,0,0,"pov"
"pcs_union/2013-06-17","2013-06-17","pcs_union","Organised","Strike","On day, before event","No","No","No","No","No","Other","defence and justice strikes","","strike","","2013-06-17",4,1.64816767735373,2,2,1,1,0,0,1,0,0,0,0,0,0,0,1,0,0,0,0,0,1,0,0,0,0,0,0,0,1,0,0,0,"pov"
"OccupyLondon/2013-06-19","2013-06-19","OccupyLondon","Organised","Protest","Before event day","Yes","No","No","No","No","Political site","Protest Chancellor Mansion House speech, banks out of control","","protest","Mansion House","2013-06-18",5,2.8335724253888,0,0,0,0,0,0,0,0,0,0,0,0,0,0,0,0,0,0,0,0,0,0,0,0,0,0,0,0,0,0,0,0,"pov"
"NASUWT/2013-06-27","2013-06-27","NASUWT","Organised","Both","Before event day","Yes","No","No","No","No","Public space","teacher strike","1000s","march, strike, rally","Manchester, Liverpool","2013-03-18",24,14.0433688194533,37,37,6,6,10,4,3,1,4,5,5,0,4,1,0,0,0,0,10,4,3,1,4,5,5,0,4,1,0,0,0,0,"pov"
"pcs_union/2013-06-27","2013-06-27","pcs_union","Organised","Protest","Before event day","No","No","No","No","No","Public space","anti-cuts","1000s","protest, rally","","2013-06-12",14,9.91259784258922,0,0,0,0,0,0,0,0,0,0,0,0,0,0,0,0,0,0,0,0,0,0,0,0,0,0,0,0,0,0,0,0,"pov"
"EquityUK/2013-06-29","2013-06-29","EquityUK","Participated","Protest","Before event day","Yes","No","No","No","No","Public space","Pride","","march","London","2013-06-20",3,1.95589299499989,0,0,0,0,0,0,0,0,0,0,0,0,0,0,0,0,0,0,0,0,0,0,0,0,0,0,0,0,0,0,0,0,"pov"
"Dis_PPL_Protest/2013-07-03","2013-07-03","Dis_PPL_Protest","Participated","Protest","Before event day","Yes","No","No","No","No","Public space","against cuts that will restrict travel access","","protest","Burton-on -Trent","2013-06-16",2,1.41983926268362,0,0,0,0,0,0,0,0,0,0,0,0,0,0,0,0,0,0,0,0,0,0,0,0,0,0,0,0,0,0,0,0,"pov"
"NHSour/2013-07-05","2013-07-05","NHSour","Organised","Protest","Before event day","Yes","No","No","No","No","Public space","","","demonstration","Weston Super Mare","2013-07-03",1,0.896991491,0,0,0,0,0,0,0,0,0,0,0,0,0,0,0,0,0,0,0,0,0,0,0,0,0,0,0,0,0,0,0,0,"pov"
"GreenpeaceUK/2013-07-11","2013-07-11","GreenpeaceUK","Organised","Protest","After event","No","Yes","No","No","No","Company site","Ice climb ","6","scale building","the Shard","2013-07-11",11,1.41459037489891,44,44,44,44,5,1,5,1,1,5,1,2,1,3,0,7,2,10,5,1,5,1,1,5,1,2,1,3,0,7,2,10,"env"
"campaigncc, climatecamp, friends_earth/2013-07-13","2013-07-13","campaigncc, climatecamp, friends_earth","Participated, Participated, Participated","Protest","Before event day","Yes","No","No","No","No","Public space","National rally against road-building","","rally","Crowhurst, East Sussex","2013-06-19",8,4.95935615977125,0,0,0,0,0,0,0,0,0,0,0,0,0,0,0,0,0,0,0,0,0,0,0,0,0,0,0,0,0,0,0,0,"env"
"Dis_PPL_Protest/2013-07-13","2013-07-13","Dis_PPL_Protest","Participated","Protest","After event","No","No","No","No","No","Political site","oppose bedroom tax","","protest","Downing street","2013-07-13",2,1.71178567409515,0,0,0,0,0,0,0,0,0,0,0,0,0,0,0,0,0,0,0,0,0,0,0,0,0,0,0,0,0,0,0,0,"pov"
"Dis_PPL_Protest, Ukuncut/2013-07-20","2013-07-20","Dis_PPL_Protest, Ukuncut","Organised, Organised","Protest","Before event day","Yes","Yes","No","Yes","No","Company site","Stuff the banks","","shut down, food bank inside bank","HSBC branch","2013-06-26",67,36.7531017269773,3,3,3,3,2,0,0,0,1,0,0,0,0,0,0,0,0,0,2,0,0,0,1,0,0,0,0,0,0,0,0,0,"pov"
"GreenpeaceUK/2013-07-25","2013-07-25","GreenpeaceUK","Organised","Protest","Before event day","No","No","No","No","No","Unknown","Against Cuadrilla drilling","","protest","","2013-07-24",2,0.928354240868073,8,7,8,7,0,0,2,0,0,0,0,0,3,2,0,0,1,0,0,0,2,0,0,0,0,0,3,1,0,0,1,0,"env"
"reclaimthepower/2013-07-27","2013-07-27","reclaimthepower","Organised","Protest","Before event day","No","Yes","No","Yes","No","Company site","Oppose 'climate killing bank'","","bank invasion","bank","2013-07-26",3,2.29904800656836,0,0,0,0,0,0,0,0,0,0,0,0,0,0,0,0,0,0,0,0,0,0,0,0,0,0,0,0,0,0,0,0,"env"
"Dis_PPL_Protest/2013-07-27","2013-07-27","Dis_PPL_Protest","Participated","Protest","Before event day","Yes","No","No","No","No","Unknown","National Bedroom Tax Protest","","protest","","2013-07-11",9,6.68816864490509,0,0,0,0,0,0,0,0,0,0,0,0,0,0,0,0,0,0,0,0,0,0,0,0,0,0,0,0,0,0,0,0,"pov"
"FrackOffLondon/2013-07-28","2013-07-28","FrackOffLondon","Participated","Protest","On day, before event","Yes","No","No","No","No","Company site","oppose fracking","","camp, protest","Balcombe","2013-07-28",1,0.928187012672424,0,0,0,0,0,0,0,0,0,0,0,0,0,0,0,0,0,0,0,0,0,0,0,0,0,0,0,0,0,0,0,0,"env"
"FrackOffLondon/2013-07-29","2013-07-29","FrackOffLondon","Participated","Protest","After event","No","Yes","No","No","No","Company site","","","blockade","Cuadrilla site","2013-07-29",4,0.918693578052667,2,2,2,2,0,1,0,0,0,0,0,0,1,0,0,0,0,0,0,1,0,0,0,0,0,0,1,0,0,0,0,0,"env"
"Dis_PPL_Protest/2013-07-30","2013-07-30","Dis_PPL_Protest","Participated","Protest","Before event day","Yes","No","No","No","No","Public space","defend legal aid","","rally, protest","","2012-07-04",9,6.14950120497427,0,0,0,0,0,0,0,0,0,0,0,0,0,0,0,0,0,0,0,0,0,0,0,0,0,0,0,0,0,0,0,0,"pov"
"reclaimthepower/2013-08-01","2013-08-01","reclaimthepower","Organised","Protest","After event","No","No","No","No","No","Company site","great gas gala solidarity action","","action","Cuadrilla HQ","2013-08-01",10,4.24106912637026,4,3,2,2,0,0,1,0,0,0,0,0,3,0,0,0,0,0,0,0,0,0,0,0,0,0,3,0,0,0,0,0,"env"
"unitetheunion/2013-08-01","2013-08-01","unitetheunion","Organised","Strike","On day, before event","No","No","No","No","No","Other","Leeds General Infirmary strike, patient safety and pay cuts","","strike","Leeds","2013-08-01",2,1.50988614566373,0,0,0,0,0,0,0,0,0,0,0,0,0,0,0,0,0,0,0,0,0,0,0,0,0,0,0,0,0,0,0,0,"pov"
"reclaimthepower/2013-08-11","2013-08-11","reclaimthepower","Organised","Protest","Before event day","Yes","No","No","No","No","Public space","March for a Frack Free Future","","march","Balcombe","2013-08-12",1,0.86674702167511,0,0,0,0,0,0,0,0,0,0,0,0,0,0,0,0,0,0,0,0,0,0,0,0,0,0,0,0,0,0,0,0,"env"
"reclaimthepower/2013-08-16","2013-08-16","reclaimthepower","Organised","Protest","Before event day","Yes","Yes","No","No","No","Company site","Mass swoop on Cuadrilla","100s","mass swoop, mass, audacious and creative acts of civil disobedience","Cuadrilla, Balcombe","2013-06-22",15,2.34124452794065,30,27,27,25,4,2,1,0,0,1,1,0,1,3,0,0,0,17,4,1,1,0,0,1,1,0,1,2,0,0,0,16,"env"
"reclaimthepower/2013-08-18","2013-08-18","reclaimthepower","Organised","Protest","After event","No","No","No","No","No","Company site","Oppose Cuadrilla","","drumming, action","Cuadrilla fracking site","2013-08-18",7,2.26402612770713,19,15,16,13,6,2,3,0,1,0,1,0,1,2,1,0,0,2,5,2,1,0,1,0,1,0,1,2,0,0,0,2,"env"
"reclaimthepower/2013-08-19","2013-08-19","reclaimthepower","Organised","Protest","On day, before event","No","Yes","No","No","Yes","Company site","Oppose fracking","300+","mass civil disobedience, blockade, glued on","Bell Pottinger HQ","2013-08-19",17,7.87648677543211,40,33,32,27,3,2,5,0,1,2,1,1,4,9,1,1,0,10,2,2,4,0,1,2,1,1,3,5,1,1,0,10,"env"
"Dis_PPL_Protest/2013-08-29","2013-08-29","Dis_PPL_Protest","Organised","Protest","Before event day","Yes","No","No","No","No","Unknown","make Crossrail fully accessible","","day of action","","2013-07-16",28,12.1001865118742,0,0,0,0,0,0,0,0,0,0,0,0,0,0,0,0,0,0,0,0,0,0,0,0,0,0,0,0,0,0,0,0,"pov"
"Dis_PPL_Protest/2013-08-30","2013-08-30","Dis_PPL_Protest","Organised","Protest","Before event day","Yes","No","No","No","No","Company site","oppose ATOS","","protest","Swansea Atos building","2013-08-13",16,5.12056465446949,0,0,0,0,0,0,0,0,0,0,0,0,0,0,0,0,0,0,0,0,0,0,0,0,0,0,0,0,0,0,0,0,"pov"
"CNDuk/2013-08-31","2013-08-31","CNDuk","Organised","Protest","Before event day","Yes","No","No","No","No","Public space","Don't attack Syria","","demonstration","Temple Place, Embankment","2013-08-29",10,5.82381698652875,0,0,0,0,0,0,0,0,0,0,0,0,0,0,0,0,0,0,0,0,0,0,0,0,0,0,0,0,0,0,0,0,"env"
"reclaimthepower/2013-09-01","2013-09-01","reclaimthepower","Participated","Protest","Before event day","No","Yes","No","No","No","Company site","28 days later rolling blockade","","blockade","Balcombe fracking site","2013-08-30",1,0.904049277,0,0,0,0,0,0,0,0,0,0,0,0,0,0,0,0,0,0,0,0,0,0,0,0,0,0,0,0,0,0,0,0,"env"
"CNDuk/2013-09-02","2013-09-02","CNDuk","Participated","Protest","Before event day","Yes","Yes","No","No","No","Company site","cut trident","","blockade","Burghfield nuclear bomb factory","2013-09-01",3,1.97617182135582,0,0,0,0,0,0,0,0,0,0,0,0,0,0,0,0,0,0,0,0,0,0,0,0,0,0,0,0,0,0,0,0,"env"
"CNDuk/2013-09-03","2013-09-03","CNDuk","Organised","Protest","Before event day","Yes","No","No","No","No","Embassy","oppose military action in Syria","","protest","US embassy","2013-09-02",1,0.901588678359985,0,0,0,0,0,0,0,0,0,0,0,0,0,0,0,0,0,0,0,0,0,0,0,0,0,0,0,0,0,0,0,0,"env"
"GreenpeaceUK/2013-09-04","2013-09-04","GreenpeaceUK","Organised","Protest","After event","No","No","No","Yes","No","Political site","Oppose fracking","<20","set up fake fracking rig","County hall, Preston, Lancashire","2013-09-04",4,1.15308696040935,1,1,1,1,0,0,1,0,0,0,0,0,0,0,0,0,0,0,0,0,1,0,0,0,0,0,0,0,0,0,0,0,"env"
"Dis_PPL_Protest/2013-09-04","2013-09-04","Dis_PPL_Protest","Organised","Protest","Before event day","Yes","No","No","No","No","Political site","Reclaiming our futures","","week of action, protest, present manifesto","government departments: DfE, DECC, DfT, Dep. Health","2013-08-06",19,5.10003394673399,1,1,1,1,0,0,1,0,0,0,0,0,0,0,0,0,0,0,0,0,1,0,0,0,0,0,0,0,0,0,0,0,"pov"
"pplsassembly/2013-09-05","2013-09-05","pplsassembly","Organised","Protest","Before event day","Yes","No","No","No","No","Public space","Merseyside People's Assembly rally","","rally","Merseyside","2013-08-30",2,1.35097843408585,0,0,0,0,0,0,0,0,0,0,0,0,0,0,0,0,0,0,0,0,0,0,0,0,0,0,0,0,0,0,0,0,"pov"
"OccupyLondon/2013-09-08","2013-09-08","OccupyLondon","Organised","Protest","Before event day","Yes","No","No","No","No","Company site","Occupy DSEI arms fair","","mass action","DSEI arms fair","2013-08-21",16,8.47515127062798,0,0,0,0,0,0,0,0,0,0,0,0,0,0,0,0,0,0,0,0,0,0,0,0,0,0,0,0,0,0,0,0,"pov"
"reclaimthepower/2013-09-11","2013-09-11","reclaimthepower","Organised","Protest","On day, before event","Yes","Yes","No","No","No","Company site","Opposing Cuadrilla","","mass football game at site gate","Cuadrilla work site","2013-09-11",2,0.386949536966171,0,0,0,0,0,0,0,0,0,0,0,0,0,0,0,0,0,0,0,0,0,0,0,0,0,0,0,0,0,0,0,0,"env"
"GreenpeaceUK/2013-09-13","2013-09-13","GreenpeaceUK","Organised","Protest","After event","No","No","No","Yes","No","Company site","Ice ride, protect Arctic","","polar bear puppet, protest","Shell HQ","2013-09-13",6,3.38532109558582,0,0,0,0,0,0,0,0,0,0,0,0,0,0,0,0,0,0,0,0,0,0,0,0,0,0,0,0,0,0,0,0,"env"
"OccupyLondon/2013-09-13","2013-09-13","OccupyLondon","Organised","Protest","Before event day","Yes","No","No","No","No","Public space","oppose city financing of climate change","","protest","Liverpool street","2013-08-03",10,5.55443027636562,0,0,0,0,0,0,0,0,0,0,0,0,0,0,0,0,0,0,0,0,0,0,0,0,0,0,0,0,0,0,0,0,"pov"
"CNDuk/2013-09-14","2013-09-14","CNDuk","Organised","Protest","Before event day","Yes","No","No","No","No","Political site","Scrap Trident","","rally","Liberal democrat conference","2013-09-09",3,2.39747047424316,0,0,0,0,0,0,0,0,0,0,0,0,0,0,0,0,0,0,0,0,0,0,0,0,0,0,0,0,0,0,0,0,"env"
"NASUWT/2013-09-14","2013-09-14","NASUWT","Organised","Protest","Before event day","Yes","No","No","No","No","Public space","Rally for education","","rally","London, Nottingham","2013-09-13",2,1.75727927684784,0,1,0,0,0,0,0,0,0,0,0,0,0,0,0,0,0,0,0,0,1,0,0,0,0,0,0,0,0,0,0,0,"pov"
"GreenpeaceUK/2013-09-15","2013-09-15","GreenpeaceUK","Organised","Protest","Before event day","Yes","No","No","Yes","No","Company site","Aurora, save the arctic","","walk giant polar bear to Shell","Shell office","2013-09-04",8,2.2288468592366,0,0,0,0,0,0,0,0,0,0,0,0,0,0,0,0,0,0,0,0,0,0,0,0,0,0,0,0,0,0,0,0,"env"
"EquityUK/2013-09-18","2013-09-18","EquityUK","Organised","Protest","Before event day","Yes","No","No","Yes","No","Entertainment/cultural","oppose cuts to culture","","protest, human chain","National Gallery","2013-09-05",4,2.18555768534819,0,0,0,0,0,0,0,0,0,0,0,0,0,0,0,0,0,0,0,0,0,0,0,0,0,0,0,0,0,0,0,0,"pov"
"pplsassembly/2013-09-19","2013-09-19","pplsassembly","Organised","Protest","Before event day","Yes","No","No","No","No","Public space","Manchester People’s Assembly Rally","","rally","Manchester","2013-09-01",37,5.39512409255125,0,0,0,0,0,0,0,0,0,0,0,0,0,0,0,0,0,0,0,0,0,0,0,0,0,0,0,0,0,0,0,0,"pov"
"reclaimthepower/2013-09-23","2013-09-23","reclaimthepower","Organised","Protest","After event","No","Yes","No","No","Yes","Company site","Oppose Cuadrilla","","blockade","Balcombe, Cuadrilla work site","2013-09-23",2,0.968183737,1,1,1,1,0,0,1,0,0,0,0,0,0,0,0,0,0,0,0,0,1,0,0,0,0,0,0,0,0,0,0,0,"env"
"CNDuk, reclaimthepower/2013-09-29","2013-09-29","CNDuk, reclaimthepower","Participated, Participated","Protest","Before event day","Yes","No","No","No","No","Public space","austerity march, frack the frackers, give us a million climate jobs now, NHS not Trident","1000s","demonstration, march","Manchester, Liverpool Road","2013-09-26",5,2.96363990780808,0,0,0,0,0,0,0,0,0,0,0,0,0,0,0,0,0,0,0,0,0,0,0,0,0,0,0,0,0,0,0,0,"env"
"bectu, keepnhspublic, MidwivesRCM, NHSour, OccupyMCR, pcs_union, pplsassembly, resistunite, unisontheunion, unitetheunion/2013-09-29","2013-09-29","bectu, keepnhspublic, MidwivesRCM, NHSour, OccupyMCR, pcs_union, pplsassembly, resistunite, unisontheunion, unitetheunion","Participated, Participated, Participated, Organised, Participated, Organised, Organised, Participated, Organised, Organised","Protest","Before event day","Yes","No","No","No","No","Public space","Save the NHS","50000","demonstration","Manchester","2013-07-16",105,64.745557394627,8,6,6,4,1,0,0,0,6,1,0,0,0,0,0,0,0,0,0,0,0,0,6,0,0,0,0,0,0,0,0,0,"pov"
"ShellOutSounds/2013-10-01","2013-10-01","ShellOutSounds","Organised","Protest","After event","No","No","No","No","No","Public space","oppose Shell sponsorship of arts","","protest","Southbank","2013-10-01",10,8.77777701616287,0,0,0,0,0,0,0,0,0,0,0,0,0,0,0,0,0,0,0,0,0,0,0,0,0,0,0,0,0,0,0,0,"env"
"NASUWT/2013-10-01","2013-10-01","NASUWT","Organised","Both","Before event day","No","No","No","No","No","Public space","Teachers together, teacher strike and rally","1000s","strike, march, industrial action, rally","Eastern, East Midlands, West Midlands, Yorkshire and Humberside regions, Birmingham","2013-09-05",9,5.36191389358951,27,23,14,11,7,1,5,0,1,1,2,0,4,2,0,0,1,3,6,1,4,0,1,1,2,0,4,1,0,0,1,2,"pov"
"ShellOutSounds/2013-10-02","2013-10-02","ShellOutSounds","Organised","Protest","Before event day","No","Yes","No","Yes","No","Entertainment/cultural","Oppose Shell sponsorship","","singing, intervention","Southbank","2013-10-02",1,0.805799424648285,0,0,0,0,0,0,0,0,0,0,0,0,0,0,0,0,0,0,0,0,0,0,0,0,0,0,0,0,0,0,0,0,"env"
"CNDuk/2013-10-03","2013-10-03","CNDuk","Organised","Protest","After event","No","Yes","No","No","No","Company site","","","blockade","Atomic Weapons Establishment, Burghfield","2013-10-03",1,0.831224501132965,0,0,0,0,0,0,0,0,0,0,0,0,0,0,0,0,0,0,0,0,0,0,0,0,0,0,0,0,0,0,0,0,"env"
"GreenpeaceUK/2013-10-05","2013-10-05","GreenpeaceUK","Organised","Protest","Before event day","Yes","No","No","Yes","No","Embassy","solidarity with the Arctic 30","","vigil","Edinburgh, Russian consulate, cities across Britain","2013-09-28",17,4.84896103042832,9,9,9,9,2,0,1,0,1,0,1,0,0,0,0,0,0,4,2,0,1,0,1,0,1,0,0,0,0,0,0,4,"env"
"Ukuncut/2013-10-05","2013-10-05","Ukuncut","Organised","Protest","Before event day","Yes","Yes","No","No","No","Public space","defend legal aid","","roadblock","Hull, Cambridge, London, Northampton, Norwich, Liverpool and Manchester","2013-08-22",54,33.1363581266885,5,5,4,4,0,0,1,1,1,1,0,0,0,0,0,1,0,0,0,0,1,1,1,1,0,0,0,0,0,1,0,0,"pov"
"pplsassembly/2013-10-06","2013-10-06","pplsassembly","Organised","Protest","Before event day","Yes","No","No","Yes","No","Company site","Oppose Daily Mail hate","","protest, carnival","Daily Mail office, Manchester","2013-10-02",34,26.2486005460632,3,0,1,0,2,0,0,0,1,0,0,0,0,0,0,0,0,0,0,0,0,0,0,0,0,0,0,0,0,0,0,0,"pov"
"CNDuk/2013-10-08","2013-10-08","CNDuk","Participated","Protest","Before event day","Yes","No","No","No","No","Public space","Oppose gagging law","","rally","Parliament square","2013-10-02",3,2.49214684963226,0,0,0,0,0,0,0,0,0,0,0,0,0,0,0,0,0,0,0,0,0,0,0,0,0,0,0,0,0,0,0,0,"env"
"unitetheunion/2013-10-12","2013-10-12","unitetheunion","Organised","Protest","Before event day","Yes","No","No","No","No","Public space","March against fascism","","march","Liverpool","2013-09-04",23,17.9729948635695,4,4,2,2,0,0,2,0,1,0,0,0,1,0,0,0,0,0,0,0,2,0,1,0,0,0,1,0,0,0,0,0,"pov"
"Dis_PPL_Protest/2013-10-14","2013-10-14","Dis_PPL_Protest","Organised","Protest","Before event day","Yes","No","No","Yes","No","Court","Save Independent Living Fund","","vigil","Royal Courts of Justice","2013-10-05",6,2.20645394897075,0,0,0,0,0,0,0,0,0,0,0,0,0,0,0,0,0,0,0,0,0,0,0,0,0,0,0,0,0,0,0,0,"pov"
"fbunational/2013-10-16","2013-10-16","fbunational","Organised","Protest","Before event day","Yes","No","No","No","No","Public space","Save our fire and rescue service","","demonstration","","2013-09-27",3,2.5863835811615,2,2,2,2,1,0,1,0,0,0,0,0,0,0,0,0,0,0,1,0,1,0,0,0,0,0,0,0,0,0,0,0,"pov"
"NASUWT/2013-10-17","2013-10-17","NASUWT","Organised","Both","Before event day","No","No","No","No","No","Public space","Teachers together, teacher strike and march","1000s","strike, march, rally","North East, London, South East and South West regions","2013-09-05",11,8.51456853743193,40,26,24,21,8,1,7,0,3,2,2,0,4,1,0,1,0,11,3,1,4,0,1,2,0,0,2,1,0,1,0,11,"pov"
"unitetheunion/2013-10-18","2013-10-18","unitetheunion","Participated","Protest","Before event day","Yes","No","No","No","No","Political site","oppose council tax benefit cuts","","protest","Camberwell magistrates court","2013-10-17",9,2.49592787801247,0,0,0,0,0,0,0,0,0,0,0,0,0,0,0,0,0,0,0,0,0,0,0,0,0,0,0,0,0,0,0,0,"pov"
"TheStudentAssem/2013-10-18","2013-10-18","TheStudentAssem","Organised","Protest","Before event day","Yes","No","No","Yes","No","Political site","The Great Student Sell Off, oppose sale of student debt","","stunt","BIS","2013-10-15",3,1.61586992442608,0,0,0,0,0,0,0,0,0,0,0,0,0,0,0,0,0,0,0,0,0,0,0,0,0,0,0,0,0,0,0,0,"pov"
"FrackOffLondon/2013-10-23","2013-10-23","FrackOffLondon","Organised","Protest","Before event day","Yes","No","No","No","No","Company site","Oppose greenwashing","","demonstration","outside the Shale Gas Environmental Summit, Great Portland street","2013-10-21",3,1.55171193943841,0,0,0,0,0,0,0,0,0,0,0,0,0,0,0,0,0,0,0,0,0,0,0,0,0,0,0,0,0,0,0,0,"env"
"TheStudentAssem/2013-10-24","2013-10-24","TheStudentAssem","Organised","Protest","Before event day","Yes","No","No","No","No","Other","oppose austerity","","rally","SOAS","2013-10-21",3,1.10938387341566,0,0,0,0,0,0,0,0,0,0,0,0,0,0,0,0,0,0,0,0,0,0,0,0,0,0,0,0,0,0,0,0,"pov"
"ShellOutSounds/2013-10-25","2013-10-25","ShellOutSounds","Organised","Protest","After event","No","Yes","No","Yes","No","Company site","Oppose Shell sponsorship","","flashmob choir","Southbank","2013-10-25",46,39.1486940178644,0,0,0,0,0,0,0,0,0,0,0,0,0,0,0,0,0,0,0,0,0,0,0,0,0,0,0,0,0,0,0,0,"env"
"ShellOutSounds/2013-10-26","2013-10-26","ShellOutSounds","Organised","Protest","After event","No","No","No","Yes","No","Entertainment/cultural","oppose Shell sponsorship","","flashmob choir","Southbank","2013-10-26",6,5.34931766855585,0,0,0,0,0,0,0,0,0,0,0,0,0,0,0,0,0,0,0,0,0,0,0,0,0,0,0,0,0,0,0,0,"env"
"HousingActionSL/2013-10-28","2013-10-28","HousingActionSL","Organised","Protest","After event","No","Yes","No","No","No","Other","oppose sale of council housing","","occupation","home in Southwark","2013-10-28",8,4.81992198526859,0,0,0,0,0,0,0,0,0,0,0,0,0,0,0,0,0,0,0,0,0,0,0,0,0,0,0,0,0,0,0,0,"pov"
"TheCCoalition/2013-10-30","2013-10-30","TheCCoalition","Organised","Protest","Before event day","Yes","No","No","No","No","Public space","Want to see double demo, support walking and cycling","","demonstration","Edinburgh, St Andrew's House, Regent Road","2013-10-17",24,4.52427666555059,1,1,1,1,0,0,0,0,0,0,0,1,0,0,0,0,0,0,0,0,0,0,0,0,0,1,0,0,0,0,0,0,"env"
"unisontheunion, unitetheunion/2013-10-31","2013-10-31","unisontheunion, unitetheunion","Participated, Organised","Strike","Before event day","No","No","No","No","No","Other","Fair pay in higher education","","strike, picket","","2013-10-16",19,9.63126646372885,13,12,6,5,6,0,2,0,2,0,1,0,1,0,0,0,0,1,5,0,2,0,2,0,1,0,1,0,0,0,0,1,"pov"
"CNDuk/2013-11-05","2013-11-05","CNDuk","Participated","Protest","On day, before event","Yes","Yes","No","No","No","Public space","Burn austerity protest, cut war not welfare","","protest, block","Westminster bridge","2013-11-05",2,0.683275174349547,0,0,0,0,0,0,0,0,0,0,0,0,0,0,0,0,0,0,0,0,0,0,0,0,0,0,0,0,0,0,0,0,"env"
"pplsassembly, TheStudentAssem/2013-11-05","2013-11-05","pplsassembly, TheStudentAssem","Organised, Organised","Protest","Before event day","Yes","Yes","No","No","No","Public space","oppose austerity","","civil disobedience, protest, block bridge","Westminster bridge","2013-09-30",41,23.7910131524655,3,2,1,0,0,1,0,0,0,0,1,0,0,0,0,0,0,1,0,1,0,0,0,0,1,0,0,0,0,0,0,0,"pov"
"ASLEFunion/2013-11-09","2013-11-09","ASLEFunion","Organised","Strike","Before event day","No","No","No","No","No","Other","ASLEF strike","","strike","","2013-10-24",3,2.28449040651321,0,0,0,0,0,0,0,0,0,0,0,0,0,0,0,0,0,0,0,0,0,0,0,0,0,0,0,0,0,0,0,0,"pov"
"ShellOutSounds/2013-11-10","2013-11-10","ShellOutSounds","Organised","Protest","After event","No","Yes","No","Yes","No","Entertainment/cultural","Oppose Shell sponsorship","","harmonic disobedience","Southbank","2013-11-10",1,0.774100184440613,0,0,0,0,0,0,0,0,0,0,0,0,0,0,0,0,0,0,0,0,0,0,0,0,0,0,0,0,0,0,0,0,"env"
"unitetheunion/2013-11-12","2013-11-12","unitetheunion","Organised","Protest","Before event day","Yes","No","No","No","No","Public space","oppose bedroom tax","","demonstration, lobby, rally","outside Parliament","2013-11-11",8,3.15140603558715,2,1,2,1,1,0,0,0,1,0,0,0,0,0,0,0,0,0,0,0,0,0,1,0,0,0,0,0,0,0,0,0,"pov"
"GreenpeaceUK/2013-11-16","2013-11-16","GreenpeaceUK","Organised","Protest","Before event day","Yes","No","No","No","No","Unknown","support the Arctic 30","","protest","","2013-11-13",9,6.19113253007407,3,3,2,2,1,0,0,0,0,1,1,0,0,0,0,0,0,0,1,0,0,0,0,1,1,0,0,0,0,0,0,0,"env"
"unitetheunion/2013-11-16","2013-11-16","unitetheunion","Organised","Protest","Before event day","Yes","No","No","No","No","Public space","Defend workers rights, Save shipbuilding jobs","","demonstration, march","Doncaster rovers football ground, Portsmouth","2013-11-13",4,3.37318754208838,0,0,0,0,0,0,0,0,0,0,0,0,0,0,0,0,0,0,0,0,0,0,0,0,0,0,0,0,0,0,0,0,"pov"
"TheCCoalition/2013-11-18","2013-11-18","TheCCoalition","Organised","Protest","After event","No","No","No","Yes","No","Unknown","Coal-land stunt, prioritise climate change","","action, stunt, dress up","Edinburgh","2013-11-18",2,1.23016977310181,0,0,0,0,0,0,0,0,0,0,0,0,0,0,0,0,0,0,0,0,0,0,0,0,0,0,0,0,0,0,0,0,"env"
"TheStudentAssem/2013-11-20","2013-11-20","TheStudentAssem","Organised","Protest","Before event day","Yes","Yes","No","Yes","No","Other","Oppose privatisation of student debt","","occupied Santander branch, wearing ball and chain","Sheffield university, Nottingham university, ","2013-11-08",50,41.260470122099,1,1,0,0,1,0,0,0,0,0,0,0,0,0,0,0,0,0,1,0,0,0,0,0,0,0,0,0,0,0,0,0,"pov"
"unitetheunion/2013-11-20","2013-11-20","unitetheunion","Participated","Protest","Before event day","Yes","No","No","No","No","Public space","oppose blacklisting, construction companies own up, pay up, clean up","","protest","nationwide","2013-11-19",23,8.76040925784229,2,2,0,0,0,0,2,0,0,0,0,0,0,0,0,0,0,0,0,0,2,0,0,0,0,0,0,0,0,0,0,0,"pov"
"HousingActionSL/2013-11-20","2013-11-20","HousingActionSL","Participated","Protest","Before event day","No","No","No","No","No","Public space","No evictions","200","protest","Lambeth town hall","2013-11-17",4,3.01282212138176,0,0,0,0,0,0,0,0,0,0,0,0,0,0,0,0,0,0,0,0,0,0,0,0,0,0,0,0,0,0,0,0,"pov"
"GreenpeaceUK/2013-11-23","2013-11-23","GreenpeaceUK","Organised","Protest","After event","No","No","No","No","No","Company site","solidarity with arctic 30","","protest","Shell, Islington","2013-11-23",5,1.92207075966121,1,1,1,1,0,0,0,0,0,0,0,0,0,0,0,0,0,1,0,0,0,0,0,0,0,0,0,0,0,0,0,1,"env"
"reclaimthepower/2013-11-26","2013-11-26","reclaimthepower","Participated","Protest","Before event day","Yes","No","No","No","No","Company site","Bring down the big six, fuel poverty kills","","march","big six target","2013-11-05",3,1.7127365952348,0,0,0,0,0,0,0,0,0,0,0,0,0,0,0,0,0,0,0,0,0,0,0,0,0,0,0,0,0,0,0,0,"env"
"Dis_PPL_Protest, Ukuncut/2013-11-26","2013-11-26","Dis_PPL_Protest, Ukuncut","Organised, Organised","Protest","Before event day","Yes","No","No","Yes","No","Company site","Bring down the big 6","700","protest, carry coffin","npower office","2013-11-05",48,24.5543405261059,4,4,2,2,1,0,3,0,0,0,0,0,0,0,0,0,0,0,1,0,3,0,0,0,0,0,0,0,0,0,0,0,"pov"
"bectu/2013-11-30","2013-11-30","bectu","Organised","Protest","Before event day","Yes","No","No","No","No","Public space","Choice FM","","demonstration","London","2013-11-27",2,1.68411266803741,0,0,0,0,0,0,0,0,0,0,0,0,0,0,0,0,0,0,0,0,0,0,0,0,0,0,0,0,0,0,0,0,"pov"
"ShellOutSounds/2013-12-01","2013-12-01","ShellOutSounds","Organised","Protest","After event","No","No","No","Yes","No","Entertainment/cultural","Oppose Shell sponsorship","50","flashmob","Southbank","2013-12-01",7,3.06154760393122,0,0,0,0,0,0,0,0,0,0,0,0,0,0,0,0,0,0,0,0,0,0,0,0,0,0,0,0,0,0,0,0,"env"
"CNDuk/2013-12-03","2013-12-03","CNDuk","Organised","Protest","On day, before event","No","No","No","No","No","Political site","Oppose Cumbria nuclear waste dump","","protest","DECC","2013-12-03",1,0.805267453193665,0,0,0,0,0,0,0,0,0,0,0,0,0,0,0,0,0,0,0,0,0,0,0,0,0,0,0,0,0,0,0,0,"env"
"unisontheunion, unitetheunion/2013-12-03","2013-12-03","unisontheunion, unitetheunion","Organised, Organised","Strike","Before event day","No","No","No","No","No","Other","fair pay in higher education","","strike","","2013-11-12",24,13.1399771869837,6,6,2,2,5,0,0,0,0,0,0,0,1,0,0,0,0,0,5,0,0,0,0,0,0,0,1,0,0,0,0,0,"pov"
"TheStudentAssem/2013-12-03","2013-12-03","TheStudentAssem","Organised","Protest","After event","No","Yes","No","No","No","Other","Solidarity with HE strikes occupation","","occupation","Sussex university, Goldsmiths college","2013-12-03",5,3.88954818248749,0,0,0,0,0,0,0,0,0,0,0,0,0,0,0,0,0,0,0,0,0,0,0,0,0,0,0,0,0,0,0,0,"pov"
"OccupyLondon, TheStudentAssem/2013-12-04","2013-12-04","OccupyLondon, TheStudentAssem","Participated, Participated","Protest","After event","No","Yes","No","No","No","Other","Student housing","","demonstration, occupation, (alleged police violence)","University of London","2013-12-04",11,6.65980714559998,4,1,3,0,4,0,0,0,0,0,0,0,0,0,0,0,0,0,0,0,1,0,0,0,0,0,0,0,0,0,0,0,"pov"
"CNDuk/2013-12-05","2013-12-05","CNDuk","Organised","Protest","Before event day","No","No","No","No","No","Court","Support legal challenge against new nuclear plant","","demonstration","Royal Court of Justice","2013-12-04",4,1.77667557411526,0,0,0,0,0,0,0,0,0,0,0,0,0,0,0,0,0,0,0,0,0,0,0,0,0,0,0,0,0,0,0,0,"env"
"reclaimthepower/2013-12-08","2013-12-08","reclaimthepower","Organised","Protest","Before event day","Yes","No","No","No","No","Company site","No to coal bed methane, no to fracking","","protest, rally","Barton Moss","2013-12-05",1,0.892544687,0,0,0,0,0,0,0,0,0,0,0,0,0,0,0,0,0,0,0,0,0,0,0,0,0,0,0,0,0,0,0,0,"env"
"TheStudentAssem/2013-12-11","2013-12-11","TheStudentAssem","Organised","Protest","Before event day","Yes","No","No","No","No","Other","Defend right to protest","1000","march","University of London","2013-12-10",4,2.39626927673817,1,3,0,0,1,0,0,0,0,0,0,0,0,0,0,0,0,0,3,0,0,0,0,0,0,0,0,0,0,0,0,0,"pov"
"unitetheunion/2013-12-14","2013-12-14","unitetheunion","Organised","Protest","Before event day","Yes","No","No","No","No","Public space","save shipbuilding in Portsmouth","","march, rally","Portsmouth","2013-12-11",5,3.73723162710667,0,0,0,0,0,0,0,0,0,0,0,0,0,0,0,0,0,0,0,0,0,0,0,0,0,0,0,0,0,0,0,0,"pov"
"pplsassembly/2013-12-14","2013-12-14","pplsassembly","Organised","Protest","Before event day","Yes","No","No","Yes","No","Public space","Austerity kills Christmas","","alternative carol singing, protest, day of action","Piccadilly Gardens","2013-12-03",6,3.16318210900646,0,0,0,0,0,0,0,0,0,0,0,0,0,0,0,0,0,0,0,0,0,0,0,0,0,0,0,0,0,0,0,0,"pov"
"reclaimthepower/2013-12-16","2013-12-16","reclaimthepower","Organised","Protest","After event","No","Yes","No","Yes","No","Company site","Oppose fracking","50","blockade, blockade with wind turbine","Barton Moss fracking site","2013-12-16",4,2.69090229272842,2,2,2,2,0,0,2,0,0,0,0,0,0,0,0,0,0,0,0,0,2,0,0,0,0,0,0,0,0,0,0,0,"env"
"unitetheunion/2013-12-16","2013-12-16","unitetheunion","Organised","Protest","After event","No","No","No","No","No","Political site","Oppose hospital closure clause","","protest, petition hand in","Department of Health","2013-12-16",8,2.9313750638497,1,1,0,0,0,0,0,0,1,0,0,0,0,0,0,0,0,0,0,0,0,0,1,0,0,0,0,0,0,0,0,0,"pov"
"EquityUK/2014-01-09","2014-01-09","EquityUK","Participated","Protest","Before event day","Yes","No","No","No","No","Unknown","save Southwark","","protest","","2014-01-08",5,2.85699401795864,0,0,0,0,0,0,0,0,0,0,0,0,0,0,0,0,0,0,0,0,0,0,0,0,0,0,0,0,0,0,0,0,"pov"
"reclaimthepower/2014-01-12","2014-01-12","reclaimthepower","Participated","Protest","Before event day","Yes","No","No","No","No","Public space","locals reject fracking","1000","march, rally","Barton moss, Salford","2014-01-08",5,2.90028204763336,1,1,1,1,0,0,1,0,0,0,0,0,0,0,0,0,0,0,0,0,1,0,0,0,0,0,0,0,0,0,0,0,"env"
"reclaimthepower/2014-01-13","2014-01-13","reclaimthepower","Organised","Protest","After event","No","Yes","No","No","No","Company site","Oppose fracking","","lock on","Barton Moss","2014-01-13",1,0.796507596969604,3,3,3,3,0,1,0,0,0,0,1,0,0,0,1,0,0,0,0,1,0,0,0,0,1,0,0,0,1,0,0,0,"env"
"CNDuk/2014-01-18","2014-01-18","CNDuk","Participated","Protest","Before event day","Yes","No","No","Yes","No","Embassy","","","protest, vigil","Israeli embassy","2014-01-13",2,1.01002012193203,0,0,0,0,0,0,0,0,0,0,0,0,0,0,0,0,0,0,0,0,0,0,0,0,0,0,0,0,0,0,0,0,"env"
"reclaimthepower/2014-01-19","2014-01-19","reclaimthepower","Organised","Protest","Before event day","Yes","No","No","No","No","Company site","Oppose fracking","","rally","Balcombe","2014-01-15",1,0.885272800922394,1,0,0,0,0,0,1,0,0,0,0,0,0,0,0,0,0,0,0,0,0,0,0,0,0,0,0,0,0,0,0,0,"env"
"reclaimthepower/2014-01-23","2014-01-23","reclaimthepower","Organised","Protest","After event","No","No","No","Yes","No","Court","solidarity with anti-fracking activists in court","","banner drop","court","2014-01-23",9,1.11198823146016,0,0,0,0,0,0,0,0,0,0,0,0,0,0,0,0,0,0,0,0,0,0,0,0,0,0,0,0,0,0,0,0,"env"
"unisontheunion/2014-01-25","2014-01-25","unisontheunion","Participated","Protest","Before event day","Yes","No","No","No","No","Public space","anti cuts to youth services","","rally","Cardiff","2014-01-23",1,0.908852517604828,0,0,0,0,0,0,0,0,0,0,0,0,0,0,0,0,0,0,0,0,0,0,0,0,0,0,0,0,0,0,0,0,"pov"
"FrackOffLondon/2014-01-27","2014-01-27","FrackOffLondon","Organised","Protest","Before event day","Yes","No","No","No","No","Company site","Oppose fracking","","demonstration","IGas's London HQ","2014-01-22",3,2.70176064968109,1,1,0,0,0,0,1,0,0,0,0,0,0,0,0,0,0,0,0,0,1,0,0,0,0,0,0,0,0,0,0,0,"env"
"EISUnion/2014-01-29","2014-01-29","EISUnion","Organised","Protest","Before event day","Yes","No","No","No","No","Public space","Workload Campaign Rally","","rally","Glasgow","2014-01-20",6,5.07232737541199,0,0,0,0,0,0,0,0,0,0,0,0,0,0,0,0,0,0,0,0,0,0,0,0,0,0,0,0,0,0,0,0,"pov"
"HousingActionSL/2014-01-29","2014-01-29","HousingActionSL","Participated","Protest","Before event day","Yes","No","No","No","No","Public space","oppose evictions","","protest, demonstration","Lambeth town hall","2014-01-29",3,2.35524189472198,0,0,0,0,0,0,0,0,0,0,0,0,0,0,0,0,0,0,0,0,0,0,0,0,0,0,0,0,0,0,0,0,"pov"
"unisontheunion, unitetheunion/2014-02-04","2014-02-04","unisontheunion, unitetheunion","Organised, Organised","Protest","Before event day","Yes","No","No","No","No","Company site","Local government workers deserve a pay rise","","protest","workplace","2014-02-01",27,20.3871527980442,0,0,0,0,0,0,0,0,0,0,0,0,0,0,0,0,0,0,0,0,0,0,0,0,0,0,0,0,0,0,0,0,"pov"
"EISUnion, TheStudentAssem, unitetheunion/2014-02-06","2014-02-06","EISUnion, TheStudentAssem, unitetheunion","Organised, Participated, Organised","Strike","Before event day","No","No","No","No","No","Other","university strike, fair pay in HE","","strike, picket","","2014-01-29",16,8.11109474323808,1,1,0,0,1,0,0,0,0,0,0,0,0,0,0,0,0,0,1,0,0,0,0,0,0,0,0,0,0,0,0,0,"pov"
"TheStudentAssem/2014-02-07","2014-02-07","TheStudentAssem","Organised","Protest","Before event day","Yes","No","No","Yes","No","Political site","oppose privatisation of student debt","","protest, debt in","BIS","2013-11-22",25,17.1799113676438,1,1,0,0,1,0,0,0,0,0,0,0,0,0,0,0,0,0,1,0,0,0,0,0,0,0,0,0,0,0,0,0,"pov"
"pplsassembly/2014-02-11","2014-02-11","pplsassembly","Participated","Protest","Before event day","Yes","No","No","No","No","Public space","Hands Off Our Unions Rally","","rally","London","2014-01-17",6,3.31954093290143,0,0,0,0,0,0,0,0,0,0,0,0,0,0,0,0,0,0,0,0,0,0,0,0,0,0,0,0,0,0,0,0,"pov"
"Dis_PPL_Protest, NHSour, unitetheunion/2014-02-19","2014-02-19","Dis_PPL_Protest, NHSour, unitetheunion","Organised, Participated, Organised","Protest","Before event day","Yes","No","No","No","No","Company site","oppose ATOS","","demonstration","outside Atos assessment centres","2014-01-07",18,11.0416078644473,2,2,1,1,0,0,0,0,2,0,0,0,0,0,0,0,0,0,0,0,0,0,2,0,0,0,0,0,0,0,0,0,"pov"
"Ukuncut/2014-02-25","2014-02-25","Ukuncut","Organised","Protest","On day, before event","No","No","No","No","No","Political site","","","action","Powys council","2014-02-25",3,1.33601865946426,0,0,0,0,0,0,0,0,0,0,0,0,0,0,0,0,0,0,0,0,0,0,0,0,0,0,0,0,0,0,0,0,"pov"
"HousingActionSL, radicalhousing/2014-03-06","2014-03-06","HousingActionSL, radicalhousing","Participated, Organised","Protest","Before event day","Yes","No","No","No","No","Political site","oppose gentrification, speculation and housing crisis","","protest","City Hall","2014-02-26",15,6.84148901673662,0,0,0,0,0,0,0,0,0,0,0,0,0,0,0,0,0,0,0,0,0,0,0,0,0,0,0,0,0,0,0,0,"pov"
"unitetheunion/2014-03-07","2014-03-07","unitetheunion","Organised","Strike","Before event day","No","No","No","No","No","Other","YAS patient safety dispute","","strike","","2014-02-28",4,1.75825840979815,0,0,0,0,0,0,0,0,0,0,0,0,0,0,0,0,0,0,0,0,0,0,0,0,0,0,0,0,0,0,0,0,"pov"
"EquityUK/2014-03-08","2014-03-08","EquityUK","Participated","Protest","Before event day","Yes","No","No","No","No","Public space","Better Way","","demonstration","York","2014-02-27",9,2.34243936454505,0,0,0,0,0,0,0,0,0,0,0,0,0,0,0,0,0,0,0,0,0,0,0,0,0,0,0,0,0,0,0,0,"pov"
"pplsassembly/2014-03-09","2014-03-09","pplsassembly","Participated","Protest","Before event day","Yes","No","No","No","No","Public space","oppose fracking","","demonstration","","2014-03-08",3,2.45796901005762,0,0,0,0,0,0,0,0,0,0,0,0,0,0,0,0,0,0,0,0,0,0,0,0,0,0,0,0,0,0,0,0,"pov"
"unitetheunion/2014-03-10","2014-03-10","unitetheunion","Organised","Strike","Before event day","No","No","No","No","No","Other","YAS patient safely dispute","","strike","","2014-03-04",6,3.20109459761923,0,0,0,0,0,0,0,0,0,0,0,0,0,0,0,0,0,0,0,0,0,0,0,0,0,0,0,0,0,0,0,0,"pov"
"keepnhspublic/2014-03-10","2014-03-10","keepnhspublic","Organised","Protest","Before event day","Yes","No","No","No","No","Public space","oppose hospital closure law","","protest","outside Parliament","2014-03-06",2,1.78610926866531,0,0,0,0,0,0,0,0,0,0,0,0,0,0,0,0,0,0,0,0,0,0,0,0,0,0,0,0,0,0,0,0,"pov"
"keepnhspublic, unitetheunion/2014-03-11","2014-03-11","keepnhspublic, unitetheunion","Organised, Organised","Protest","Before event day","Yes","No","No","No","No","Public space","Stop Cameron wrecking our NHS","","protest","outside Parliament","2014-03-06",15,4.10407435335219,1,1,0,0,0,0,0,0,0,0,0,0,0,1,0,0,0,0,0,0,0,0,0,0,0,0,0,1,0,0,0,0,"pov"
"unitetheunion/2014-03-15","2014-03-15","unitetheunion","Organised","Protest","Before event day","Yes","No","No","No","No","Public space","Defend Public Services","","march","Liverpool","2014-03-12",6,5.18413954981635,2,0,2,0,1,0,0,0,1,0,0,0,0,0,0,0,0,0,0,0,0,0,0,0,0,0,0,0,0,0,0,0,"pov"
"pplsassembly/2014-03-15","2014-03-15","pplsassembly","Organised","Protest","Before event day","Yes","No","No","No","No","Public space","anti-austerity","","demonstration, rally","Liverpool","2014-02-18",11,4.12022647228291,0,1,0,0,0,0,0,0,0,0,0,0,0,0,0,0,0,0,0,0,0,0,1,0,0,0,0,0,0,0,0,0,"pov"
"FrackOffLondon/2014-03-19","2014-03-19","FrackOffLondon","Organised","Protest","Before event day","Yes","No","No","No","No","Unknown","Oppose fracking, fracked future carnival","","carnival","Knightsbridge","2014-02-21",11,1.06489685700308,0,0,0,0,0,0,0,0,0,0,0,0,0,0,0,0,0,0,0,0,0,0,0,0,0,0,0,0,0,0,0,0,"env"
"pplsassembly, TheStudentAssem, unitetheunion/2014-03-19","2014-03-19","pplsassembly, TheStudentAssem, unitetheunion","Organised, Organised, Organised","Protest","Before event day","Yes","No","No","No","No","Public space","Fair pay for NGS workers, stop student debt sell off, budget day protest","","demonstration","outside Parliament","2014-02-25",57,30.356457553555,1,1,0,0,0,0,0,0,1,0,0,0,0,0,0,0,0,0,0,0,0,0,1,0,0,0,0,0,0,0,0,0,"pov"
"bectu, EquityUK, OccupyLondon, unitetheunion/2014-03-22","2014-03-22","bectu, EquityUK, OccupyLondon, unitetheunion","Participated, Participated, Participated, Organised","Protest","Before event day","Yes","No","No","No","No","Public space","Anti racism day","","march, rally","London","2014-02-18",36,26.847676094851,4,3,0,0,1,0,2,0,1,0,0,0,0,0,0,0,0,0,1,0,2,0,0,0,0,0,0,0,0,0,0,0,"pov"
"Dis_PPL_Protest/2014-03-25","2014-03-25","Dis_PPL_Protest","Organised","Protest","After event","No","Yes","No","No","No","Company site","Oppose privatised provision of disability services","","interrupt meeting, protest","Disability confident conference","2014-03-25",8,1.98839694261551,1,1,1,1,0,0,0,0,1,0,0,0,0,0,0,0,0,0,0,0,0,0,1,0,0,0,0,0,0,0,0,0,"pov"
"pcs_union/2014-03-26","2014-03-26","pcs_union","Participated","Protest","Before event day","Yes","No","No","No","No","Public space","Stand up for education","","rally","Westminster","2014-03-25",2,1.7499902844429,3,7,3,6,0,0,2,0,0,0,0,0,0,1,0,0,0,0,0,1,2,0,0,1,1,0,1,1,0,0,0,0,"pov"
"Dis_PPL_Protest/2014-03-29","2014-03-29","Dis_PPL_Protest","Organised","Protest","Before event day","Yes","No","No","No","No","Public space","Stop Workfare In Its Tracks","","demonstration, march","nationwide","2014-03-04",18,10.6599653512239,0,0,0,0,0,0,0,0,0,0,0,0,0,0,0,0,0,0,0,0,0,0,0,0,0,0,0,0,0,0,0,0,"pov"
"FrackOffLondon/2014-03-30","2014-03-30","FrackOffLondon","Participated","Protest","Before event day","Yes","No","No","No","No","Public space","Mothers against fracking rally","","rally","Westminster","2014-03-25",4,2.10081401467323,0,0,0,0,0,0,0,0,0,0,0,0,0,0,0,0,0,0,0,0,0,0,0,0,0,0,0,0,0,0,0,0,"env"
"HousingActionSL/2014-03-31","2014-03-31","HousingActionSL","Organised","Protest","Before event day","Yes","No","No","No","No","Political site","oppose eviction","","protest","outside the Metropollitan Housing Association office, Brixton, Clapham","2014-03-29",5,2.92318738990119,0,0,0,0,0,0,0,0,0,0,0,0,0,0,0,0,0,0,0,0,0,0,0,0,0,0,0,0,0,0,0,0,"pov"
"pcs_union/2014-04-01","2014-04-01","pcs_union","Organised","Protest","After event","No","No","No","No","No","Company site","Britain needs a pay rise","","protest","across the country, workplaces","2014-04-01",2,1.64630222320557,0,0,0,0,0,0,0,0,0,0,0,0,0,0,0,0,0,0,0,0,0,0,0,0,0,0,0,0,0,0,0,0,"pov"
"TridentPlough/2014-04-05","2014-04-05","TridentPlough","Participated","Protest","On day, before event","Yes","No","No","No","No","Public space","Oppose nuclear","","rally","George Square","2014-04-05",1,0.846950948238373,0,0,0,0,0,0,0,0,0,0,0,0,0,0,0,0,0,0,0,0,0,0,0,0,0,0,0,0,0,0,0,0,"env"
"unitetheunion/2014-04-05","2014-04-05","unitetheunion","Organised","Protest","Before event day","Yes","No","No","No","No","Public space","Oppose bedroom tax","","demonstration, rally","Cardiff, Leeds & London ","2014-04-01",9,7.02689751910724,1,2,0,0,0,0,0,0,1,0,0,0,0,0,0,0,0,0,0,0,1,0,1,0,0,0,0,0,0,0,0,0,"pov"
"HousingActionSL/2014-04-10","2014-04-10","HousingActionSL","Participated","Protest","After event","No","Yes","No","No","No","Political site","oppose evictions and tenant insecurity","","occupation, eviction resistance","DCLG","2014-04-10",5,1.71283691373062,0,0,0,0,0,0,0,0,0,0,0,0,0,0,0,0,0,0,0,0,0,0,0,0,0,0,0,0,0,0,0,0,"pov"
"bectu/2014-04-11","2014-04-11","bectu","Organised","Strike","Before event day","No","No","No","No","No","Other","Ritzy strike","","strike","","2014-03-24",12,5.16325344097266,0,0,0,0,0,0,0,0,0,0,0,0,0,0,0,0,0,0,0,0,0,0,0,0,0,0,0,0,0,0,0,0,"pov"
"CNDuk/2014-04-14","2014-04-14","CNDuk","Participated","Protest","Before event day","Yes","No","No","No","No","Unknown","Global Day of Action Against Military Spending","","action, protest","London","2014-04-01",8,2.2488885731548,0,0,0,0,0,0,0,0,0,0,0,0,0,0,0,0,0,0,0,0,0,0,0,0,0,0,0,0,0,0,0,0,"env"
"reclaimthepower/2014-04-15","2014-04-15","reclaimthepower","Organised","Protest","After event","No","Yes","No","No","No","Company site","Oppose fracking","","occupation","Daneshill fracking site","2014-04-15",2,0.857194912028015,0,0,0,0,0,0,0,0,0,0,0,0,0,0,0,0,0,0,0,0,0,0,0,0,0,0,0,0,0,0,0,0,"env"
"unitetheunion/2014-04-16","2014-04-16","unitetheunion","Organised","Protest","On day, before event","Yes","No","No","No","No","Public space","End Hunger Fast","","demonstration","Westminster","2014-04-16",6,3.52610632777214,0,0,0,0,0,0,0,0,0,0,0,0,0,0,0,0,0,0,0,0,0,0,0,0,0,0,0,0,0,0,0,0,"pov"
"bectu/2014-04-19","2014-04-19","bectu","Organised","Strike","After event","No","No","No","No","No","Other","Ritzy strike","","strike","","2014-04-19",3,1.58493988215923,0,0,0,0,0,0,0,0,0,0,0,0,0,0,0,0,0,0,0,0,0,0,0,0,0,0,0,0,0,0,0,0,"pov"
"GreenpeaceUK/2014-05-01","2014-05-01","GreenpeaceUK","Organised","Protest","After event","No","Yes","No","No","No","Company site","No Arctic oil","80","activists intercept oil tanker","Rotterdam port","2014-05-01",5,3.11657999455929,0,0,0,0,0,0,0,0,0,0,0,0,0,0,0,0,0,0,0,0,0,0,0,0,0,0,0,0,0,0,0,0,"env"
"bectu/2014-05-01","2014-05-01","bectu","Participated","Strike","Before event day","No","No","No","No","No","Other","Ritzy strike","","","","2014-03-28",7,3.34126918291571,0,1,0,1,0,0,0,0,0,0,0,0,0,0,0,0,0,0,0,0,0,0,0,0,0,0,1,0,0,0,0,0,"pov"
"HousingActionSL/2014-05-08","2014-05-08","HousingActionSL","Organised","Protest","Before event day","Yes","Yes","No","No","No","Public space","oppose bedroom tax","","occupation","Lambeth town hall","2014-05-06",8,7.0928281545126,0,0,0,0,0,0,0,0,0,0,0,0,0,0,0,0,0,0,0,0,0,0,0,0,0,0,0,0,0,0,0,0,"pov"
"We_OwnIt/2014-05-08","2014-05-08","We_OwnIt","Organised","Protest","Before event day","Yes","No","No","No","No","Company site","oppose privatisation and outsourcing","","","outside Serco AGM","2014-04-15",12,3.92533737322504,0,0,0,0,0,0,0,0,0,0,0,0,0,0,0,0,0,0,0,0,0,0,0,0,0,0,0,0,0,0,0,0,"pov"
"PositiveActionH/2014-05-09","2014-05-09","PositiveActionH","Participated","Protest","Before event day","Yes","No","No","No","No","Public space","Stand together against racism","","demonstration","Edinburgh","2014-05-05",4,3.28938013276492,0,0,0,0,0,0,0,0,0,0,0,0,0,0,0,0,0,0,0,0,0,0,0,0,0,0,0,0,0,0,0,0,"pov"
"Dis_PPL_Protest/2014-05-12","2014-05-12","Dis_PPL_Protest","Organised","Protest","Before event day","Yes","No","No","No","No","Political site","Save independent living fund","","protest","DWP","2014-04-02",19,9.54109595722167,1,1,0,0,1,0,0,0,0,0,0,0,0,0,0,0,0,0,1,0,0,0,0,0,0,0,0,0,0,0,0,0,"pov"
"pcs_union/2014-05-14","2014-05-14","pcs_union","Organised","Strike","Before event day","No","No","No","No","No","Other","oppose privatisation of land registry","","strike","","2014-05-01",11,7.29020059070532,1,1,0,0,0,0,1,0,0,0,0,0,0,0,0,0,0,0,0,0,1,0,0,0,0,0,0,0,0,0,0,0,"pov"
"unisontheunion/2014-05-14","2014-05-14","unisontheunion","Organised","Strike","After event","No","No","No","No","No","Other","Grwp Gwalia care workers strike","","strike","","2014-05-14",2,1.37812775373459,0,0,0,0,0,0,0,0,0,0,0,0,0,0,0,0,0,0,0,0,0,0,0,0,0,0,0,0,0,0,0,0,"pov"
"FrackOffLondon/2014-05-21","2014-05-21","FrackOffLondon","Organised","Protest","Before event day","Yes","No","No","No","No","Public space","Oppose underground coal gasification (UCG)","","demonstration","London","2014-05-19",3,1.11202386766672,0,0,0,0,0,0,0,0,0,0,0,0,0,0,0,0,0,0,0,0,0,0,0,0,0,0,0,0,0,0,0,0,"env"
"unisontheunion/2014-05-21","2014-05-21","unisontheunion","Organised","Protest","Before event day","Yes","No","No","No","No","Public space","Council and school workers pay ballot","","protest","","2014-05-19",7,4.0277200493656,0,0,0,0,0,0,0,0,0,0,0,0,0,0,0,0,0,0,0,0,0,0,0,0,0,0,0,0,0,0,0,0,"pov"
"bectu/2014-05-21","2014-05-21","bectu","Organised","Strike","On day, before event","No","No","No","No","No","Other","Ritzy living wage strike","","strike","","2014-05-21",3,1.57405257225037,0,0,0,0,0,0,0,0,0,0,0,0,0,0,0,0,0,0,0,0,0,0,0,0,0,0,0,0,0,0,0,0,"pov"
"GreenpeaceUK/2014-05-27","2014-05-27","GreenpeaceUK","Organised","Protest","After event","No","Yes","No","No","No","Company site","Occupy Arctic oil","15","occupation","Statoil rig, Arctic","2014-05-27",4,1.03038009930478,0,0,0,0,0,0,0,0,0,0,0,0,0,0,0,0,0,0,0,0,0,0,0,0,0,0,0,0,0,0,0,0,"env"
"unitetheunion/2014-05-27","2014-05-27","unitetheunion","Organised","Strike","After event","No","No","No","No","No","Other","strike by workers at bus maker Optare","","strike","","2014-05-27",3,1.43420472013086,0,0,0,0,0,0,0,0,0,0,0,0,0,0,0,0,0,0,0,0,0,0,0,0,0,0,0,0,0,0,0,0,"pov"
"pplsassembly/2014-05-28","2014-05-28","pplsassembly","Participated","Protest","Before event day","Yes","No","No","No","No","Public space","Demand an alternative to austerity","","street protest","Manchester","2014-05-16",17,7.52014433592789,0,0,0,0,0,0,0,0,0,0,0,0,0,0,0,0,0,0,0,0,0,0,0,0,0,0,0,0,0,0,0,0,"pov"
"HousingActionSL/2014-05-29","2014-05-29","HousingActionSL","Organised","Protest","On day, before event","Yes","No","No","No","No","Public space","Anti-gentrification","","protest","Strata Tower, Southwark","2014-05-29",6,3.35629079423984,0,0,0,0,0,0,0,0,0,0,0,0,0,0,0,0,0,0,0,0,0,0,0,0,0,0,0,0,0,0,0,0,"pov"
"pplsassembly/2014-06-03","2014-06-03","pplsassembly","Organised","Protest","On day, before event","Yes","No","No","No","No","Public space","oppose austerity","","rally","Sheffield","2014-06-03",4,1.85056735584023,0,0,0,0,0,0,0,0,0,0,0,0,0,0,0,0,0,0,0,0,0,0,0,0,0,0,0,0,0,0,0,0,"pov"
"GreenpeaceUK/2014-06-04","2014-06-04","GreenpeaceUK","Organised","Protest","After event","No","No","No","Yes","No","Political site","Oppose fracking","","setup fake fracking rig outside politician's home","Politician's home (David Cameron)","2014-06-04",9,1.6889524567745,2,2,2,2,0,0,0,0,0,0,0,0,2,0,0,0,0,0,0,0,0,0,0,0,0,0,2,0,0,0,0,0,"env"
"MidwivesRCM, TheBMA, theRCN, unisontheunion, unitetheunion/2014-06-05","2014-06-05","MidwivesRCM, TheBMA, theRCN, unisontheunion, unitetheunion","Organised, Participated, Participated, Participated, Organised","Protest","Before event day","Yes","No","No","No","No","Company site","Fair pay in NHS","","protest","workplaces","2014-05-14",47,32.2309640173849,2,2,1,1,0,0,1,0,1,0,0,0,0,0,0,0,0,0,0,0,1,0,1,0,0,0,0,0,0,0,0,0,"pov"
"Dis_PPL_Protest/2014-06-06","2014-06-06","Dis_PPL_Protest","Organised","Protest","Before event day","Yes","No","No","No","No","Unknown","defend disabled student allowance and independent living fund","","day of action","","2014-05-25",10,6.99467951059341,0,0,0,0,0,0,0,0,0,0,0,0,0,0,0,0,0,0,0,0,0,0,0,0,0,0,0,0,0,0,0,0,"pov"
"bectu/2014-06-07","2014-06-07","bectu","Organised","Both","On day, before event","No","No","No","No","No","Public space","Ritzy living wage","","protest, strike","Hackney","2014-06-07",3,1.48002851568162,0,0,0,0,0,0,0,0,0,0,0,0,0,0,0,0,0,0,0,0,0,0,0,0,0,0,0,0,0,0,0,0,"pov"
"fbunational/2014-06-12","2014-06-12","fbunational","Organised","Both","Before event day","Yes","No","No","No","No","Public space","FBU strike rally","","strike, rally, industrial action","Piccadilly gardens","2014-06-11",10,6.10897159543173,7,7,4,4,0,1,0,1,0,0,0,0,1,2,0,1,0,1,0,1,0,1,0,0,0,0,1,2,0,1,0,1,"pov"
"pcs_union/2014-06-12","2014-06-12","pcs_union","Organised","Protest","Before event day","Yes","No","No","No","No","Company site","pay rise protest","","protest","workplaces","2014-06-10",5,2.01623591035604,0,0,0,0,0,0,0,0,0,0,0,0,0,0,0,0,0,0,0,0,0,0,0,0,0,0,0,0,0,0,0,0,"pov"
"Ukuncut/2014-06-14","2014-06-14","Ukuncut","Organised","Protest","Before event day","Yes","Yes","No","Yes","No","Company site","vodaHome action","300","convert vodafone store into home, blockade","Vodafone","2014-05-19",159,101.152989444285,3,3,1,1,1,0,1,0,0,0,0,0,0,0,1,0,0,0,1,0,1,0,0,0,0,0,0,0,1,0,0,0,"pov"
"CNDuk/2014-06-21","2014-06-21","CNDuk","Participated","Protest","Before event day","Yes","No","No","No","No","Public space","No more austerity, oppose nuclear","","demonstration","Portland place, London","2014-06-18",2,1.52207714319229,0,0,0,0,0,0,0,0,0,0,0,0,0,0,0,0,0,0,0,0,0,0,0,0,0,0,0,0,0,0,0,0,"env"
"fbunational, OccupyLondon, pcs_union, pplsassembly, TheStudentAssem, Ukuncut, unitetheunion/2014-06-21","2014-06-21","fbunational, OccupyLondon, pcs_union, pplsassembly, TheStudentAssem, Ukuncut, unitetheunion","Participated, Participated, Participated, Organised, Participated, Participated, Organised","Protest","Before event day","Yes","No","No","No","No","Public space","No more austerity","50000","demonstration, march","London","2014-04-10",193,150.674920976097,11,4,6,4,1,1,4,1,1,0,0,0,0,0,0,2,0,1,0,0,1,0,1,0,0,0,0,0,0,1,0,1,"pov"
"pcs_union/2014-06-23","2014-06-23","pcs_union","Organised","Strike","Before event day","No","No","No","No","No","Other","HMRC strike","","strike","","2014-06-13",6,3.95364537818275,1,0,1,0,0,0,0,0,1,0,0,0,0,0,0,0,0,0,0,0,0,0,0,0,0,0,0,0,0,0,0,0,"pov"
"TridentPlough, waweapons/2014-06-28","2014-06-28","TridentPlough, waweapons","Participated, Participated","Protest","Before event day","No","No","No","No","No","Public space","No More Wars demo","","march, demonstration","London, Edinburgh","2014-06-23",5,1.8610349392998,0,0,0,0,0,0,0,0,0,0,0,0,0,0,0,0,0,0,0,0,0,0,0,0,0,0,0,0,0,0,0,0,"env"
"Dis_PPL_Protest, OccupyLondon, Ukuncut/2014-06-28","2014-06-28","Dis_PPL_Protest, OccupyLondon, Ukuncut","Organised, Organised, Organised","Protest","Before event day","Yes","Yes","No","No","Yes","Public space","Boot out boots, oppose tax dodging","","battle, occupation, action","Westminster, Boots stores, London, Manchester, Northampton","2014-06-21",33,19.1571381322315,1,1,1,1,0,0,0,0,0,1,0,0,0,0,0,0,0,0,0,0,0,0,0,1,0,0,0,0,0,0,0,0,"pov"
"EquityUK, unisontheunion/2014-06-28","2014-06-28","EquityUK, unisontheunion","Participated, Participated","Protest","Before event day","Yes","No","No","No","No","Public space","Pride","","march","London","2014-05-21",7,4.16504658731155,0,0,0,0,0,0,0,0,0,0,0,0,0,0,0,0,0,0,0,0,0,0,0,0,0,0,0,0,0,0,0,0,"pov"
"pcs_union/2014-06-30","2014-06-30","pcs_union","Organised","Strike","Before event day","No","No","No","No","No","Other","MoJ strike","","strike","","2014-06-11",6,2.3837698251009,0,0,0,0,0,0,0,0,0,0,0,0,0,0,0,0,0,0,0,0,0,0,0,0,0,0,0,0,0,0,0,0,"pov"
"GreenpeaceUK/2014-07-01","2014-07-01","GreenpeaceUK","Organised","Protest","After event","No","No","No","Yes","No","Entertainment/cultural","oppose Shell logos on lego","","protest, lego pieces setup around site","Legoland","2014-07-01",6,4.1957949846983,0,0,0,0,0,0,0,0,0,0,0,0,0,0,0,0,0,0,0,0,0,0,0,0,0,0,0,0,0,0,0,0,"env"
"HousingActionSL/2014-07-04","2014-07-04","HousingActionSL","Organised","Protest","Before event day","Yes","No","No","No","No","Other","demanding local, social housing","","protest","Guinness Trust estate, Loughborough Park","2014-06-26",12,8.17939255390109,0,0,0,0,0,0,0,0,0,0,0,0,0,0,0,0,0,0,0,0,0,0,0,0,0,0,0,0,0,0,0,0,"pov"
"unitetheunion/2014-07-04","2014-07-04","unitetheunion","Organised","Protest","Before event day","No","No","No","No","No","Other","Argos strike, work life balance","1000","","","2014-06-24",7,2.13620573663251,0,0,0,0,0,0,0,0,0,0,0,0,0,0,0,0,0,0,0,0,0,0,0,0,0,0,0,0,0,0,0,0,"pov"
"CNDuk/2014-07-05","2014-07-05","CNDuk","Organised","Protest","Before event day","Yes","No","No","No","No","Embassy","End Israel's war against Palestinians","","demonstration, protest","Israeli embassy","2014-07-04",2,1.47951114177704,0,0,0,0,0,0,0,0,0,0,0,0,0,0,0,0,0,0,0,0,0,0,0,0,0,0,0,0,0,0,0,0,"env"
"FocusE15, HousingActionSL/2014-07-05","2014-07-05","FocusE15, HousingActionSL","Organised, Participated","Protest","Before event day","Yes","No","No","No","No","Public space","No social cleansing, Decent housing for all","","march","East Ham Central Park","2014-07-03",9,6.78410358786829,0,0,0,0,0,0,0,0,0,0,0,0,0,0,0,0,0,0,0,0,0,0,0,0,0,0,0,0,0,0,0,0,"pov"
"unisontheunion/2014-07-10","2014-07-10","unisontheunion","Organised","Strike","Before event day","No","No","No","No","No","Other","council and school worker strike","1000s","strike","","2014-06-23",48,28.197217295625,81,61,41,30,9,3,6,2,8,6,7,0,8,2,4,1,2,23,6,3,5,1,7,4,6,0,8,1,1,1,1,17,"pov"
"fbunational, pcs_union, Ukuncut, unitetheunion/2014-07-10","2014-07-10","fbunational, pcs_union, Ukuncut, unitetheunion","Participated, Organised, Participated, Organised","Both","Before event day","Yes","No","No","Yes","No","Public space","oppose public sector pay freeze, oppose Gove education reforms","","strike, march, rally, picket, dress as Zombies","Cavendish Square, Newcastle","2014-06-11",67,36.4794201425824,89,51,44,27,8,3,12,2,5,11,10,0,7,4,3,3,1,20,5,0,8,1,2,8,5,0,1,4,3,2,1,11,"pov"
"HousingActionSL/2014-07-11","2014-07-11","HousingActionSL","Organised","Protest","After event","No","No","No","No","No","Other","against evictions","","protest","Guinness Trust estate","2014-07-11",4,3.35566961750436,0,0,0,0,0,0,0,0,0,0,0,0,0,0,0,0,0,0,0,0,0,0,0,0,0,0,0,0,0,0,0,0,"pov"
"FrackOffLondon, reclaimthepower/2014-07-12","2014-07-12","FrackOffLondon, reclaimthepower","Participated, Participated","Protest","Before event day","Yes","No","No","No","No","Political site","Oppose TTIP","","mass action","central London, BIS","2014-06-17",9,6.37042764558185,0,0,0,0,0,0,0,0,0,0,0,0,0,0,0,0,0,0,0,0,0,0,0,0,0,0,0,0,0,0,0,0,"env"
"OccupyLondon, OccupyMCR, We_OwnIt/2014-07-12","2014-07-12","OccupyLondon, OccupyMCR, We_OwnIt","Organised, Participated, Organised","Protest","Before event day","Yes","No","No","No","No","Public space","say no to TTIP","","day of action, march, demonstration","central London","2014-06-07",54,38.7412763084193,1,0,0,0,1,0,0,0,0,0,0,0,0,0,0,0,0,0,0,0,0,0,0,0,0,0,0,0,0,0,0,0,"pov"
"bectu, EquityUK/2014-07-17","2014-07-17","bectu, EquityUK","Organised, Participated","Protest","Before event day","Yes","No","No","No","No","Company site","Ritzy living wage","","demonstration, march, rally","BFI","2014-07-11",14,9.3671495688924,0,0,0,0,0,0,0,0,0,0,0,0,0,0,0,0,0,0,0,0,0,0,0,0,0,0,0,0,0,0,0,0,"pov"
"CNDuk/2014-07-19","2014-07-19","CNDuk","Participated","Protest","Before event day","Yes","No","No","No","No","Public space","National Demo for Gaza","","march, rally, demonstration","opposite Downing Street","2014-07-14",8,3.68616062402725,0,0,0,0,0,0,0,0,0,0,0,0,0,0,0,0,0,0,0,0,0,0,0,0,0,0,0,0,0,0,0,0,"env"
"OccupyLondon/2014-07-19","2014-07-19","OccupyLondon","Participated","Protest","Before event day","Yes","No","No","No","No","Public space","Gaza protest","55000","","London","2014-07-18",10,8.41354453576785,1,1,1,1,1,0,0,0,0,0,0,0,0,0,0,0,0,0,1,0,0,0,0,0,0,0,0,0,0,0,0,0,"pov"
"CNDuk/2014-07-22","2014-07-22","CNDuk","Participated","Protest","On day, before event","Yes","No","No","No","No","Embassy","Stop The Massacre in Gaza","","protest","Israeli embassy","2014-07-22",1,0.569325029850006,0,0,0,0,0,0,0,0,0,0,0,0,0,0,0,0,0,0,0,0,0,0,0,0,0,0,0,0,0,0,0,0,"env"
"HousingActionSL/2014-07-25","2014-07-25","HousingActionSL","Participated","Protest","Before event day","Yes","No","No","No","No","Other","Oppose redevelopment of estate","","demonstration"," Myatts Field North","2014-07-17",5,4.15443962859033,0,0,0,0,0,0,0,0,0,0,0,0,0,0,0,0,0,0,0,0,0,0,0,0,0,0,0,0,0,0,0,0,"pov"
"CNDuk/2014-07-26","2014-07-26","CNDuk","Participated","Protest","Before event day","Yes","No","No","No","No","Public space","Stop the massacre in Gaza","'Parliament sq packed'","protest","Parliament square","2014-07-20",5,2.4886874150441,0,0,0,0,0,0,0,0,0,0,0,0,0,0,0,0,0,0,0,0,0,0,0,0,0,0,0,0,0,0,0,0,"env"
"OccupyLondon, unitetheunion/2014-07-26","2014-07-26","OccupyLondon, unitetheunion","Organised, Participated","Protest","Before event day","Yes","Yes","No","No","No","Public space","Gaza protest","","occupation","Parliament Square","2014-07-19",25,13.211076006894,0,0,0,0,0,0,0,0,0,0,0,0,0,0,0,0,0,0,0,0,0,0,0,0,0,0,0,0,0,0,0,0,"pov"
"CNDuk/2014-07-29","2014-07-29","CNDuk","Organised","Protest","On day, before event","Yes","No","No","Yes","No","Political site","remember children killed in Gaza","","protest, vigil","Downing Street","2014-07-29",1,0.846806466579437,0,0,0,0,0,0,0,0,0,0,0,0,0,0,0,0,0,0,0,0,0,0,0,0,0,0,0,0,0,0,0,0,"env"
"GreenpeaceUK/2014-07-29","2014-07-29","GreenpeaceUK","Organised","Protest","After event","No","No","No","Yes","No","Company site","Drop Shell partnership","50","protest, giant lego brick props","Shell offices","2014-07-29",9,1.09326166157568,1,1,1,1,0,0,0,0,0,0,0,0,0,0,0,0,1,0,0,0,0,0,0,0,0,0,0,0,0,0,1,0,"env"
"TridentPlough/2014-08-04","2014-08-04","TridentPlough","Participated","Protest","On day, before event","No","No","No","No","No","Unknown","Oppose war","","demonstration","Glasgow","2014-08-04",1,0.843549907,0,0,0,0,0,0,0,0,0,0,0,0,0,0,0,0,0,0,0,0,0,0,0,0,0,0,0,0,0,0,0,0,"env"
"CNDuk/2014-08-09","2014-08-09","CNDuk","Organised","Protest","Before event day","Yes","No","No","Yes","No","Public space","Wool Against Weapons","","demonstration, knitting, 7-mile peace scarf","Aldermaston, Burghfield","2014-05-19",30,7.61402890315456,3,3,3,3,0,0,3,0,0,0,0,0,0,0,0,0,0,0,0,0,3,0,0,0,0,0,0,0,0,0,0,0,"env"
"ASLEFunion, OccupyLondon/2014-08-09","2014-08-09","ASLEFunion, OccupyLondon","Participated, Participated","Protest","Before event day","Yes","No","No","No","No","Public space","Gaza demonstration","","demonstration","Hyde park","2014-08-05",21,8.0961021931168,5,5,4,4,0,0,0,0,0,0,0,0,0,0,0,1,0,4,0,0,0,0,0,0,0,0,0,0,0,1,0,4,"pov"
"reclaimthepower/2014-08-17","2014-08-17","reclaimthepower","Organised","Protest","Before event day","Yes","No","No","No","No","Public space","Frack free Lancashire","1000s","march","Blackpool south pier","2014-08-14",20,14.9708481281845,0,0,0,0,0,0,0,0,0,0,0,0,0,0,0,0,0,0,0,0,0,0,0,0,0,0,0,0,0,0,0,0,"env"
"reclaimthepower/2014-08-18","2014-08-18","reclaimthepower","Organised","Protest","After event","No","Yes","No","No","No","Other","Oppose fracking, Anti-fracking","3","occupation, glued on, reinforced arm tubes, chained selves to obstacles, caused traffic, scaled buildings","DEFRA, Swansea Bay campus","2014-08-18",30,11.8763062261913,3,3,2,2,0,0,3,0,0,0,0,0,0,0,0,0,0,0,0,0,3,0,0,0,0,0,0,0,0,0,0,0,"env"
"unitetheunion/2014-08-19","2014-08-19","unitetheunion","Participated","Protest","Before event day","Yes","No","No","No","No","Public space","Stop the rail rip off, support public ownership of rail","","protest","Manningtree, Nottingham, Stoke-on-Trent, Woking","2014-08-18",12,6.08163071458863,0,0,0,0,0,0,0,0,0,0,0,0,0,0,0,0,0,0,0,0,0,0,0,0,0,0,0,0,0,0,0,0,"pov"
"unitetheunion/2014-08-20","2014-08-20","unitetheunion","Participated","Both","Before event day","Yes","No","No","No","No","Unknown","Fair pay for local government workers","","protest","","2014-08-19",8,3.27382479550179,2,2,1,1,1,0,0,0,0,1,0,0,0,0,0,0,0,0,1,0,0,0,0,1,0,0,0,0,0,0,0,0,"pov"
"CNDuk/2014-08-23","2014-08-23","CNDuk","Organised","Protest","Before event day","Yes","No","No","No","No","Political site","Stop Arming Israel","","protest","Downing Street","2014-08-20",4,2.81664502620697,0,0,0,0,0,0,0,0,0,0,0,0,0,0,0,0,0,0,0,0,0,0,0,0,0,0,0,0,0,0,0,0,"env"
"unitetheunion/2014-08-29","2014-08-29","unitetheunion","Participated","Protest","On day, before event","Yes","No","No","No","No","Public space","March for NHS, save our NHS","","march","Nottingham, Loughborough","2014-08-29",4,1.71484772130601,0,0,0,0,0,0,0,0,0,0,0,0,0,0,0,0,0,0,0,0,0,0,0,0,0,0,0,0,0,0,0,0,"pov"
"CNDuk/2014-08-30","2014-08-30","CNDuk","Organised","Protest","Before event day","Yes","No","No","No","No","Public space","No to NATO","600","demonstration","Newport","2014-07-31",11,7.31298136011072,0,0,0,0,0,0,0,0,0,0,0,0,0,0,0,0,0,0,0,0,0,0,0,0,0,0,0,0,0,0,0,0,"env"
"unitetheunion/2014-08-30","2014-08-30","unitetheunion","Participated","Protest","On day, before event","Yes","No","No","No","No","Public space","March 4 NHS","","march, rally","Leicester Town Hall","2014-08-30",3,1.57324801339843,0,0,0,0,0,0,0,0,0,0,0,0,0,0,0,0,0,0,0,0,0,0,0,0,0,0,0,0,0,0,0,0,"pov"
"friends_earth/2014-09-01","2014-09-01","friends_earth","Organised","Protest","Before event day","Yes","No","No","No","No","Company site","anti fracking","","demonstration","IGAS AGM","2014-08-22",3,0.951376766897738,0,0,0,0,0,0,0,0,0,0,0,0,0,0,0,0,0,0,0,0,0,0,0,0,0,0,0,0,0,0,0,0,"env"
"CNDuk/2014-09-04","2014-09-04","CNDuk","Organised","Protest","On day, before event","Yes","No","No","No","No","Political site","No to NATO","","march","NATO Summit, Newport","2014-09-04",2,0.847822152078151,0,0,0,0,0,0,0,0,0,0,0,0,0,0,0,0,0,0,0,0,0,0,0,0,0,0,0,0,0,0,0,0,"env"
"unitetheunion/2014-09-05","2014-09-05","unitetheunion","Participated","Protest","On day, before event","Yes","No","No","No","No","Public space","March for NHS","","march","St Albans to Edmonton","2014-09-05",9,2.35369258394466,0,0,0,0,0,0,0,0,0,0,0,0,0,0,0,0,0,0,0,0,0,0,0,0,0,0,0,0,0,0,0,0,"pov"
"CNDuk/2014-09-06","2014-09-06","CNDuk","Participated","Protest","Before event day","Yes","No","No","No","No","Public space","March for NHS, NHS not Trident","","march","London","2014-09-03",2,1.09938627485635,0,0,0,0,0,0,0,0,0,0,0,0,0,0,0,0,0,0,0,0,0,0,0,0,0,0,0,0,0,0,0,0,"env"
"keepnhspublic, NHSour/2014-09-06","2014-09-06","keepnhspublic, NHSour","Organised, Participated","Protest","Before event day","Yes","No","No","No","No","Public space","","","march","Trafalgar Square","2014-08-28",10,4.91810798660068,0,0,0,0,0,0,0,0,0,0,0,0,0,0,0,0,0,0,0,0,0,0,0,0,0,0,0,0,0,0,0,0,"pov"
"OccupyLondon/2014-09-12","2014-09-12","OccupyLondon","Organised","Protest","Before event day","Yes","No","No","No","No","Political site","oppose CETA trade deal","","demonstration, protest","BIS, London","2014-09-09",24,14.9402112513781,0,0,0,0,0,0,0,0,0,0,0,0,0,0,0,0,0,0,0,0,0,0,0,0,0,0,0,0,0,0,0,0,"pov"
"unisontheunion/2014-09-20","2014-09-20","unisontheunion","Organised","Protest","After event","No","No","No","No","No","Other","university pensions","","protest","Aberystwyth uni","2014-09-20",3,1.68071894161403,1,1,0,0,0,0,0,0,0,0,0,0,0,0,0,0,0,1,0,0,0,0,0,0,0,0,0,0,0,0,0,1,"pov"
"CNDuk, F_F_Ryedale, FrackOffLondon, friends_earth, GreenpeaceUK, reclaimthepower, sccscot, talkfracking, TheCCoalition, transheathrow/2014-09-21","2014-09-21","CNDuk, F_F_Ryedale, FrackOffLondon, friends_earth, GreenpeaceUK, reclaimthepower, sccscot, talkfracking, TheCCoalition, transheathrow","Participated, Participated, Participated, Participated, Participated, Participated, Participated, Participated, Organised, Participated","Protest","Before event day","Yes","No","No","No","No","Public space","People's Climate March","40000","march","London, Manchester, Edinburgh","2014-08-22",55,31.9559227281538,9,9,6,6,0,0,5,0,0,0,0,0,0,0,0,1,0,3,0,0,5,0,0,0,0,0,0,0,0,1,0,3,"env"
"moveyourmoneyuk, OccupyLondon/2014-09-21","2014-09-21","moveyourmoneyuk, OccupyLondon","Participated, Participated","Protest","Before event day","Yes","No","No","No","No","Public space","People's Climate March","","march","London","2014-08-29",11,8.39651429653168,3,3,3,3,0,0,0,0,0,0,0,0,0,1,0,0,0,2,0,0,0,0,0,0,0,0,0,1,0,0,0,2,"pov"
"TridentPlough/2014-09-22","2014-09-22","TridentPlough","Organised","Protest","After event","No","Yes","No","No","Yes","Political site","Oppose nuclear","","blockade","Faslane","2014-09-22",3,2.40252375602722,1,1,1,1,0,0,0,0,0,0,0,0,0,1,0,0,0,0,0,0,0,0,0,0,0,0,0,1,0,0,0,0,"env"
"GreenpeaceUK/2014-09-23","2014-09-23","GreenpeaceUK","Organised","Protest","After event","No","Yes","No","No","No","Company site","Oppose dirty coal","50","blockade, stopped a coal train, occupation","Cottam power station","2014-09-23",13,4.47632905816152,0,0,0,0,0,0,0,0,0,0,0,0,0,0,0,0,0,0,0,0,0,0,0,0,0,0,0,0,0,0,0,0,"env"
"F_F_Ryedale/2014-09-29","2014-09-29","F_F_Ryedale","Organised","Protest","Before event day","Yes","No","No","No","No","Company site","Oppose fracking","","demonstration","Shale Gas and Oil Summit, London","2014-09-22",2,0.99966408,0,0,0,0,0,0,0,0,0,0,0,0,0,0,0,0,0,0,0,0,0,0,0,0,0,0,0,0,0,0,0,0,"env"
"unisontheunion/2014-09-30","2014-09-30","unisontheunion","Organised","Strike","Before event day","No","No","No","No","No","Other","Council and school workers strike, make work pay","","strike","","2014-07-23",3,1.3396276421845,1,0,0,0,0,0,0,0,0,0,0,0,0,0,0,0,0,1,0,0,0,0,0,0,0,0,0,0,0,0,0,0,"pov"
"frackfreelancs/2014-10-02","2014-10-02","frackfreelancs","Organised","Protest","After event","No","No","No","No","No","Public space","frack free Lancashire","","rally","Lancashire","2014-10-02",7,4.33910046296035,0,0,0,0,0,0,0,0,0,0,0,0,0,0,0,0,0,0,0,0,0,0,0,0,0,0,0,0,0,0,0,0,"env"
"FocusE15/2014-10-02","2014-10-02","FocusE15","Organised","Protest","Before event day","Yes","No","No","No","No","Court","Interim Possession Order hearing","","demonstration","Bow county court","2014-09-27",8,3.35361632342565,3,3,2,2,1,0,1,0,0,0,0,0,0,0,0,1,0,0,1,0,1,0,0,0,0,0,0,0,0,1,0,0,"pov"
"CNDuk/2014-10-04","2014-10-04","CNDuk","Organised","Protest","Before event day","Yes","No","No","No","No","Public space","Stop bombing Iraq","","demonstration","Temple, London","2014-10-01",5,3.52935966116309,1,1,0,0,1,0,0,0,0,0,0,0,0,0,0,0,0,0,1,0,0,0,0,0,0,0,0,0,0,0,0,0,"env"
"HousingActionSL/2014-10-08","2014-10-08","HousingActionSL","Participated","Protest","Before event day","Yes","No","No","No","No","Other","oppose eviction","","demonstration","outside Olive Morris house","2014-10-07",2,1.76089537143707,0,0,0,0,0,0,0,0,0,0,0,0,0,0,0,0,0,0,0,0,0,0,0,0,0,0,0,0,0,0,0,0,"pov"
"Ukuncut/2014-10-08","2014-10-08","Ukuncut","Organised","Protest","Before event day","Yes","Yes","No","No","No","Political site","Crash clegg speech","","crash speech","Lib dem conference","2014-10-07",8,1.99431409725213,0,0,0,0,0,0,0,0,0,0,0,0,0,0,0,0,0,0,0,0,0,0,0,0,0,0,0,0,0,0,0,0,"pov"
"reclaimthepower/2014-10-11","2014-10-11","reclaimthepower","Organised","Protest","Before event day","Yes","No","No","Yes","No","Company site","Global frackdown","'Check out how many of us are out today'","taking to the streets, action, hit","HSBC","2014-09-30",6,1.61489026246619,0,0,0,0,0,0,0,0,0,0,0,0,0,0,0,0,0,0,0,0,0,0,0,0,0,0,0,0,0,0,0,0,"env"
"MidwivesRCM, pcs_union, unisontheunion, unitetheunion/2014-10-13","2014-10-13","MidwivesRCM, pcs_union, unisontheunion, unitetheunion","Organised, Organised, Organised, Participated","Strike","Before event day","No","No","No","No","No","Other","NHS strike","","strike, picket","","2014-10-06",59,31.2294675062474,91,80,46,40,11,3,8,3,15,1,4,0,5,5,1,3,1,31,9,3,6,2,14,1,4,0,5,4,1,3,1,27,"pov"
"unisontheunion/2014-10-14","2014-10-14","unisontheunion","Participated","Strike","Before event day","No","No","No","No","No","Other","local government and school support workers strike","","","","2014-07-31",12,7.9157303494942,9,5,0,0,3,2,1,0,1,0,0,0,0,0,0,0,0,2,2,0,1,0,0,0,0,0,0,0,0,0,0,2,"pov"
"pcs_union/2014-10-15","2014-10-15","pcs_union","Organised","Strike","Before event day","No","No","No","No","No","Other","Civil servant strike, fair pay","","strike, picket","","2014-09-23",17,8.85501247672084,20,17,16,16,2,0,1,0,1,0,1,0,0,0,1,4,0,10,1,0,1,0,0,0,1,0,0,0,0,4,0,10,"pov"
"radicalhousing/2014-10-15","2014-10-15","radicalhousing","Organised","Protest","Before event day","Yes","No","No","No","No","Company site","Olympia protest, our homes, not your investment, no to MIPIM","","protest","Property fair, London, Olympia","2014-08-30",7,4.29811913593695,1,1,1,1,1,0,0,0,0,0,0,0,0,0,0,0,0,0,1,0,0,0,0,0,0,0,0,0,0,0,0,0,"pov"
"ShellOutSounds/2014-10-16","2014-10-16","ShellOutSounds","Organised","Protest","Before event day","Yes","No","No","No","No","Entertainment/cultural","Oppose greenwashing and privatisation","","protest","National Gallery","2014-10-07",8,1.38929540720581,0,0,0,0,0,0,0,0,0,0,0,0,0,0,0,0,0,0,0,0,0,0,0,0,0,0,0,0,0,0,0,0,"env"
"HousingActionSL/2014-10-16","2014-10-16","HousingActionSL","Organised","Protest","Before event day","Yes","Yes","No","No","No","Public space","Council ineptitude in providing housing","20","occupation","Southwark Town Hall","2014-10-14",23,14.8251220879845,0,0,0,0,0,0,0,0,0,0,0,0,0,0,0,0,0,0,0,0,0,0,0,0,0,0,0,0,0,0,0,0,"pov"
"OccupyLondon/2014-10-17","2014-10-17","OccupyLondon","Organised","Protest","Before event day","Yes","Yes","No","No","Yes","Public space","oppose fracking","","occupation","Parliament Square","2014-09-24",152,51.8460303703716,5,2,4,1,0,0,1,0,0,0,0,0,2,0,0,2,0,0,0,0,0,0,0,0,0,0,2,0,0,0,0,0,"pov"
"CNDuk/2014-10-18","2014-10-18","CNDuk","Participated","Protest","After event","No","No","No","No","No","Unknown","Scrap trident, Britain needs a pay rise demo","","demonstration, protest","","2014-10-18",2,1.67786169054028,0,0,0,0,0,0,0,0,0,0,0,0,0,0,0,0,0,0,0,0,0,0,0,0,0,0,0,0,0,0,0,0,"env"
"bectu, EquityUK, fbunational, FocusE15, MidwivesRCM, NASUWT, PayRise4Britain, pcs_union, pplsassembly, theRCN, TheStudentAssem, Ukuncut, unisontheunion, unitetheunion/2014-10-18","2014-10-18","bectu, EquityUK, fbunational, FocusE15, MidwivesRCM, NASUWT, PayRise4Britain, pcs_union, pplsassembly, theRCN, TheStudentAssem, Ukuncut, unisontheunion, unitetheunion","Participated, Participated, Participated, Participated, Participated, Participated, Organised, Organised, Participated, Participated, Participated, Organised, Organised, Organised","Protest","Before event day","Yes","No","No","No","No","Public space","Say no to poverty pay, Britain needs a pay rise, Time for jobs, homes, health and hope","","march, demonstration, rally","London","2014-08-28",182,140.799644090215,39,11,21,5,4,2,3,0,11,0,1,0,1,1,0,2,0,14,0,0,0,0,6,0,0,0,0,0,0,1,0,4,"pov"
"ClassWar2015/2014-10-18","2014-10-18","ClassWar2015","Organised","Protest","On day, before event","No","No","No","No","No","Public space","Poor doors demo","","demonstration","Commercial street, Aldgate East","2014-10-18",2,1.59963923692703,0,0,0,0,0,0,0,0,0,0,0,0,0,0,0,0,0,0,0,0,0,0,0,0,0,0,0,0,0,0,0,0,"pov"
"OccupyLondon/2014-10-19","2014-10-19","OccupyLondon","Organised","Protest","Before event day","Yes","Yes","No","No","Yes","Public space","Occupy democracy","","occupation","Parliament square","2014-10-18",29,10.4718651620259,3,1,3,1,0,0,1,0,0,0,0,0,1,0,0,1,0,0,0,0,0,0,0,0,0,0,0,0,0,1,0,0,"pov"
"TridentPlough/2014-10-20","2014-10-20","TridentPlough","Organised","Protest","After event","No","No","No","No","No","Political site","Stop trident","","protest, demonstration","Scotland office","2014-10-20",2,1.59071439504623,0,0,0,0,0,0,0,0,0,0,0,0,0,0,0,0,0,0,0,0,0,0,0,0,0,0,0,0,0,0,0,0,"env"
"Dis_PPL_Protest/2014-10-20","2014-10-20","Dis_PPL_Protest","Organised","Protest","Before event day","Yes","No","No","No","No","Political site","Lord Freud should resign after derogatory comments about disabled people","","protest","DWP, Caxton House","2014-10-16",10,3.38805425167084,3,1,0,0,1,0,2,0,0,0,0,0,0,0,0,0,0,0,0,0,1,0,0,0,0,0,0,0,0,0,0,0,"pov"
"OccupyLondon/2014-10-21","2014-10-21","OccupyLondon","Organised","Protest","On day, before event","Yes","Yes","No","No","Yes","Public space","Occupy democracy","","occupation, protest","Parliament square","2014-10-21",34,14.0545900463726,5,5,5,5,2,0,3,0,0,0,0,0,0,0,0,0,0,0,2,0,3,0,0,0,0,0,0,0,0,0,0,0,"pov"
"OccupyLondon/2014-10-22","2014-10-22","OccupyLondon","Organised","Protest","Before event day","Yes","Yes","No","No","No","Public space","Occupy democracy","","occupation","Parliament square","2014-10-21",19,5.53009823703331,0,0,0,0,0,0,0,0,0,0,0,0,0,0,0,0,0,0,0,0,0,0,0,0,0,0,0,0,0,0,0,0,"pov"
"Dis_PPL_Protest/2014-10-22","2014-10-22","Dis_PPL_Protest","Organised","Protest","Before event day","Yes","No","No","Yes","No","Court","Save independent living fund","","vigil","","2014-10-22",10,4.08524879813194,0,0,0,0,0,0,0,0,0,0,0,0,0,0,0,0,0,0,0,0,0,0,0,0,0,0,0,0,0,0,0,0,"pov"
"OccupyLondon/2014-10-23","2014-10-23","OccupyLondon","Organised","Protest","Before event day","Yes","Yes","No","No","No","Public space","Occupy democracy","","occupation","Parliament square","2014-10-21",34,15.9775122626216,1,0,0,0,1,0,0,0,0,0,0,0,0,0,0,0,0,0,0,0,0,0,0,0,0,0,0,0,0,0,0,0,"pov"
"unitetheunion/2014-10-23","2014-10-23","unitetheunion","Participated","Both","Before event day","No","No","No","No","No","Other","St Mungo’s Broadway strike","","rally","charity HQ","2014-10-22",10,2.69669942149915,1,1,1,1,0,0,1,0,0,0,0,0,0,0,0,0,0,0,0,0,1,0,0,0,0,0,0,0,0,0,0,0,"pov"
"OccupyLondon/2014-10-25","2014-10-25","OccupyLondon","Organised","Protest","Before event day","Yes","Yes","No","No","No","Public space","Occupy democracy","","occupation","Parliament square","2014-10-22",23,6.12265978728549,1,0,0,0,0,0,0,0,0,0,0,0,1,0,0,0,0,0,0,0,0,0,0,0,0,0,0,0,0,0,0,0,"pov"
"OccupyLondon/2014-10-27","2014-10-27","OccupyLondon","Organised","Protest","Before event day","Yes","No","No","No","No","Public space","Occupy democracy","","present demands","Parliament square","2014-10-24",31,10.1713012755849,0,0,0,0,0,0,0,0,0,0,0,0,0,0,0,0,0,0,0,0,0,0,0,0,0,0,0,0,0,0,0,0,"pov"
"campaigncc/2014-10-31","2014-10-31","campaigncc","Organised","Protest","Before event day","Yes","No","No","Yes","No","Embassy","Vigil for french activist killed during protest","","vigil","French embassy","2014-10-30",2,1.48066729307175,0,0,0,0,0,0,0,0,0,0,0,0,0,0,0,0,0,0,0,0,0,0,0,0,0,0,0,0,0,0,0,0,"env"
"fbunational/2014-11-01","2014-11-01","fbunational","Organised","Strike","Before event day","No","No","No","No","No","Other","Firefighter strike","","strike","","2014-10-31",4,1.48153640329838,0,0,0,0,0,0,0,0,0,0,0,0,0,0,0,0,0,0,0,0,0,0,0,0,0,0,0,0,0,0,0,0,"pov"
"unitetheunion/2014-11-05","2014-11-05","unitetheunion","Organised","Protest","On day, before event","No","No","No","No","No","Other","Hotel worker protest, living wage, St Mungos staff rally","","protest, rally","Crown Plaza, St Mungos HQ","2014-11-05",6,2.47952485860185,0,0,0,0,0,0,0,0,0,0,0,0,0,0,0,0,0,0,0,0,0,0,0,0,0,0,0,0,0,0,0,0,"pov"
"GreenpeaceUK/2014-11-13","2014-11-13","GreenpeaceUK","Organised","Protest","After event","No","No","No","Yes","No","Company site","Oppose Shell drilling, protect arctic","","subvertising, scaling bridge","Shell HQ","2014-11-13",4,1.12608995628336,0,0,0,0,0,0,0,0,0,0,0,0,0,0,0,0,0,0,0,0,0,0,0,0,0,0,0,0,0,0,0,0,"env"
"EISUnion/2014-11-18","2014-11-18","EISUnion","Organised","Strike","Before event day","No","No","No","No","No","Other","Ayrshire College lecturers strike","","strike","","2014-11-17",3,1.92058843374252,0,0,0,0,0,0,0,0,0,0,0,0,0,0,0,0,0,0,0,0,0,0,0,0,0,0,0,0,0,0,0,0,"pov"
"CNDuk/2014-11-19","2014-11-19","CNDuk","Participated","Protest","Before event day","Yes","No","No","No","No","Public space","Free education demonstration, books not bombs","","demonstration","Central London","2014-11-10",4,3.22913789749146,0,0,0,0,0,0,0,0,0,0,0,0,0,0,0,0,0,0,0,0,0,0,0,0,0,0,0,0,0,0,0,0,"env"
"pplsassembly, TheStudentAssem, Ukuncut/2014-11-19","2014-11-19","pplsassembly, TheStudentAssem, Ukuncut","Participated, Organised, Participated","Protest","Before event day","Yes","No","No","No","No","Public space","free education, no cuts, no fees","","demonstration, march","London","2014-10-09",78,64.6898749319783,13,9,9,5,5,0,7,1,0,0,0,0,0,0,0,0,0,0,3,0,5,1,0,0,0,0,0,0,0,0,0,0,"pov"
"OccupyLondon/2014-11-21","2014-11-21","OccupyLondon","Organised","Protest","Before event day","Yes","Yes","No","No","Yes","Public space","Occupy democracy 2","","occupation","Parliament square","2014-11-02",25,10.6970215364477,3,3,3,3,1,0,0,0,0,0,0,0,2,0,0,0,0,0,1,0,0,0,0,0,0,0,2,0,0,0,0,0,"pov"
"OccupyLondon/2014-11-22","2014-11-22","OccupyLondon","Organised","Protest","Before event day","Yes","Yes","No","No","No","Public space","Occupy democracy 2","","occupation","Parliament square, Downing street","2014-11-20",15,5.82139964390625,0,0,0,0,0,0,0,0,0,0,0,0,0,0,0,0,0,0,0,0,0,0,0,0,0,0,0,0,0,0,0,0,"pov"
"HousingActionSL/2014-11-22","2014-11-22","HousingActionSL","Organised","Protest","Before event day","Yes","No","No","No","No","Public space","Solidarity with Abahlali baseMjondolo, against South African gov","","demonstration","South Africa House, Trafalgar Sq","2014-11-19",3,1.66880682073749,0,0,0,0,0,0,0,0,0,0,0,0,0,0,0,0,0,0,0,0,0,0,0,0,0,0,0,0,0,0,0,0,"pov"
"OccupyLondon/2014-11-23","2014-11-23","OccupyLondon","Organised","Protest","Before event day","Yes","Yes","No","No","No","Public space","Occupy democracy 2","","lock on, occupation","Parliament square","2014-11-21",17,5.9356524348259,4,1,1,1,2,0,0,0,0,0,0,0,2,0,0,0,0,0,1,0,0,0,0,0,0,0,0,0,0,0,0,0,"pov"
"MidwivesRCM, unisontheunion, unitetheunion/2014-11-24","2014-11-24","MidwivesRCM, unisontheunion, unitetheunion","Organised, Organised, Organised","Strike","Before event day","No","No","No","No","No","Other","NHS strike over pay","","walk out, strike, stoppage, picket","","2014-10-30",44,21.6124772795766,14,14,12,12,1,2,1,0,4,1,0,0,2,0,0,0,1,2,1,2,1,0,4,1,0,0,2,0,0,0,1,2,"pov"
"HousingActionSL/2014-11-28","2014-11-28","HousingActionSL","Participated","Protest","Before event day","Yes","No","No","No","No","Company site","No More Deaths from Fuel Poverty, Energy Rights Now","","march","Energy UK","2014-11-28",1,0.92019784450531,0,0,0,0,0,0,0,0,0,0,0,0,0,0,0,0,0,0,0,0,0,0,0,0,0,0,0,0,0,0,0,0,"pov"
"EISUnion/2014-11-29","2014-11-29","EISUnion","Participated","Protest","Before event day","Yes","No","No","No","No","Public space","anti racism","","march, rally","Glasgow","2014-11-24",2,1.79475128650665,0,0,0,0,0,0,0,0,0,0,0,0,0,0,0,0,0,0,0,0,0,0,0,0,0,0,0,0,0,0,0,0,"pov"
"TridentPlough/2014-11-30","2014-11-30","TridentPlough","Organised","Protest","Before event day","Yes","No","No","No","No","Political site","Trident still has to go","","demonstration","Faslane","2014-10-12",5,3.59218034111719,0,0,0,0,0,0,0,0,0,0,0,0,0,0,0,0,0,0,0,0,0,0,0,0,0,0,0,0,0,0,0,0,"env"
"BarnetHaction/2014-12-01","2014-12-01","BarnetHaction","Participated","Protest","Before event day","Yes","No","No","No","No","Public space","Oppose bad landlords, Westbrook partners","","march","Berkeley Square, Downing Street","2014-12-01",3,1.69642315804958,3,4,3,4,0,0,3,0,0,0,0,0,0,0,0,0,0,0,0,0,4,0,0,0,0,0,0,0,0,0,0,0,"pov"
"pplsassembly/2014-12-02","2014-12-02","pplsassembly","Organised","Protest","Before event day","Yes","No","No","No","No","Political site","Austerity has failed, eve of autumn statement","","protest","Downing street","2014-11-30",5,1.83829261317405,0,0,0,0,0,0,0,0,0,0,0,0,0,0,0,0,0,0,0,0,0,0,0,0,0,0,0,0,0,0,0,0,"pov"
"TheStudentAssem/2014-12-03","2014-12-03","TheStudentAssem","Organised","Protest","Before event day","Yes","No","No","Yes","No","Other","Free education national day of action","","debt in","University campuses","2014-11-06",19,16.3965167405052,0,0,0,0,0,0,0,0,0,0,0,0,0,0,0,0,0,0,0,0,0,0,0,0,0,0,0,0,0,0,0,0,"pov"
"HousingActionSL/2014-12-08","2014-12-08","HousingActionSL","Organised","Protest","After event","No","Yes","No","No","No","Public space","demand social housing for member","","occupation","Southwark town hall","2014-12-08",2,1.61746102571487,0,0,0,0,0,0,0,0,0,0,0,0,0,0,0,0,0,0,0,0,0,0,0,0,0,0,0,0,0,0,0,0,"pov"
"fbunational/2014-12-09","2014-12-09","fbunational","Organised","Protest","Before event day","No","No","No","No","No","Public space","Reinstate Ricky Matthews (sacked for striking)","","demonstration","Aylesbury","2014-12-01",19,13.2612409275025,6,6,2,2,1,0,1,1,2,0,0,0,0,0,0,0,0,1,1,0,1,1,2,0,0,0,0,0,0,0,0,1,"pov"
"liberatetate/2014-12-17","2014-12-17","liberatetate","Participated","Protest","Before event day","Yes","No","No","No","No","Public space","Oppose privatisation of national gallery","","protest","Trafalgar Square","2014-12-12",1,0.787416399,0,0,0,0,0,0,0,0,0,0,0,0,0,0,0,0,0,0,0,0,0,0,0,0,0,0,0,0,0,0,0,0,"env"
"TheStudentAssem/2014-12-17","2014-12-17","TheStudentAssem","Organised","Protest","Before event day","Yes","No","No","No","No","Political site","Oppose cuts to youth services","","protest","City hall","2014-11-28",25,19.2509351383178,0,0,0,0,0,0,0,0,0,0,0,0,0,0,0,0,0,0,0,0,0,0,0,0,0,0,0,0,0,0,0,0,"pov"
"OccupyLondon/2014-12-20","2014-12-20","OccupyLondon","Organised","Protest","Before event day","Yes","Yes","No","No","No","Public space","Occupy democracy 3","","occupation","Parliament square","2014-11-23",39,18.8397701225604,0,0,0,0,0,0,0,0,0,0,0,0,0,0,0,0,0,0,0,0,0,0,0,0,0,0,0,0,0,0,0,0,"pov"
"ShellOutSounds/2014-12-21","2014-12-21","ShellOutSounds","Organised","Protest","Before event day","Yes","No","No","Yes","No","Entertainment/cultural","Carols not Barrels, oppose Shell sponsorship","","protest, singing","National Gallery","2014-11-19",12,8.52025626637838,0,0,0,0,0,0,0,0,0,0,0,0,0,0,0,0,0,0,0,0,0,0,0,0,0,0,0,0,0,0,0,0,"env"
"We_OwnIt/2015-01-05","2015-01-05","We_OwnIt","Organised","Protest","Before event day","Yes","No","No","No","No","Public space","oppose rising train fares","","protest","train stations","2014-12-22",6,3.13882067799568,0,0,0,0,0,0,0,0,0,0,0,0,0,0,0,0,0,0,0,0,0,0,0,0,0,0,0,0,0,0,0,0,"pov"
"Dis_PPL_Protest/2015-01-06","2015-01-06","Dis_PPL_Protest","Organised","Protest","Before event day","Yes","Yes","No","No","No","Public space","Save independent living fund","","block traffic","Whitehall","2014-12-19",12,5.44233102414614,1,0,1,0,1,0,0,0,0,0,0,0,0,0,0,0,0,0,0,0,0,0,0,0,0,0,0,0,0,0,0,0,"pov"
"unitetheunion/2015-01-09","2015-01-09","unitetheunion","Organised","Both","Before event day","Yes","No","No","No","No","Public space","Barbour strike","","strike, march, rally","Tesco car park, Towers place, South Shields","2015-01-08",9,6.1639129370451,0,0,0,0,0,0,0,0,0,0,0,0,0,0,0,0,0,0,0,0,0,0,0,0,0,0,0,0,0,0,0,0,"pov"
"unitetheunion/2015-01-13","2015-01-13","unitetheunion","Organised","Strike","Before event day","No","No","No","No","No","Other","bus drivers strike","","strike","","2015-01-08",18,10.6795371178358,2,2,2,2,1,0,1,0,0,0,0,0,0,0,0,0,0,0,1,0,1,0,0,0,0,0,0,0,0,0,0,0,"pov"
"NASUWT/2015-01-13","2015-01-13","NASUWT","Organised","Strike","Before event day","No","No","No","No","No","Other","Merrill Academy strike","","strike","Merrill Academy, Derby","2015-01-12",1,0.887249052524567,0,0,0,0,0,0,0,0,0,0,0,0,0,0,0,0,0,0,0,0,0,0,0,0,0,0,0,0,0,0,0,0,"pov"
"fbunational/2015-01-17","2015-01-17","fbunational","Organised","Protest","Before event day","Yes","No","No","No","No","Public space","Save our fire service","","demonstration","Lincolnshire","2015-01-15",3,1.98753973841667,0,0,0,0,0,0,0,0,0,0,0,0,0,0,0,0,0,0,0,0,0,0,0,0,0,0,0,0,0,0,0,0,"pov"
"F_F_Ryedale/2015-01-19","2015-01-19","F_F_Ryedale","Organised","Protest","Before event day","Yes","No","No","No","No","Political site","Anti fracking","","demonstration","Ryedale District Council offices","2015-01-17",6,3.96949907420465,0,0,0,0,0,0,0,0,0,0,0,0,0,0,0,0,0,0,0,0,0,0,0,0,0,0,0,0,0,0,0,0,"env"
"CNDuk/2015-01-24","2015-01-24","CNDuk","Organised","Protest","Before event day","Yes","No","No","No","No","Political site","Wrap up trident","","demonstration","Ministry of Defence","2014-12-28",59,18.0889314276795,0,0,0,0,0,0,0,0,0,0,0,0,0,0,0,0,0,0,0,0,0,0,0,0,0,0,0,0,0,0,0,0,"env"
"OccupyLondon, TheStudentAssem/2015-01-24","2015-01-24","OccupyLondon, TheStudentAssem","Organised, Participated","Protest","Before event day","Yes","Yes","No","No","No","Public space","Occupy democracy, oppose trident","","occupation, march","Parliament square","2015-01-10",26,10.3567117971893,1,0,1,0,0,0,0,0,0,0,0,0,0,1,0,0,0,0,0,0,0,0,0,0,0,0,0,0,0,0,0,0,"pov"
"friends_earth, GreenpeaceUK, talkfracking/2015-01-26","2015-01-26","friends_earth, GreenpeaceUK, talkfracking","Organised, Participated, Participated","Protest","Before event day","Yes","No","No","No","No","Public space","Urge MPs to vote against fracking in Commons vote","300","rally","outside Parliament","2015-01-16",24,7.12554544706825,2,2,2,2,0,0,1,0,0,0,0,0,0,0,0,0,0,1,0,0,1,0,0,0,0,0,0,0,0,0,0,1,"env"
"MidwivesRCM/2015-01-29","2015-01-29","MidwivesRCM","Organised","Strike","Before event day","No","No","No","No","No","Other","NHS pay strike","","stoppage, strike","","2014-12-19",12,9.04851490957901,4,4,0,1,3,0,1,0,0,0,0,0,0,0,0,0,0,0,0,0,1,0,2,0,1,0,0,0,0,0,0,0,"pov"
"liberatetate/2015-01-31","2015-01-31","liberatetate","Organised","Protest","After event","No","No","No","Yes","No","Entertainment/cultural","Oppose BP sponsorship","8","threw fake money","Tate Modern","2015-01-31",13,1.0960464070443,0,0,0,0,0,0,0,0,0,0,0,0,0,0,0,0,0,0,0,0,0,0,0,0,0,0,0,0,0,0,0,0,"env"
"BarnetHaction, FocusE15, HousingActionSL, OccupyLondon/2015-01-31","2015-01-31","BarnetHaction, FocusE15, HousingActionSL, OccupyLondon","Organised, Organised, Participated, Participated","Protest","Before event day","Yes","No","No","No","No","Public space","March for Homes","","march","East London","2015-01-10",44,31.6818190815371,7,7,3,3,1,0,5,0,0,0,0,0,0,1,0,0,0,0,1,0,5,0,0,0,0,0,0,1,0,0,0,0,"pov"
"keepnhspublic/2015-01-31","2015-01-31","keepnhspublic","Organised","Protest","On day, before event","No","No","No","No","No","Public space","save the NHS","","day of action","","2015-01-31",11,6.96602875711253,0,0,0,0,0,0,0,0,0,0,0,0,0,0,0,0,0,0,0,0,0,0,0,0,0,0,0,0,0,0,0,0,"pov"
"fbunational/2015-01-31","2015-01-31","fbunational","Organised","Protest","Before event day","No","No","No","No","No","Public space","Save our fire service","","march","Lincoln","2015-01-25",4,2.34713427730608,0,0,0,0,0,0,0,0,0,0,0,0,0,0,0,0,0,0,0,0,0,0,0,0,0,0,0,0,0,0,0,0,"pov"
"unitetheunion/2015-02-05","2015-02-05","unitetheunion","Organised","Strike","Before event day","No","No","No","No","No","Other","bus driver strike","","strike","","2015-02-04",20,5.73958287896164,4,4,3,3,1,0,3,0,0,0,0,0,0,0,0,0,0,0,1,0,3,0,0,0,0,0,0,0,0,0,0,0,"pov"
"fbunational/2015-02-07","2015-02-07","fbunational","Organised","Protest","Before event day","Yes","No","No","No","No","Public space","Save our fire service","","march, rally, demonstration","Sunderland","2015-01-21",4,2.59875568737468,0,0,0,0,0,0,0,0,0,0,0,0,0,0,0,0,0,0,0,0,0,0,0,0,0,0,0,0,0,0,0,0,"pov"
"CClimateAction/2015-02-11","2015-02-11","CClimateAction","Organised","Protest","After event","No","No","No","Yes","No","Unknown","Call on church to divest from fossil fuels","","Banner drop","Church of England Synod","2015-02-11",3,0.499023795127869,0,0,0,0,0,0,0,0,0,0,0,0,0,0,0,0,0,0,0,0,0,0,0,0,0,0,0,0,0,0,0,0,"env"
"HousingActionSL/2015-02-11","2015-02-11","HousingActionSL","Participated","Protest","Before event day","No","Yes","No","No","Yes","Company site","Oppose evictions","","carsh ceremony","bailiffs award ceremony","2015-02-10",6,2.86555776000023,0,0,0,0,0,0,0,0,0,0,0,0,0,0,0,0,0,0,0,0,0,0,0,0,0,0,0,0,0,0,0,0,"pov"
"CNDuk/2015-02-14","2015-02-14","CNDuk","Organised","Protest","Before event day","Yes","No","No","No","No","Public space","Demand release of Shaker Aamer","","march","","2015-02-12",1,0.864807546138763,0,0,0,0,0,0,0,0,0,0,0,0,0,0,0,0,0,0,0,0,0,0,0,0,0,0,0,0,0,0,0,0,"env"
"OccupyLondon/2015-02-14","2015-02-14","OccupyLondon","Organised","Protest","Before event day","Yes","Yes","No","No","No","Public space","Occupy democracy: equality and representation","","occupation","Parliament Square","2015-01-25",31,12.6651468792566,0,0,0,0,0,0,0,0,0,0,0,0,0,0,0,0,0,0,0,0,0,0,0,0,0,0,0,0,0,0,0,0,"pov"
"SistersUncut/2015-02-14","2015-02-14","SistersUncut","Organised","Protest","Before event day","Yes","Yes","No","No","No","Public space","oppose cuts to domestic violence services","500","occupation, protest","Oxford circus","2015-01-20",15,5.59686843417988,0,0,0,0,0,0,0,0,0,0,0,0,0,0,0,0,0,0,0,0,0,0,0,0,0,0,0,0,0,0,0,0,"pov"
"HousingActionSL/2015-02-14","2015-02-14","HousingActionSL","Participated","Protest","Before event day","No","Yes","No","No","No","Other","oppose demolition and gentrification","","occupation","Aylesbury Estate","2015-02-13",2,1.68673670291901,0,0,0,0,0,0,0,0,0,0,0,0,0,0,0,0,0,0,0,0,0,0,0,0,0,0,0,0,0,0,0,0,"pov"
"moveyourmoneyuk, OccupyLondon/2015-02-14","2015-02-14","moveyourmoneyuk, OccupyLondon","Organised, Participated","Protest","Before event day","Yes","No","No","Yes","No","Company site","Global divestment day","","direct action, party, protest, flood financial centre, music and dinosaurs","HSBC, RBS","2014-12-19",62,26.3927527131822,1,1,0,0,0,0,1,0,0,0,0,0,0,0,0,0,0,0,0,0,1,0,0,0,0,0,0,0,0,0,0,0,"pov"
"HousingActionSL/2015-02-16","2015-02-16","HousingActionSL","Organised","Protest","After event","No","Yes","No","No","No","Public space","social housing not social cleansing","30","occupation","Lambeth town hall","2015-02-16",11,8.73504240114343,0,0,0,0,0,0,0,0,0,0,0,0,0,0,0,0,0,0,0,0,0,0,0,0,0,0,0,0,0,0,0,0,"pov"
"BarnetHaction/2015-02-16","2015-02-16","BarnetHaction","Organised","Protest","Before event day","Yes","Yes","No","No","No","Other","Eviction resistance","","rally, eviction resistance","Barnet","2015-02-14",6,1.69366044600014,0,0,0,0,0,0,0,0,0,0,0,0,0,0,0,0,0,0,0,0,0,0,0,0,0,0,0,0,0,0,0,0,"pov"
"UVWunion/2015-02-21","2015-02-21","UVWunion","Organised","Protest","Before event day","Yes","No","No","No","No","Unknown","cleaners and porters backdated pay, sick pay and respect","","demonstration, protest","","2015-02-04",11,9.08017307519913,0,0,0,0,0,0,0,0,0,0,0,0,0,0,0,0,0,0,0,0,0,0,0,0,0,0,0,0,0,0,0,0,"pov"
"UVWunion/2015-02-22","2015-02-22","UVWunion","Organised","Protest","Before event day","No","No","No","No","No","Company site","cleaners and porters, backdated pay, sick pay and respect","","protest","Sothebys","2015-02-16",3,2.49585664338123,0,0,0,0,0,0,0,0,0,0,0,0,0,0,0,0,0,0,0,0,0,0,0,0,0,0,0,0,0,0,0,0,"pov"
"pcs_union/2015-02-22","2015-02-22","pcs_union","Organised","Strike","Before event day","No","No","No","No","No","Other","National Gallery strike, against privatisation","","strike","","2015-02-19",2,1.53973931074142,0,0,0,0,0,0,0,0,0,0,0,0,0,0,0,0,0,0,0,0,0,0,0,0,0,0,0,0,0,0,0,0,"pov"
"radicalhousing/2015-02-23","2015-02-23","radicalhousing","Organised","Protest","Before event day","Yes","No","No","No","No","Political site","Block the budget, social housing not social cleansing","","family friendly demonstration","City hall","2015-02-13",5,3.65889084339142,0,0,0,0,0,0,0,0,0,0,0,0,0,0,0,0,0,0,0,0,0,0,0,0,0,0,0,0,0,0,0,0,"pov"
"MidwivesRCM/2015-02-25","2015-02-25","MidwivesRCM","Organised","Strike","Before event day","No","No","No","No","No","Other","NHS pay","","stoppage, strike","","2014-12-19",20,6.06845087536725,5,1,0,0,2,0,0,0,1,0,0,0,2,0,0,0,0,0,0,0,0,0,1,0,0,0,0,0,0,0,0,0,"pov"
"fbunational/2015-02-25","2015-02-25","fbunational","Organised","Both","Before event day","Yes","Yes","No","No","No","Public space","Firefighter strike and protest, no more lies","4000","strike, protest, shut down","Westminster","2015-02-13",14,4.85787169213641,2,2,2,2,1,1,0,0,0,0,0,0,0,0,0,0,0,0,1,1,0,0,0,0,0,0,0,0,0,0,0,0,"pov"
"keepnhspublic/2015-02-28","2015-02-28","keepnhspublic","Organised","Protest","Before event day","No","No","No","No","No","Unknown","Save our NHS, oppose privatisation","","day of action","","2015-02-27",7,3.1263287961483,0,0,0,0,0,0,0,0,0,0,0,0,0,0,0,0,0,0,0,0,0,0,0,0,0,0,0,0,0,0,0,0,"pov"
"EISUnion/2015-02-28","2015-02-28","EISUnion","Organised","Protest","Before event day","No","No","No","No","No","Public space","Teachers join Parents & Children to Fight Falkirk School Cuts","","demonstration","Falkirk","2015-02-04",5,1.89906482071797,0,0,0,0,0,0,0,0,0,0,0,0,0,0,0,0,0,0,0,0,0,0,0,0,0,0,0,0,0,0,0,0,"pov"
"Dis_PPL_Protest, Ukuncut/2015-03-02","2015-03-02","Dis_PPL_Protest, Ukuncut","Organised, Organised","Protest","Before event day","Yes","No","No","No","No","Company site","The Day Of Action Against Maximus (work capability contractor), Scrap WCA","","protest, day of action","Maximus HQ, London","2015-01-19",50,34.0103481119033,0,0,0,0,0,0,0,0,0,0,0,0,0,0,0,0,0,0,0,0,0,0,0,0,0,0,0,0,0,0,0,0,"pov"
"campaigncc, CNDuk, frackfreelancs, friends_earth, GreenpeaceUK, reclaimthepower, TheCCoalition/2015-03-07","2015-03-07","campaigncc, CNDuk, frackfreelancs, friends_earth, GreenpeaceUK, reclaimthepower, TheCCoalition","Organised, Participated, Participated, Participated, Participated, Participated, Participated","Protest","Before event day","Yes","No","No","No","No","Public space","Time to Act","","march","London","2015-01-30",95,47.064336655031,4,4,2,2,1,0,3,0,0,0,0,0,0,0,0,0,0,0,1,0,3,0,0,0,0,0,0,0,0,0,0,0,"env"
"pcs_union/2015-03-07","2015-03-07","pcs_union","Participated","Protest","Before event day","Yes","No","No","No","No","Public space","Climate demo","1000s","march, demonstration","London","2015-03-04",2,1.73144590854645,1,1,0,0,0,0,1,0,0,0,0,0,0,0,0,0,0,0,0,0,1,0,0,0,0,0,0,0,0,0,0,0,"pov"
"FocusE15/2015-03-08","2015-03-08","FocusE15","Organised","Protest","On day, before event","Yes","Yes","No","No","No","Other","Oppose evictions","","occupation","Sweetsway estate","2015-03-08",3,1.33191884309053,0,0,0,0,0,0,0,0,0,0,0,0,0,0,0,0,0,0,0,0,0,0,0,0,0,0,0,0,0,0,0,0,"pov"
"HomesforBritain/2015-03-11","2015-03-11","HomesforBritain","Organised","Protest","On day, before event","No","No","No","No","No","Public space","Homes for Britain","","rally","Manchester","2015-03-11",4,3.29040491620639,0,0,0,0,0,0,0,0,0,0,0,0,0,0,0,0,0,0,0,0,0,0,0,0,0,0,0,0,0,0,0,0,"pov"
"unisontheunion/2015-03-13","2015-03-13","unisontheunion","Organised","Strike","Before event day","No","No","No","No","No","Other","NI public sector strike","","strike","","2015-03-11",4,1.32819626525401,5,5,4,4,0,0,0,0,3,0,0,0,0,0,0,0,0,2,0,0,0,0,3,0,0,0,0,0,0,0,0,2,"pov"
"NHSour/2015-03-14","2015-03-14","NHSour","Participated","Protest","Before event day","Yes","No","No","No","No","Public space","NHS march","","march, rally","Bristol","2015-03-04",9,4.17317599058151,0,0,0,0,0,0,0,0,0,0,0,0,0,0,0,0,0,0,0,0,0,0,0,0,0,0,0,0,0,0,0,0,"pov"
"HomesforBritain/2015-03-17","2015-03-17","HomesforBritain","Organised","Protest","Before event day","Yes","No","No","No","No","Public space","Homes for Britain rally, demand house building","2500","rally","London, Westminster","2015-02-07",59,39.453899889994,10,11,8,8,0,0,3,0,3,0,0,0,0,4,0,0,0,0,0,0,3,0,4,0,0,0,0,4,0,0,0,0,"pov"
"DebtResistUK, OccupyLondon/2015-03-18","2015-03-18","DebtResistUK, OccupyLondon","Organised, Organised","Protest","Before event day","No","No","No","No","No","Company site","Blockupy the banks, we don't owe, we won't pay","","pay visit to bank, show solidarity","Goldman Sachs","2015-03-13",11,5.93878056093238,2,2,2,2,0,0,0,0,0,0,0,0,1,1,0,0,0,0,0,0,0,0,0,0,0,0,1,1,0,0,0,0,"pov"
"pplsassembly/2015-03-18","2015-03-18","pplsassembly","Organised","Protest","Before event day","Yes","No","No","No","No","Political site","End austerity now","","pots and pans protest","Downing street","2015-03-16",4,2.13777327879376,0,0,0,0,0,0,0,0,0,0,0,0,0,0,0,0,0,0,0,0,0,0,0,0,0,0,0,0,0,0,0,0,"pov"
"F_F_Ryedale/2015-03-19","2015-03-19","F_F_Ryedale","Organised","Protest","Before event day","Yes","No","No","No","No","Public space","Anti fracking","","peaceful demonstration","Helmsley","2015-03-14",5,3.54265392385423,0,0,0,0,0,0,0,0,0,0,0,0,0,0,0,0,0,0,0,0,0,0,0,0,0,0,0,0,0,0,0,0,"env"
"unitetheunion/2015-03-19","2015-03-19","unitetheunion","Organised","Protest","Before event day","Yes","No","No","No","No","Public space","oppose benefit sanctions","","protest, day of action","across the country","2015-01-28",30,19.2200441287631,3,2,0,0,0,0,1,0,2,0,0,0,0,0,0,0,0,0,0,0,1,0,1,0,0,0,0,0,0,0,0,0,"pov"
"Ukuncut/2015-03-21","2015-03-21","Ukuncut","Organised","Protest","Before event day","Yes","Yes","No","No","No","Company site","Oppose tax dodging, oppose austerity","","shut down","HSBC","2015-02-25",42,29.9762984591434,1,1,0,0,1,0,0,0,0,0,0,0,0,0,0,0,0,0,1,0,0,0,0,0,0,0,0,0,0,0,0,0,"pov"
"PositiveActionH/2015-03-21","2015-03-21","PositiveActionH","Participated","Protest","Before event day","Yes","No","No","No","No","Public space","March against racism","","march","Glasgow","2014-12-18",6,5.10305613231171,0,0,0,0,0,0,0,0,0,0,0,0,0,0,0,0,0,0,0,0,0,0,0,0,0,0,0,0,0,0,0,0,"pov"
"OccupyLondon/2015-03-23","2015-03-23","OccupyLondon","Organised","Protest","Before event day","Yes","No","No","No","No","Company site","Oppose Murdoch","","protest","Mini Shard","2014-12-23",24,13.5663109425194,1,1,1,1,1,0,0,0,0,0,0,0,0,0,0,0,0,0,1,0,0,0,0,0,0,0,0,0,0,0,0,0,"pov"
"HousingActionSL/2015-03-24","2015-03-24","HousingActionSL","Organised","Protest","After event","No","Yes","No","No","No","Company site","oppose evictions, demand better housing quality","","crash breakfast meeting","Marriot hotel","2015-03-24",14,5.52352594572985,0,0,0,0,0,0,0,0,0,0,0,0,0,0,0,0,0,0,0,0,0,0,0,0,0,0,0,0,0,0,0,0,"pov"
"TheStudentAssem/2015-03-25","2015-03-25","TheStudentAssem","Organised","Protest","Before event day","Yes","No","No","No","No","Public space","Stop the cuts at UAL, Free Education For All","","march","London","2015-03-23",3,2.51109516620636,0,0,0,0,0,0,0,0,0,0,0,0,0,0,0,0,0,0,0,0,0,0,0,0,0,0,0,0,0,0,0,0,"pov"
"FocusE15/2015-03-26","2015-03-26","FocusE15","Organised","Protest","Before event day","No","No","No","No","No","Other","Oppose eviction","","demonstration","Stratford","2015-03-25",4,1.33782798051834,0,0,0,0,0,0,0,0,0,0,0,0,0,0,0,0,0,0,0,0,0,0,0,0,0,0,0,0,0,0,0,0,"pov"
"TheStudentAssem/2015-03-28","2015-03-28","TheStudentAssem","Participated","Protest","After event","No","No","No","No","No","Public space","Free education","200","march","","2015-03-28",3,2.47811245918274,0,0,0,0,0,0,0,0,0,0,0,0,0,0,0,0,0,0,0,0,0,0,0,0,0,0,0,0,0,0,0,0,"pov"
"liberatetate/2015-03-29","2015-03-29","liberatetate","Organised","Protest","Before event day","Yes","No","No","Yes","No","Public space","detective flashmob","","detective flashmob","British Museum","2015-03-29",1,0.934908926,0,0,0,0,0,0,0,0,0,0,0,0,0,0,0,0,0,0,0,0,0,0,0,0,0,0,0,0,0,0,0,0,"env"
"F_F_Ryedale/2015-04-01","2015-04-01","F_F_Ryedale","Participated","Protest","Before event day","Yes","No","No","No","No","Public space","Anti fracking","","rally","Flag Market, Preston","2015-03-30",1,0.859502255916595,0,0,0,0,0,0,0,0,0,0,0,0,0,0,0,0,0,0,0,0,0,0,0,0,0,0,0,0,0,0,0,0,"env"
"HousingActionSL/2015-04-02","2015-04-02","HousingActionSL","Participated","Protest","After event","No","Yes","No","No","No","Other","Fight for Aylesbury","","demonstration, pulled down fences","Aylesbury estate","2015-04-02",4,2.25287987341459,1,1,1,1,1,0,0,0,0,0,0,0,0,0,0,0,0,0,1,0,0,0,0,0,0,0,0,0,0,0,0,0,"pov"
"CNDuk/2015-04-04","2015-04-04","CNDuk","Participated","Protest","Before event day","Yes","No","No","No","No","Public space","Scrap trident","1000s","demonstration","Glasgow","2015-03-17",4,3.10867804288864,0,0,0,0,0,0,0,0,0,0,0,0,0,0,0,0,0,0,0,0,0,0,0,0,0,0,0,0,0,0,0,0,"env"
"GreenpeaceUK/2015-04-06","2015-04-06","GreenpeaceUK","Organised","Protest","After event","No","Yes","No","No","No","Company site","","","scaling drilling rig","","2015-04-06",2,1.67727136611938,2,2,2,2,0,0,1,0,0,0,0,1,0,0,0,0,0,0,0,0,1,0,0,0,0,1,0,0,0,0,0,0,"env"
"CNDuk/2015-04-13","2015-04-13","CNDuk","Organised","Protest","Before event day","Yes","No","No","Yes","No","Political site","Vote out trident","","party, protest, performance","outside MoD","2015-03-14",49,32.0659807602883,1,1,1,1,0,0,0,0,0,1,0,0,0,0,0,0,0,0,0,0,0,0,0,1,0,0,0,0,0,0,0,0,"env"
"HousingActionSL, pplsassembly/2015-04-15","2015-04-15","HousingActionSL, pplsassembly","Participated, Participated","Protest","On day, before event","Yes","No","No","No","No","Public space","March for homeless","100s","protest","Whitehall","2015-04-15",9,5.9897349406996,0,0,0,0,0,0,0,0,0,0,0,0,0,0,0,0,0,0,0,0,0,0,0,0,0,0,0,0,0,0,0,0,"pov"
"friends_earth/2015-04-18","2015-04-18","friends_earth","Organised","Protest","Before event day","Yes","No","No","No","No","Public space","Oppose TTIP","","action, streets","","2015-04-08",6,1.02344311409228,0,0,0,0,0,0,0,0,0,0,0,0,0,0,0,0,0,0,0,0,0,0,0,0,0,0,0,0,0,0,0,0,"env"
"OccupyLondon/2015-04-18","2015-04-18","OccupyLondon","Participated","Protest","Before event day","Yes","No","No","No","No","Public space","Global day of action against TTIP","","protest","","2015-04-14",7,5.25079505118462,0,0,0,0,0,0,0,0,0,0,0,0,0,0,0,0,0,0,0,0,0,0,0,0,0,0,0,0,0,0,0,0,"pov"
"radicalhousing/2015-04-21","2015-04-21","radicalhousing","Participated","Protest","On day, before event","Yes","No","No","No","No","Company site","Action against property developers","","demonstration, action","London Property Awards","2015-04-21",2,1.73442512750626,0,0,0,0,0,0,0,0,0,0,0,0,0,0,0,0,0,0,0,0,0,0,0,0,0,0,0,0,0,0,0,0,"pov"
"HousingActionSL/2015-04-22","2015-04-22","HousingActionSL","Organised","Protest","After event","No","Yes","No","No","No","Other","Eviction resistance","","Eviction resistance","Clapham","2015-04-22",6,2.28032507002354,0,0,0,0,0,0,0,0,0,0,0,0,0,0,0,0,0,0,0,0,0,0,0,0,0,0,0,0,0,0,0,0,"pov"
"friends_earth/2015-04-23","2015-04-23","friends_earth","Organised","Protest","Before event day","Yes","No","No","No","No","Company site","Oppose fracking","","demonstration","Barclays AGM","2015-04-17",4,2.21927753463388,0,0,0,0,0,0,0,0,0,0,0,0,0,0,0,0,0,0,0,0,0,0,0,0,0,0,0,0,0,0,0,0,"env"
"radicalhousing/2015-04-24","2015-04-24","radicalhousing","Organised","Protest","Before event day","Yes","Yes","No","No","No","Other","Oppose Guinness estate destruction","","blockade","Guinness estate","2015-04-23",1,0.917037725448608,0,0,0,0,0,0,0,0,0,0,0,0,0,0,0,0,0,0,0,0,0,0,0,0,0,0,0,0,0,0,0,0,"pov"
"planestupid/2015-04-25","2015-04-25","planestupid","Organised","Protest","After event","No","No","No","Yes","No","Company site","Polar bloc action, no new runways","","dressed as polar bears, took over terminal","Gatwick","2015-04-25",7,3.70663979345343,0,0,0,0,0,0,0,0,0,0,0,0,0,0,0,0,0,0,0,0,0,0,0,0,0,0,0,0,0,0,0,0,"env"
"F_F_Ryedale/2015-04-25","2015-04-25","F_F_Ryedale","Organised","Protest","Before event day","Yes","No","No","No","No","Public space","Oppose fracking","","rally, march","Malton","2015-04-16",7,3.31176475279314,0,0,0,0,0,0,0,0,0,0,0,0,0,0,0,0,0,0,0,0,0,0,0,0,0,0,0,0,0,0,0,0,"env"
"UVWunion/2015-04-25","2015-04-25","UVWunion","Organised","Protest","Before event day","No","No","No","No","No","Other","Cleaners protest, living wage, sick pay and oppose union busting","","march","Barbican","2015-04-20",59,48.2755675992424,0,0,0,0,0,0,0,0,0,0,0,0,0,0,0,0,0,0,0,0,0,0,0,0,0,0,0,0,0,0,0,0,"pov"
"NASUWT/2015-04-25","2015-04-25","NASUWT","Participated","Protest","After event","No","No","No","No","No","Public space","Guernsey march, pensions justice for public sector workers","","march, rally","Guernsey","2015-04-25",2,1.81596708297729,0,0,0,0,0,0,0,0,0,0,0,0,0,0,0,0,0,0,0,0,0,0,0,0,0,0,0,0,0,0,0,0,"pov"
"unitetheunion/2015-04-28","2015-04-28","unitetheunion","Organised","Protest","Before event day","Yes","No","No","No","No","Embassy","International Workers Memorial Day, workers rights in Qatar","","","Qatar Embassy","2015-03-28",21,4.57438121695028,0,0,0,0,0,0,0,0,0,0,0,0,0,0,0,0,0,0,0,0,0,0,0,0,0,0,0,0,0,0,0,0,"pov"
"MidwivesRCM/2015-04-30","2015-04-30","MidwivesRCM","Organised","Strike","Before event day","No","No","No","No","No","Other","HSC midwife pay","","stoppage, industrial action, strike","","2015-04-28",12,9.4604606631543,6,6,2,2,0,0,2,0,3,1,0,0,0,0,0,0,0,0,0,0,2,0,3,1,0,0,0,0,0,0,0,0,"pov"
"OccupyLondon/2015-05-01","2015-05-01","OccupyLondon","Organised","Protest","Before event day","Yes","Yes","No","No","No","Public space","Occupy democracy","","occupation","Parliament Square","2015-03-07",46,16.2822873808568,2,2,2,2,1,0,0,0,0,0,0,0,1,0,0,0,0,0,1,0,0,0,0,0,0,0,1,0,0,0,0,0,"pov"
"unitetheunion/2015-05-01","2015-05-01","unitetheunion","Participated","Protest","After event","No","No","No","No","No","Public space","May day march","","march, rally","London","2015-05-01",3,1.78030420138834,1,1,1,1,1,0,0,0,0,0,0,0,0,0,0,0,0,0,1,0,0,0,0,0,0,0,0,0,0,0,0,0,"pov"
"OccupyLondon/2015-05-02","2015-05-02","OccupyLondon","Organised","Protest","After event","No","Yes","No","No","No","Public space","Occupy democracy","","occupation","Parliament square","2015-05-02",23,8.8687026052591,0,0,0,0,0,0,0,0,0,0,0,0,0,0,0,0,0,0,0,0,0,0,0,0,0,0,0,0,0,0,0,0,"pov"
"SistersUncut/2015-05-04","2015-05-04","SistersUncut","Organised","Protest","Before event day","Yes","No","No","No","No","Public space","Save domestic violence services","","march","Queens walk","2015-04-20",28,20.1310251657574,0,0,0,0,0,0,0,0,0,0,0,0,0,0,0,0,0,0,0,0,0,0,0,0,0,0,0,0,0,0,0,0,"pov"
"OccupyLondon/2015-05-04","2015-05-04","OccupyLondon","Organised","Protest","Before event day","Yes","Yes","No","No","Yes","Public space","Festival of Democracy","","non-violent civil disobedience","Parliament Square","2015-04-23",26,10.3411052830139,2,1,2,1,0,0,2,0,0,0,0,0,0,0,0,0,0,0,0,0,1,0,0,0,0,0,0,0,0,0,0,0,"pov"
"OccupyLondon/2015-05-09","2015-05-09","OccupyLondon","Organised","Protest","Before event day","Yes","No","No","No","No","Political site","Tories are bad for democracy","","demonstration","Tory HQ","2015-05-08",13,6.85117416815784,1,1,1,1,0,0,0,0,0,0,0,0,0,1,0,0,0,0,0,0,0,0,0,0,0,0,0,1,0,0,0,0,"pov"
"bectu/2015-05-14","2015-05-14","bectu","Organised","Strike","Before event day","No","No","No","No","No","Other","ITV strike","","strike","","2015-05-10",5,1.89534094978999,14,14,9,9,1,0,2,1,1,5,0,0,0,3,1,0,0,0,1,0,2,1,1,5,0,0,0,3,1,0,0,0,"pov"
"UVWunion/2015-05-16","2015-05-16","UVWunion","Organised","Protest","After event","No","Yes","No","No","No","Other","Demand living wage","","occupation, protest","Barbican centre","2015-05-16",3,2.7510079741478,0,0,0,0,0,0,0,0,0,0,0,0,0,0,0,0,0,0,0,0,0,0,0,0,0,0,0,0,0,0,0,0,"pov"
"bectu/2015-05-18","2015-05-18","bectu","Organised","Strike","Before event day","No","No","No","No","No","Other","Tour guide strike","","strike","","2015-05-09",5,3.04444386774606,0,0,0,0,0,0,0,0,0,0,0,0,0,0,0,0,0,0,0,0,0,0,0,0,0,0,0,0,0,0,0,0,"pov"
"unitetheunion/2015-05-21","2015-05-21","unitetheunion","Organised","Protest","Before event day","Yes","No","No","No","No","Company site","Fair pay, fair tips, national waiters day, no zero hour contracts","","protest, demonstration","Pizza Express, Leicester Sq","2015-05-18",23,13.3966235519906,0,0,0,0,0,0,0,0,0,0,0,0,0,0,0,0,0,0,0,0,0,0,0,0,0,0,0,0,0,0,0,0,"pov"
"pplsassembly/2015-05-23","2015-05-23","pplsassembly","Organised","Protest","Before event day","Yes","No","No","No","No","Public space","Oppose austerity","2000","protest","Piccadilly Gardens, Manchester","2015-05-19",8,3.44962884485722,0,0,0,0,0,0,0,0,0,0,0,0,0,0,0,0,0,0,0,0,0,0,0,0,0,0,0,0,0,0,0,0,"pov"
"sccscot/2015-05-27","2015-05-27","sccscot","Organised","Protest","Before event day","Yes","No","No","No","No","Public space","Climate Rally","","rally","outside Scottish Parliament, Holyrood","2015-04-23",16,5.30626125028572,0,0,0,0,0,0,0,0,0,0,0,0,0,0,0,0,0,0,0,0,0,0,0,0,0,0,0,0,0,0,0,0,"env"
"CNDuk/2015-05-27","2015-05-27","CNDuk","Participated","Protest","Before event day","Yes","No","No","No","No","Political site","oppose austerity, end austerity now","","demonstration, rally","Downing street","2015-05-26",1,0.832887411117554,0,0,0,0,0,0,0,0,0,0,0,0,0,0,0,0,0,0,0,0,0,0,0,0,0,0,0,0,0,0,0,0,"env"
"pplsassembly, TheStudentAssem/2015-05-27","2015-05-27","pplsassembly, TheStudentAssem","Organised, Participated","Protest","Before event day","Yes","No","No","No","No","Political site","Oppose austerity, queens speech protest","100s","protest, demonstration","Downing street, central london","2015-05-26",6,4.09957921522256,6,7,6,7,2,0,1,0,1,0,0,0,0,0,0,2,0,0,2,0,1,0,1,0,0,0,0,0,0,2,0,1,"pov"
"SistersUncut, Ukuncut/2015-05-30","2015-05-30","SistersUncut, Ukuncut","Participated, Organised","Protest","Before event day","Yes","No","No","No","No","Public space","anti-cuts","1000s","march, direct action, protest","Waterloo","2015-05-10",33,25.9648927740179,3,2,2,2,0,0,3,0,0,0,0,0,0,0,0,0,0,0,0,0,2,0,0,0,0,0,0,0,0,0,0,0,"pov"
"pcs_union/2015-05-30","2015-05-30","pcs_union","Organised","Both","Before event day","Yes","No","No","No","No","Public space","No privatisation, no victimisation, support National Gallery strike","","rally, strike","Trafalgar square, National Gallery","2015-05-15",23,16.8575949071265,3,3,0,0,0,0,1,0,0,0,1,0,0,1,0,0,0,0,0,0,1,0,0,0,1,0,0,1,0,0,0,0,"pov"
"EISUnion/2015-05-30","2015-05-30","EISUnion","Organised","Protest","Before event day","Yes","No","No","No","No","Unknown","Shut Dungavel (immigration detention centre)","","protest, demonstration","","2015-05-20",4,3.42119532823563,1,0,0,0,0,0,1,0,0,0,0,0,0,0,0,0,0,0,0,0,0,0,0,0,0,0,0,0,0,0,0,0,"pov"
"reclaimthepower/2015-06-01","2015-06-01","reclaimthepower","Organised","Protest","After event","No","Yes","No","No","No","Company site","1000 initiatives, 1000 initiatives, Keep it in the ground, Oppose fracking","","blockade, blockade, blockade, occupation, action","Npower debt collection office, npower HQ, Swindon, CCS coal conference, Media zoo offices, Cuadrilla HQ","2015-06-01",23,12.0542470016638,1,1,1,1,0,0,1,0,0,0,0,0,0,0,0,0,0,0,0,0,1,0,0,0,0,0,0,0,0,0,0,0,"env"
"unitetheunion/2015-06-05","2015-06-05","unitetheunion","Organised","Protest","Before event day","Yes","No","No","No","No","Unknown","oppose Qatari labour and human rights violations","","protest","","2015-06-02",9,2.73452956276816,1,1,0,0,0,0,0,0,0,0,0,0,0,0,1,0,0,0,0,0,0,0,0,0,0,0,0,0,1,0,0,0,"pov"
"HousingActionSL/2015-06-05","2015-06-05","HousingActionSL","Participated","Protest","Before event day","Yes","No","No","No","No","Other","Fight for the Aylesbury","","demonstration","Aylesbury estate","2015-06-02",7,1.73000431075054,0,0,0,0,0,0,0,0,0,0,0,0,0,0,0,0,0,0,0,0,0,0,0,0,0,0,0,0,0,0,0,0,"pov"
"liberatetate/2015-06-13","2015-06-13","liberatetate","Organised","Protest","After event","No","No","No","Yes","No","Entertainment/cultural","Time piece performance","","unsanctioned live art","Tate modern","2015-06-13",5,0.453107482833219,1,1,1,1,0,0,1,0,0,0,0,0,0,0,0,0,0,0,0,0,1,0,0,0,0,0,0,0,0,0,0,0,"env"
"fbunational, unitetheunion/2015-06-13","2015-06-13","fbunational, unitetheunion","Participated, Organised","Protest","Before event day","Yes","No","No","No","No","Public space","oppose mass privatisation of council service, March to Save Our Services","","march","Bromley","2015-06-07",8,4.37859266285871,2,1,1,0,0,0,1,0,0,0,0,0,1,0,0,0,0,0,0,0,0,0,0,0,0,0,1,0,0,0,0,0,"pov"
"CNDuk/2015-06-15","2015-06-15","CNDuk","Participated","Protest","Before event day","Yes","No","No","No","No","Political site","Free Shaker Aamer","","protest","Downing Street","2015-06-11",4,1.71843591282453,0,0,0,0,0,0,0,0,0,0,0,0,0,0,0,0,0,0,0,0,0,0,0,0,0,0,0,0,0,0,0,0,"env"
"FocusE15/2015-06-15","2015-06-15","FocusE15","Organised","Protest","Before event day","Yes","No","No","No","No","Public space","Rehouse residents of Focus E15 hostel","","demonstration","Brimstone House, Victoria Street, Stratford","2015-06-14",3,1.91135439276695,0,0,0,0,0,0,0,0,0,0,0,0,0,0,0,0,0,0,0,0,0,0,0,0,0,0,0,0,0,0,0,0,"pov"
"pcs_union/2015-06-15","2015-06-15","pcs_union","Organised","Protest","Before event day","No","No","No","No","No","Unknown","International Justice Day for Cleaners and Security Guards","","protest","","2015-06-11",3,1.44503375855659,0,0,0,0,0,0,0,0,0,0,0,0,0,0,0,0,0,0,0,0,0,0,0,0,0,0,0,0,0,0,0,0,"pov"
"campaigncc, CNDuk, frackfreelancs, friends_earth, reclaimthepower/2015-06-20","2015-06-20","campaigncc, CNDuk, frackfreelancs, friends_earth, reclaimthepower","Participated, Participated, Participated, Participated, Participated","Protest","Before event day","Yes","No","No","No","No","Public space","Oppose austerity","","march, demonstration","London","2015-03-28",25,9.20235700373154,1,1,1,1,0,0,1,0,0,0,0,0,0,0,0,0,0,0,0,0,1,0,0,0,0,0,0,0,0,0,0,0,"env"
"bectu, Dis_PPL_Protest, EISUnion, FocusE15, keepnhspublic, nusuk, OccupyLondon, pcs_union, pplsassembly, SistersUncut, TheStudentAssem, unitetheunion/2015-06-20","2015-06-20","bectu, Dis_PPL_Protest, EISUnion, FocusE15, keepnhspublic, nusuk, OccupyLondon, pcs_union, pplsassembly, SistersUncut, TheStudentAssem, unitetheunion","Participated, Participated, Participated, Participated, Organised, Organised, Participated, Participated, Organised, Participated, Participated, Participated","Protest","Before event day","Yes","No","No","No","No","Public space","anti-austerity","1000s","march, demonstration","London","2015-04-07",205,142.346912303563,43,41,24,23,12,0,17,0,2,1,3,0,2,0,2,1,0,3,12,0,17,0,2,1,2,0,1,0,2,1,0,3,"pov"
"We_OwnIt/2015-06-20","2015-06-20","We_OwnIt","Organised","Protest","Before event day","Yes","No","No","Yes","No","Political site","oppose privatisation","","hold top trumps placards","Treasury","2015-06-17",6,2.6635283233652,1,0,1,0,0,0,1,0,0,0,0,0,0,0,0,0,0,0,0,0,0,0,0,0,0,0,0,0,0,0,0,0,"pov"
"frackfreelancs, FrackOffLondon, reclaimthepower/2015-06-23","2015-06-23","frackfreelancs, FrackOffLondon, reclaimthepower","Organised, Participated, Participated","Protest","Before event day","Yes","No","No","No","No","Public space","Don't frack Lancs, Frack stops here,","'great turnout'","demonstration","Preston","2015-05-31",11,4.01569734319196,2,2,2,2,1,0,1,0,0,0,0,0,0,0,0,0,0,0,1,0,1,0,0,0,0,0,0,0,0,0,0,0,"env"
"frackfreelancs/2015-06-24","2015-06-24","frackfreelancs","Organised","Protest","After event","No","No","No","No","No","Public space","Don't frack lancs","","demonstration","","2015-06-24",9,1.23187249480181,0,0,0,0,0,0,0,0,0,0,0,0,0,0,0,0,0,0,0,0,0,0,0,0,0,0,0,0,0,0,0,0,"env"
"fbunational/2015-06-24","2015-06-24","fbunational","Organised","Protest","Before event day","Yes","No","No","No","No","Company site","oppose cuts to fire and rescue service","","demonstration","Training centre","2015-06-14",5,2.27183750273442,0,0,0,0,0,0,0,0,0,0,0,0,0,0,0,0,0,0,0,0,0,0,0,0,0,0,0,0,0,0,0,0,"pov"
"Dis_PPL_Protest/2015-06-24","2015-06-24","Dis_PPL_Protest","Organised","Protest","Before event day","No","Yes","No","No","No","Political site","Save independent living fund","","occupation","Parliament","2015-06-05",13,3.00472092647925,5,5,5,5,1,0,1,0,1,0,0,0,0,1,0,1,0,0,1,0,1,0,1,0,0,0,0,1,0,1,0,0,"pov"
"EquityUK, theRCN/2015-06-27","2015-06-27","EquityUK, theRCN","Participated, Participated","Protest","Before event day","Yes","No","No","No","No","Public space","Pride","","march","London","2015-06-12",6,3.02689786972647,0,0,0,0,0,0,0,0,0,0,0,0,0,0,0,0,0,0,0,0,0,0,0,0,0,0,0,0,0,0,0,0,"pov"
"GreenpeaceUK/2015-06-29","2015-06-29","GreenpeaceUK","Participated","Protest","Before event day","Yes","No","No","No","No","Public space","Oppose fracking","","rally","Preston","2015-06-26",13,1.48944242294104,1,1,1,1,0,1,0,0,0,0,0,0,0,0,0,0,0,0,0,1,0,0,0,0,0,0,0,0,0,0,0,0,"env"
"UVWunion/2015-07-01","2015-07-01","UVWunion","Organised","Protest","Before event day","Yes","No","No","No","No","Company site","demand sick pay","","protest","Sotheby's auction","2015-06-15",47,32.6531182302236,1,1,1,1,1,0,0,0,0,0,0,0,0,0,0,0,0,0,1,0,0,0,0,0,0,0,0,0,0,0,0,0,"pov"
"NASUWT/2015-07-02","2015-07-02","NASUWT","Organised","Strike","Before event day","No","No","No","No","No","Other","Small Heath School Bham strike, oppose academies","","strike","Small Heath School Bham","2015-07-01",2,1.6528345347778,0,0,0,0,0,0,0,0,0,0,0,0,0,0,0,0,0,0,0,0,0,0,0,0,0,0,0,0,0,0,0,0,"pov"
"keepnhspublic/2015-07-07","2015-07-07","keepnhspublic","Organised","Protest","Before event day","Yes","No","No","No","No","Public space","oppose NHS procurement","","demonstration","Birmingham","2015-06-30",1,0.911319553852081,0,0,0,0,0,0,0,0,0,0,0,0,0,0,0,0,0,0,0,0,0,0,0,0,0,0,0,0,0,0,0,0,"pov"
"UVWunion/2015-07-08","2015-07-08","UVWunion","Organised","Protest","Before event day","Yes","No","No","No","No","Company site","Reinstate workers that participated in protest","100","protest","Sotheby's","2015-07-06",13,8.63580834848469,0,0,0,0,0,0,0,0,0,0,0,0,0,0,0,0,0,0,0,0,0,0,0,0,0,0,0,0,0,0,0,0,"pov"
"pplsassembly/2015-07-08","2015-07-08","pplsassembly","Organised","Protest","Before event day","Yes","No","No","Yes","No","Public space","Oppose emergency budget, end austerity","","die in, protest","outside Parliament","2015-05-16",14,9.0375550169375,3,3,2,2,0,0,2,0,1,0,0,0,0,0,0,0,0,0,0,0,2,0,1,0,0,0,0,0,0,0,0,0,"pov"
"Dis_PPL_Protest, TheStudentAssem, unitetheunion/2015-07-08","2015-07-08","Dis_PPL_Protest, TheStudentAssem, unitetheunion","Organised, Participated, Organised","Protest","Before event day","Yes","No","No","No","Yes","Public space","Balls to the budget, keep the grants, oppose cuts, oppose privatisation","","","Parliament square","2015-06-30",22,10.2684000368305,6,4,5,4,1,0,3,0,1,0,0,0,0,1,0,0,0,0,1,0,2,0,0,0,0,0,0,1,0,0,0,0,"pov"
"keepnhspublic/2015-07-09","2015-07-09","keepnhspublic","Participated","Protest","Before event day","Yes","No","No","No","No","Public space","oppose 'procurement for health'","","demonstration","Birmingham","2015-06-22",5,3.25584188829794,0,0,0,0,0,0,0,0,0,0,0,0,0,0,0,0,0,0,0,0,0,0,0,0,0,0,0,0,0,0,0,0,"pov"
"CNDuk/2015-07-10","2015-07-10","CNDuk","Organised","Protest","Before event day","Yes","No","No","Yes","No","Unknown","remember the Palestinians killed by Israel's assault ","","vigil","","2015-07-07",1,0.748670041561127,0,0,0,0,0,0,0,0,0,0,0,0,0,0,0,0,0,0,0,0,0,0,0,0,0,0,0,0,0,0,0,0,"env"
"ukstreetangels/2015-07-11","2015-07-11","ukstreetangels","Organised","Protest","Before event day","Yes","No","No","No","No","Public space","March for the homeless","","direct action, march","Piccadilly Gardens","2015-07-07",8,3.48330259243645,0,0,0,0,0,0,0,0,0,0,0,0,0,0,0,0,0,0,0,0,0,0,0,0,0,0,0,0,0,0,0,0,"pov"
"planestupid/2015-07-13","2015-07-13","planestupid","Organised","Protest","After event","No","Yes","No","No","Yes","Company site","No new runways","13","invade runway","Heathrow","2015-07-13",3,1.95819485187531,23,23,23,23,2,1,1,1,0,2,2,0,0,1,0,8,0,5,2,1,1,1,0,2,2,0,0,1,0,8,0,5,"env"
"unisontheunion/2015-07-14","2015-07-14","unisontheunion","Organised","Strike","Before event day","No","No","No","No","No","Other","probation staff strike","","strike","Leeds","2015-07-13",3,1.72747021869266,0,0,0,0,0,0,0,0,0,0,0,0,0,0,0,0,0,0,0,0,0,0,0,0,0,0,0,0,0,0,0,0,"pov"
"CitizensUK/2015-07-14","2015-07-14","CitizensUK","Organised","Protest","After event","No","No","No","No","No","Public space","oppose Newham ground development with no social housing","","children march","West Ham football ground","2015-07-14",1,0.886273682117462,0,0,0,0,0,0,0,0,0,0,0,0,0,0,0,0,0,0,0,0,0,0,0,0,0,0,0,0,0,0,0,0,"pov"
"UVWunion/2015-07-16","2015-07-16","UVWunion","Organised","Protest","Before event day","Yes","No","No","No","No","Company site","reinstate workers sacked for protesting","","protest, loudspeakers","Sotheby's","2015-07-11",30,11.8301486742961,0,0,0,0,0,0,0,0,0,0,0,0,0,0,0,0,0,0,0,0,0,0,0,0,0,0,0,0,0,0,0,0,"pov"
"EquityUK/2015-07-18","2015-07-18","EquityUK","Participated","Protest","Before event day","Yes","No","No","No","No","Public space","union rights","","march","Tolpuddle","2015-07-10",3,1.17776507884264,0,0,0,0,0,0,0,0,0,0,0,0,0,0,0,0,0,0,0,0,0,0,0,0,0,0,0,0,0,0,0,0,"pov"
"pcs_union/2015-07-20","2015-07-20","pcs_union","Organised","Strike","After event","No","No","No","No","No","Other","Universal credit strike","","strike, picket","Glasgow, Bolton","2015-07-20",4,1.8419900628391,0,0,0,0,0,0,0,0,0,0,0,0,0,0,0,0,0,0,0,0,0,0,0,0,0,0,0,0,0,0,0,0,"pov"
"CitizensUK/2015-07-21","2015-07-21","CitizensUK","Organised","Protest","After event","No","No","No","No","No","Public space","Whitehall cleaners demand living wage","","action","Parliament square","2015-07-21",7,3.45928728596626,0,0,0,0,0,0,0,0,0,0,0,0,0,0,0,0,0,0,0,0,0,0,0,0,0,0,0,0,0,0,0,0,"pov"
"UVWunion/2015-07-31","2015-07-31","UVWunion","Organised","Protest","Before event day","Yes","No","No","No","No","Company site","Reinstate workers sacked for protesting","","protest","Sotheby's","2015-07-29",10,6.0794486176695,0,0,0,0,0,0,0,0,0,0,0,0,0,0,0,0,0,0,0,0,0,0,0,0,0,0,0,0,0,0,0,0,"pov"
"FrackFreeScarb/2015-08-01","2015-08-01","FrackFreeScarb","Organised","Protest","Before event day","Yes","No","No","No","No","Company site","anti-fracking, oppose Barclays fracking investment","","protest","Barclays Scarborough","2015-07-20",5,3.22281331229306,0,0,0,0,0,0,0,0,0,0,0,0,0,0,0,0,0,0,0,0,0,0,0,0,0,0,0,0,0,0,0,0,"env"
"SistersUncut/2015-08-01","2015-08-01","SistersUncut","Organised","Protest","Before event day","Yes","No","No","No","No","Public space","Shut down Yarl's Wood (detention centre)","","direct action, make noise","outside Kensington Central Library","2015-07-22",37,30.1025776115333,0,0,0,0,0,0,0,0,0,0,0,0,0,0,0,0,0,0,0,0,0,0,0,0,0,0,0,0,0,0,0,0,"pov"
"friends_earth/2015-08-05","2015-08-05","friends_earth","Organised","Protest","Before event day","Yes","No","No","No","No","Political site","against new opencast coal in S Wales","","rally","outside Caerphilly Council offices, Ystrad Mynach","2015-07-22",6,1.38314138007272,0,0,0,0,0,0,0,0,0,0,0,0,0,0,0,0,0,0,0,0,0,0,0,0,0,0,0,0,0,0,0,0,"env"
"GreenpeaceUK/2015-08-07","2015-08-07","GreenpeaceUK","Organised","Protest","After event","No","No","No","Yes","No","Company site","Requiem for the Arctic Ice","4","performance","outside Shell","2015-08-07",1,0.902480363845825,0,0,0,0,0,0,0,0,0,0,0,0,0,0,0,0,0,0,0,0,0,0,0,0,0,0,0,0,0,0,0,0,"env"
"SistersUncut/2015-08-08","2015-08-08","SistersUncut","Participated","Protest","Before event day","Yes","No","No","No","No","Other","Shut down Yarl's Wood (detention centre)","","demonstration, surround building","Yarl's Wood detention centre","2015-08-07",3,1.37023144215345,0,0,0,0,0,0,0,0,0,0,0,0,0,0,0,0,0,0,0,0,0,0,0,0,0,0,0,0,0,0,0,0,"pov"
"GreenpeaceUK/2015-08-10","2015-08-10","GreenpeaceUK","Organised","Protest","After event","No","No","No","Yes","No","Company site","Requiem for the Arctic Ice","","performance","outside Shell","2015-08-10",3,0.356995024467987,0,0,0,0,0,0,0,0,0,0,0,0,0,0,0,0,0,0,0,0,0,0,0,0,0,0,0,0,0,0,0,0,"env"
"unitetheunion/2015-08-10","2015-08-10","unitetheunion","Organised","Protest","On day, before event","No","No","No","No","No","Company site","Stop pinching staff tips","","protest","Pizza Express","2015-08-10",4,3.02245163917542,0,0,0,0,0,0,0,0,0,0,0,0,0,0,0,0,0,0,0,0,0,0,0,0,0,0,0,0,0,0,0,0,"pov"
"moveyourmoneyuk/2015-08-12","2015-08-12","moveyourmoneyuk","Organised","Protest","Before event day","Yes","No","No","No","No","Political site","Oppose sale of RBS","","hand in petition","outside Treasury","2015-08-11",5,2.80670315027237,1,1,1,1,1,0,0,0,0,0,0,0,0,0,0,0,0,0,1,0,0,0,0,0,0,0,0,0,0,0,0,0,"pov"
"GreenpeaceUK/2015-08-14","2015-08-14","GreenpeaceUK","Organised","Protest","After event","No","No","No","Yes","No","Company site","Requiem for the Arctic Ice, Save the Arctic","4","performance","outside Shell","2015-08-14",2,0.477132305502892,0,0,0,0,0,0,0,0,0,0,0,0,0,0,0,0,0,0,0,0,0,0,0,0,0,0,0,0,0,0,0,0,"env"
"UVWunion/2015-08-15","2015-08-15","UVWunion","Organised","Protest","Before event day","No","Yes","No","No","No","Company site","Reinstate workers sacked for protesting","","protest, sit in street","Sotheby's","2015-08-09",20,16.0437167808875,0,0,0,0,0,0,0,0,0,0,0,0,0,0,0,0,0,0,0,0,0,0,0,0,0,0,0,0,0,0,0,0,"pov"
"reclaimthepower/2015-08-19","2015-08-19","reclaimthepower","Participated","Protest","Before event day","Yes","No","No","No","No","Court","Solidarity with plane stupid activists","","demonstration","Uxbridge Magistrates court","2015-08-06",18,1.86390395707843,0,0,0,0,0,0,0,0,0,0,0,0,0,0,0,0,0,0,0,0,0,0,0,0,0,0,0,0,0,0,0,0,"env"
"FrackFreeScarb/2015-08-20","2015-08-20","FrackFreeScarb","Organised","Protest","After event","No","No","No","No","No","Public space","Oppose council vote to pass re-injection well","","demonstration","","2015-08-20",1,0.936306834220886,0,0,0,0,0,0,0,0,0,0,0,0,0,0,0,0,0,0,0,0,0,0,0,0,0,0,0,0,0,0,0,0,"env"
"GreenpeaceUK/2015-08-21","2015-08-21","GreenpeaceUK","Organised","Protest","After event","No","No","No","Yes","No","Company site","Requiem for the Arctic Ice","4","performance","Shell HQ","2015-08-21",6,1.01663821289902,0,0,0,0,0,0,0,0,0,0,0,0,0,0,0,0,0,0,0,0,0,0,0,0,0,0,0,0,0,0,0,0,"env"
"GreenpeaceUK/2015-08-24","2015-08-24","GreenpeaceUK","Organised","Protest","After event","No","No","No","Yes","No","Company site","Requiem for the Arctic Ice","1","performance","Shell","2015-08-24",4,0.560008808726301,1,1,1,1,0,0,1,0,0,0,0,0,0,0,0,0,0,0,0,0,1,0,0,0,0,0,0,0,0,0,0,0,"env"
"GreenpeaceUK/2015-08-26","2015-08-26","GreenpeaceUK","Organised","Protest","After event","No","No","No","Yes","No","Entertainment/cultural","Charlotte Church performance","<10","performance","Shell HQ","2015-08-26",10,3.74290591534586,2,2,1,1,0,0,1,0,0,0,0,0,0,0,0,0,1,0,0,0,1,0,0,0,0,0,0,0,0,0,1,0,"env"
"HousingActionSL/2015-08-27","2015-08-27","HousingActionSL","Organised","Protest","Before event day","Yes","Yes","No","No","No","Public space","Homes for all","","occupation","town hall","2015-08-26",5,1.43666505026436,0,0,0,0,0,0,0,0,0,0,0,0,0,0,0,0,0,0,0,0,0,0,0,0,0,0,0,0,0,0,0,0,"pov"
"GreenpeaceUK/2015-09-02","2015-09-02","GreenpeaceUK","Organised","Protest","After event","No","Yes","No","Yes","No","Company site","Arctic Roar","64","lock on, camp out, protest, giant polar bear prop","outside Shell HQ","2015-09-02",27,7.171966419863,4,4,4,4,3,0,1,0,0,0,0,0,0,0,0,0,0,0,3,0,1,0,0,0,0,0,0,0,0,0,0,0,"env"
"GreenpeaceUK/2015-09-03","2015-09-03","GreenpeaceUK","Organised","Protest","After event","No","Yes","No","Yes","No","Company site","Arctic Roar, Requiem for the Arctic ice","","lock on, giant polar bear prop","outside Shell","2015-09-03",4,1.66938486704774,0,0,0,0,0,0,0,0,0,0,0,0,0,0,0,0,0,0,0,0,0,0,0,0,0,0,0,0,0,0,0,0,"env"
"UVWunion/2015-09-07","2015-09-07","UVWunion","Organised","Protest","Before event day","No","No","No","No","No","Company site","Reinstate workers sacked for protesting","","protest","Sotheby's car auction in Battersea Park","2015-08-27",23,7.36649173359055,0,0,0,0,0,0,0,0,0,0,0,0,0,0,0,0,0,0,0,0,0,0,0,0,0,0,0,0,0,0,0,0,"pov"
"CNDuk/2015-09-09","2015-09-09","CNDuk","Organised","Protest","On day, before event","No","No","No","No","No","Political site","Protest Israel refusal to sign non-proliferation treaty","","protest","Downing Street","2015-09-09",2,0.901123482538666,0,0,0,0,0,0,0,0,0,0,0,0,0,0,0,0,0,0,0,0,0,0,0,0,0,0,0,0,0,0,0,0,"env"
"unitetheunion/2015-09-09","2015-09-09","unitetheunion","Organised","Protest","Before event day","Yes","No","No","No","No","Company site","Sports Direct Shame","","protest","Sports Direct stores","2015-09-08",9,5.79149670153856,0,0,0,0,0,0,0,0,0,0,0,0,0,0,0,0,0,0,0,0,0,0,0,0,0,0,0,0,0,0,0,0,"pov"
"UVWunion/2015-09-11","2015-09-11","UVWunion","Organised","Protest","On day, before event","Yes","No","No","No","No","Unknown","protest against state agent","","protest","","2015-09-11",2,1.69492894411087,0,0,0,0,0,0,0,0,0,0,0,0,0,0,0,0,0,0,0,0,0,0,0,0,0,0,0,0,0,0,0,0,"pov"
"CNDuk, reclaimthepower/2015-09-12","2015-09-12","CNDuk, reclaimthepower","Participated, Participated","Protest","Before event day","No","Yes","No","No","No","Company site","Refugees welcome not arms dealers, stop DSEI, solidarity with refugees","","march, blockade","outside the ExCel centre","2015-09-11",5,4.65099066495895,0,0,0,0,0,0,0,0,0,0,0,0,0,0,0,0,0,0,0,0,0,0,0,0,0,0,0,0,0,0,0,0,"env"
"ActionAidUK, pcs_union, pplsassembly, SistersUncut/2015-09-12","2015-09-12","ActionAidUK, pcs_union, pplsassembly, SistersUncut","Organised, Participated, Organised, Participated","Protest","Before event day","Yes","No","No","No","No","Public space","Refugees Welcome","100000","march, demonstration","George Square, London","2015-09-10",40,32.0194061336276,6,8,2,2,2,0,3,0,0,0,1,0,0,0,0,0,0,0,3,0,2,0,2,0,1,0,0,0,0,0,0,0,"pov"
"ArtNotOil, liberatetate/2015-09-13","2015-09-13","ArtNotOil, liberatetate","Organised, Participated","Protest","Before event day","Yes","No","No","Yes","No","Entertainment/cultural","Drop BP","100s","protest, performance, flashmob","British Museum","2015-08-16",23,2.02071154766368,3,3,2,2,0,0,2,0,0,0,0,0,0,0,1,0,0,0,0,0,2,0,0,0,0,0,0,0,1,0,0,0,"env"
"resistunite/2015-09-14","2015-09-14","resistunite","Organised","Protest","Before event day","Yes","No","No","No","No","Public space","Oppose TU bill","","demonstration","outside Parliament","2015-09-08",38,24.3185889408039,3,1,2,1,1,0,1,0,0,0,0,0,1,0,0,0,0,0,0,0,1,0,0,0,0,0,0,0,0,0,0,0,"pov"
"transheathrow/2015-09-17","2015-09-17","transheathrow","Organised","Protest","Before event day","No","No","No","No","No","Court","Solidarity with Grow Heathrow","","demonstration","Uxbridge County Court","2015-09-14",1,0.89877313375473,0,0,0,0,0,0,0,0,0,0,0,0,0,0,0,0,0,0,0,0,0,0,0,0,0,0,0,0,0,0,0,0,"env"
"SistersUncut/2015-09-19","2015-09-19","SistersUncut","Organised","Protest","Before event day","Yes","No","No","No","No","Public space","Survivors need safe homes, oppose evictions","","march","Stratford park","2015-09-14",4,2.98269930481911,0,0,0,0,0,0,0,0,0,0,0,0,0,0,0,0,0,0,0,0,0,0,0,0,0,0,0,0,0,0,0,0,"pov"
"FocusE15, HousingActionSL/2015-09-19","2015-09-19","FocusE15, HousingActionSL","Organised, Participated","Protest","Before event day","Yes","No","No","No","No","Public space","March Against Evictions","","march","Stratford Park","2015-07-11",5,2.23111663401475,0,0,0,0,0,0,0,0,0,0,0,0,0,0,0,0,0,0,0,0,0,0,0,0,0,0,0,0,0,0,0,0,"pov"
"GreenpeaceUK/2015-09-20","2015-09-20","GreenpeaceUK","Organised","Protest","After event","No","No","No","Yes","No","Company site","Arctic Roar","","vigil","Shell HQ","2015-09-20",1,0.796545267105103,0,0,0,0,0,0,0,0,0,0,0,0,0,0,0,0,0,0,0,0,0,0,0,0,0,0,0,0,0,0,0,0,"env"
"betterthanzero/2015-09-20","2015-09-20","betterthanzero","Organised","Protest","After event","No","No","No","No","No","Company site","oppose confiscation of staff tips","","protest","Las Iguanas","2015-09-20",12,9.65852618207309,0,0,0,0,0,0,0,0,0,0,0,0,0,0,0,0,0,0,0,0,0,0,0,0,0,0,0,0,0,0,0,0,"pov"
"pcs_union/2015-09-24","2015-09-24","pcs_union","Organised","Protest","Before event day","Yes","No","No","No","No","Entertainment/cultural","Oppose national gallery privatisation","","rally","National Gallery","2015-09-18",4,2.76787231890253,0,0,0,0,0,0,0,0,0,0,0,0,0,0,0,0,0,0,0,0,0,0,0,0,0,0,0,0,0,0,0,0,"pov"
"unitetheunion/2015-09-24","2015-09-24","unitetheunion","Organised","Protest","On day, before event","Yes","No","No","No","No","Company site","Save our steel","","rally","Majuba road car park, Redcar","2015-09-24",15,2.91362798916305,1,1,1,1,0,0,0,0,0,0,1,0,0,0,0,0,0,0,0,0,0,0,0,0,1,0,0,0,0,0,0,0,"pov"
"EquityUK/2015-09-26","2015-09-26","EquityUK","Organised","Protest","Before event day","Yes","No","No","No","No","Public space","oppose changes to Access to Work","","march","Westminster","2015-09-21",3,2.68988621234894,0,0,0,0,0,0,0,0,0,0,0,0,0,0,0,0,0,0,0,0,0,0,0,0,0,0,0,0,0,0,0,0,"pov"
"pplsassembly/2015-10-03","2015-10-03","pplsassembly","Organised","Protest","Before event day","Yes","No","No","No","No","Political site","End austerity now","","protest","Tory party conference","2015-08-25",6,2.87297160918845,6,2,3,2,0,0,6,0,0,0,0,0,0,0,0,0,0,0,0,0,2,0,0,0,0,0,0,0,0,0,0,0,"pov"
"CNDuk/2015-10-04","2015-10-04","CNDuk","Participated","Protest","Before event day","Yes","No","No","No","No","Political site","anti-austerity march, TUC demo","","march","Conservative Party Conference, Manchester","2015-08-26",8,4.74840618518632,0,0,0,0,0,0,0,0,0,0,0,0,0,0,0,0,0,0,0,0,0,0,0,0,0,0,0,0,0,0,0,0,"env"
"bectu, EquityUK, NASUWT, pcs_union, pplsassembly, resistunite, the_TUC, TheStudentAssem, unisontheunion, unitetheunion/2015-10-04","2015-10-04","bectu, EquityUK, NASUWT, pcs_union, pplsassembly, resistunite, the_TUC, TheStudentAssem, unisontheunion, unitetheunion","Participated, Organised, Participated, Participated, Organised, Participated, Organised, Organised, Organised, Participated","Protest","Before event day","Yes","No","No","No","No","Public space","oppose the tories","","march","Manchester, Oxford road","2015-08-10",85,57.708586007453,41,40,28,26,11,2,14,0,6,0,1,0,4,1,0,0,0,2,11,2,14,0,6,0,1,0,3,1,0,0,0,2,"pov"
"planestupid/2015-10-05","2015-10-05","planestupid","Participated","Protest","After event","No","No","No","Yes","No","Political site","Oppose third runway","","aeroplane prop, protest","Conservative Party Conference","2015-10-05",2,1.51287204027176,0,0,0,0,0,0,0,0,0,0,0,0,0,0,0,0,0,0,0,0,0,0,0,0,0,0,0,0,0,0,0,0,"env"
"SistersUncut/2015-10-07","2015-10-07","SistersUncut","Organised","Protest","Before event day","Yes","Yes","No","No","No","Entertainment/cultural","Dead women can't vote","","lie on red carpet","premiere of Suffragette film","2015-10-06",5,1.52352418005466,14,14,14,14,5,0,3,0,1,0,2,0,0,1,0,2,0,0,5,0,3,0,1,0,2,0,0,1,0,2,0,0,"pov"
"Dis_PPL_Protest/2015-10-07","2015-10-07","Dis_PPL_Protest","Organised","Protest","Before event day","No","No","No","No","No","Political site","Balls to Tory conference","","protest","Tory party conference","2015-09-15",7,1.71173149347305,0,0,0,0,0,0,0,0,0,0,0,0,0,0,0,0,0,0,0,0,0,0,0,0,0,0,0,0,0,0,0,0,"pov"
"GreenpeaceUK, reclaimthepower, transheathrow/2015-10-10","2015-10-10","GreenpeaceUK, reclaimthepower, transheathrow","Participated, Participated, Participated","Protest","Before event day","Yes","No","No","No","No","Public space","No third runway","1000s","rally","Parliament Square","2015-10-01",16,9.22459197502841,0,0,0,0,0,0,0,0,0,0,0,0,0,0,0,0,0,0,0,0,0,0,0,0,0,0,0,0,0,0,0,0,"env"
"friends_earth/2015-10-10","2015-10-10","friends_earth","Organised","Protest","Before event day","Yes","No","No","No","No","Unknown","Stop Barclays fracking","","action","","2015-08-31",10,4.02727351859764,0,0,0,0,0,0,0,0,0,0,0,0,0,0,0,0,0,0,0,0,0,0,0,0,0,0,0,0,0,0,0,0,"env"
"CitizensUK/2015-10-13","2015-10-13","CitizensUK","Organised","Protest","Before event day","Yes","No","No","Yes","No","Public space","call for gov to resettle refugees","","vigil","outside Parliament","2015-09-30",90,36.8210568176671,1,1,1,1,1,0,0,0,0,0,0,0,0,0,0,0,0,0,1,0,0,0,0,0,0,0,0,0,0,0,0,0,"pov"
"pcs_union/2015-10-13","2015-10-13","pcs_union","Participated","Protest","Before event day","Yes","No","No","No","No","Public space","TU bill rally","","rally","London","2015-09-28",4,2.83946979045868,0,0,0,0,0,0,0,0,0,0,0,0,0,0,0,0,0,0,0,0,0,0,0,0,0,0,0,0,0,0,0,0,"pov"
"unitetheunion/2015-10-14","2015-10-14","unitetheunion","Organised","Protest","Before event day","Yes","No","No","No","No","Court","Sports Direct Shame","","demonstration","Chesterfield Magistrate’s Court","2015-10-13",1,0.896511614322662,0,0,0,0,0,0,0,0,0,0,0,0,0,0,0,0,0,0,0,0,0,0,0,0,0,0,0,0,0,0,0,0,"pov"
"radicalhousing/2015-10-14","2015-10-14","radicalhousing","Organised","Protest","Before event day","Yes","No","No","No","No","Company site","Stop Blackstone buying our cities","","action","Berkeley Sq, Mayfair","2015-10-13",2,1.06617000699043,0,0,0,0,0,0,0,0,0,0,0,0,0,0,0,0,0,0,0,0,0,0,0,0,0,0,0,0,0,0,0,0,"pov"
"SistersUncut/2015-10-16","2015-10-16","SistersUncut","Participated","Protest","Before event day","No","Yes","No","No","No","Public space","Solidarity with migrants","","civil disobedience","Brill Place, Kings Cross, London","2015-10-14",3,2.558518409729,0,0,0,0,0,0,0,0,0,0,0,0,0,0,0,0,0,0,0,0,0,0,0,0,0,0,0,0,0,0,0,0,"pov"
"UVWunion/2015-10-17","2015-10-17","UVWunion","Organised","Protest","Before event day","Yes","No","No","No","No","Other","Living wage and sick pay","","protest","Barbican","2015-10-08",17,13.120382100549,0,0,0,0,0,0,0,0,0,0,0,0,0,0,0,0,0,0,0,0,0,0,0,0,0,0,0,0,0,0,0,0,"pov"
"keepnhspublic, TheBMA/2015-10-17","2015-10-17","keepnhspublic, TheBMA","Participated, Organised","Protest","Before event day","Yes","No","No","No","No","Public space","protect the NHS, junior doctor contracts","","march, protest, rally","","2015-10-16",12,6.95264677714366,39,39,33,33,6,0,8,0,0,0,1,0,1,0,0,1,0,22,6,0,8,0,0,0,1,0,1,0,0,1,0,22,"pov"
"OccupyLondon/2015-10-17","2015-10-17","OccupyLondon","Organised","Protest","Before event day","Yes","No","No","No","No","Public space","Refugees welcome, open the border","","demonstration","Dover","2015-09-22",9,4.05028505581678,6,0,4,0,0,0,3,0,0,0,0,0,0,0,0,0,0,3,0,0,0,0,0,0,0,0,0,0,0,0,0,0,"pov"
"radicalhousing/2015-10-21","2015-10-21","radicalhousing","Organised","Protest","Before event day","Yes","No","No","No","No","Company site","Stop MIPIM","","demonstration","Property fair","2015-10-16",9,4.25024324655533,1,1,1,1,0,0,1,0,0,0,0,0,0,0,0,0,0,0,0,0,1,0,0,0,0,0,0,0,0,0,0,0,"pov"
"OccupyLondon/2015-10-23","2015-10-23","OccupyLondon","Organised","Protest","After event","No","No","No","Yes","No","Unknown","Occupy the Mail, oppose climate denial","","candlelit vigil","","2015-10-23",10,2.73451141191835,0,0,0,0,0,0,0,0,0,0,0,0,0,0,0,0,0,0,0,0,0,0,0,0,0,0,0,0,0,0,0,0,"pov"
"TheBMA/2015-10-24","2015-10-24","TheBMA","Organised","Protest","After event","No","No","No","No","No","Public space","Junior doctor protest","","protest","Newcastle","2015-10-24",2,1.61594605445862,8,0,2,0,5,0,3,0,0,0,0,0,0,0,0,0,0,0,0,0,0,0,0,0,0,0,0,0,0,0,0,0,"pov"
"bectu/2015-10-26","2015-10-26","bectu","Organised","Protest","Before event day","No","No","No","No","No","Entertainment/cultural","demand union recognition","","protest","Royal Albert Hall, Spectre premiere","2015-10-26",2,1.46506714820862,0,0,0,0,0,0,0,0,0,0,0,0,0,0,0,0,0,0,0,0,0,0,0,0,0,0,0,0,0,0,0,0,"pov"
"GreenpeaceUK/2015-10-28","2015-10-28","GreenpeaceUK","Organised","Protest","After event","No","No","No","Yes","No","Company site","Oppose unsustainable tuna","","giant can of tuna prop","John West HQ","2015-10-28",3,0.852496172732574,0,0,0,0,0,0,0,0,0,0,0,0,0,0,0,0,0,0,0,0,0,0,0,0,0,0,0,0,0,0,0,0,"env"
"FocusE15/2015-10-28","2015-10-28","FocusE15","Organised","Protest","Before event day","Yes","No","No","Yes","No","Public space","No more homelessness","","protest, march, mass sleep out","East London","2015-10-01",17,10.0746824145317,0,0,0,0,0,0,0,0,0,0,0,0,0,0,0,0,0,0,0,0,0,0,0,0,0,0,0,0,0,0,0,0,"pov"
"TheBMA/2015-10-28","2015-10-28","TheBMA","Organised","Protest","Before event day","Yes","No","No","No","No","Public space","junior doctors' protest","","protest","Leeds","2015-10-22",3,1.66154712798096,0,0,0,0,0,0,0,0,0,0,0,0,0,0,0,0,0,0,0,0,0,0,0,0,0,0,0,0,0,0,0,0,"pov"
"TheStudentAssem/2015-10-29","2015-10-29","TheStudentAssem","Organised","Protest","On day, before event","No","Yes","No","No","No","Other","Oppose cuts and victimisation","","shut down","SOAS","2015-10-29",3,2.38003349346558,0,0,0,0,0,0,0,0,0,0,0,0,0,0,0,0,0,0,0,0,0,0,0,0,0,0,0,0,0,0,0,0,"pov"
"UVWunion/2015-10-31","2015-10-31","UVWunion","Organised","Protest","Before event day","Yes","No","No","Yes","No","Other","living wage and sick pay for Barbican cleaners","","Halloween flash mob, demonstration, protest","Barbican","2015-10-26",33,24.1702356398834,0,0,0,0,0,0,0,0,0,0,0,0,0,0,0,0,0,0,0,0,0,0,0,0,0,0,0,0,0,0,0,0,"pov"
"ASLEFunion, EquityUK, fbunational, MidwivesRCM, pcs_union/2015-11-02","2015-11-02","ASLEFunion, EquityUK, fbunational, MidwivesRCM, pcs_union","Participated, Organised, Organised, Participated, Participated","Protest","Before event day","Yes","No","No","No","No","Public space","Workers rights, right to strike","","demonstration, lobby, rally","Parliament square","2015-10-18",38,26.5142740755388,2,2,2,2,1,0,1,0,0,0,0,0,0,0,0,0,0,0,1,0,1,0,0,0,0,0,0,0,0,0,0,0,"pov"
"TheStudentAssem/2015-11-04","2015-11-04","TheStudentAssem","Organised","Protest","Before event day","Yes","No","No","No","No","Public space","Grants not debt, free education","1000s","demonstration, protest","","2015-09-21",4,3.49311673641205,0,0,0,0,0,0,0,0,0,0,0,0,0,0,0,0,0,0,0,0,0,0,0,0,0,0,0,0,0,0,0,0,"pov"
"unitetheunion/2015-11-10","2015-11-10","unitetheunion","Participated","Protest","After event","No","No","No","No","No","Public space","Save our steel","100s","march, demonstration","Scunthorpe","2015-11-10",6,2.92471892411682,0,0,0,0,0,0,0,0,0,0,0,0,0,0,0,0,0,0,0,0,0,0,0,0,0,0,0,0,0,0,0,0,"pov"
"pcs_union/2015-11-10","2015-11-10","pcs_union","Participated","Protest","Before event day","Yes","No","No","No","No","Public space","Oppose TU bill","","protest, rally","Parliament square, outside Scottish parliament","2015-10-29",10,4.42454960907965,0,0,0,0,0,0,0,0,0,0,0,0,0,0,0,0,0,0,0,0,0,0,0,0,0,0,0,0,0,0,0,0,"pov"
"pplsassembly/2015-11-11","2015-11-11","pplsassembly","Organised","Protest","Before event day","Yes","No","No","No","No","Public space","Junior doctors rally","","rally","Manchester Cathedral","2015-10-29",9,3.02048683146132,0,0,0,0,0,0,0,0,0,0,0,0,0,0,0,0,0,0,0,0,0,0,0,0,0,0,0,0,0,0,0,0,"pov"
"campaigncc/2015-11-12","2015-11-12","campaigncc","Organised","Protest","Before event day","Yes","No","No","No","No","Public space","get ready for Paris climate talks","","rally","Manchester","2015-10-31",3,0.698314465836945,0,0,0,0,0,0,0,0,0,0,0,0,0,0,0,0,0,0,0,0,0,0,0,0,0,0,0,0,0,0,0,0,"env"
"nusuk/2015-11-17","2015-11-17","nusuk","Organised","Protest","Before event day","Yes","No","No","No","No","Other","Students for migrants, solidarity","","protest","campuses","2015-09-24",11,5.88512125564943,4,4,3,3,2,0,2,0,0,0,0,0,0,0,0,0,0,0,2,0,2,0,0,0,0,0,0,0,0,0,0,0,"pov"
"GreenpeaceUK/2015-11-19","2015-11-19","GreenpeaceUK","Organised","Protest","After event","No","No","No","Yes","No","Political site","Call for fair fishing quota","","park boat outside gov building","Government building","2015-11-19",1,0.624848246574402,1,1,0,0,1,0,0,0,0,0,0,0,0,0,0,0,0,0,1,0,0,0,0,0,0,0,0,0,0,0,0,0,"env"
"planestupid/2015-11-21","2015-11-21","planestupid","Organised","Protest","After event","No","No","No","Yes","No","Company site","Oppose new runway","100","flashmob","Heathrow terminal 2","2015-11-21",2,0.883275630385284,0,0,0,0,0,0,0,0,0,0,0,0,0,0,0,0,0,0,0,0,0,0,0,0,0,0,0,0,0,0,0,0,"env"
"unitetheunion/2015-11-21","2015-11-21","unitetheunion","Organised","Protest","Before event day","Yes","No","No","No","No","Public space","Save our steel","","rally","Sheffield","2015-11-11",18,14.880392074683,1,2,0,1,0,0,1,0,0,0,0,0,0,0,0,0,0,0,0,0,1,0,1,0,0,0,0,0,0,0,0,0,"pov"
"fbunational/2015-11-23","2015-11-23","fbunational","Organised","Protest","Before event day","Yes","No","No","No","No","Company site","Firefighters pay, conditions, rights","","demonstration","Brigade HQ","2015-11-10",2,1.67570018768311,0,0,0,0,0,0,0,0,0,0,0,0,0,0,0,0,0,0,0,0,0,0,0,0,0,0,0,0,0,0,0,0,"pov"
"bectu/2015-11-23","2015-11-23","bectu","Participated","Protest","Before event day","Yes","No","No","No","No","Company site","Save the BBC, keep the license fee","","protest","outside BBC","2015-11-19",13,1.67322296850881,1,1,1,1,0,0,1,0,0,0,0,0,0,0,0,0,0,0,0,0,1,0,0,0,0,0,0,0,0,0,0,0,"pov"
"pplsassembly/2015-11-24","2015-11-24","pplsassembly","Organised","Protest","Before event day","Yes","No","No","No","No","Public space","Stop the sell off, oppose autumn statement","","protest, march","Trafalgar sq, Downing st","2015-10-27",5,3.40628552436829,0,1,0,0,0,0,0,0,0,0,0,0,0,0,0,0,0,0,0,0,0,0,0,0,0,0,0,0,0,0,0,1,"pov"
"planestupid/2015-11-26","2015-11-26","planestupid","Organised","Protest","After event","No","Yes","No","No","No","Company site","Oppose new runway","3","blockade","Heathrow entrance tunnel","2015-11-26",11,5.45943338422822,10,10,10,10,1,1,2,0,0,1,1,1,0,2,0,1,0,0,1,1,2,0,0,1,1,1,0,2,0,1,0,0,"env"
"GreenpeaceUK, sccscot/2015-11-28","2015-11-28","GreenpeaceUK, sccscot","Participated, Organised","Protest","Before event day","Yes","No","No","No","No","Public space","Scottish Climate March","1000s","march","Edinburgh","2015-09-09",20,12.4614338583165,3,1,2,0,0,0,2,0,0,0,0,1,0,0,0,0,0,0,0,0,0,0,0,0,0,1,0,0,0,0,0,0,"env"
"SistersUncut/2015-11-28","2015-11-28","SistersUncut","Organised","Protest","Before event day","Yes","No","No","Yes","No","Public space","They cut we bleed","500","march, demonstration, dye water fountain water red, rally, funeral march","Trafalgar Square","2015-11-16",20,10.8755949402396,1,2,1,2,1,0,0,0,0,0,0,0,0,0,0,0,0,0,1,0,1,0,0,0,0,0,0,0,0,0,0,0,"pov"
"campaigncc, CNDuk, F_F_Ryedale, friends_earth, GreenpeaceUK, planestupid, TheCCoalition/2015-11-29","2015-11-29","campaigncc, CNDuk, F_F_Ryedale, friends_earth, GreenpeaceUK, planestupid, TheCCoalition","Organised, Participated, Participated, Participated, Participated, Participated, Participated","Protest","Before event day","Yes","No","No","No","No","Public space","People's Climate March","50000","march","London","2015-10-17",140,70.880028130576,8,8,4,4,0,0,6,0,0,0,0,0,0,2,0,0,0,0,0,0,6,0,0,0,0,0,0,2,0,0,0,0,"env"
"ActionAidUK, pcs_union, unisontheunion/2015-11-29","2015-11-29","ActionAidUK, pcs_union, unisontheunion","Organised, Participated, Participated","Protest","Before event day","Yes","No","No","No","No","Public space","People's climate march","","march","","2015-10-20",22,17.9969776749547,3,2,3,2,0,0,2,0,0,0,0,0,0,0,0,1,0,0,0,0,1,0,0,0,0,0,0,0,0,1,0,0,"pov"
"CClimateAction/2015-11-30","2015-11-30","CClimateAction","Organised","Protest","After event","No","No","Yes","No","Yes","Political site","","","'whitewashing' gov offices","Whitehall, DECC offices","2015-11-30",2,0.778192162513732,1,1,1,1,1,0,0,0,0,0,0,0,0,0,0,0,0,0,1,0,0,0,0,0,0,0,0,0,0,0,0,0,"env"
"MidwivesRCM, theRCN/2015-12-02","2015-12-02","MidwivesRCM, theRCN","Participated, Organised","Protest","Before event day","Yes","No","No","No","No","Political site","Bursary or bust","","protest, demonstration","Department of Health","2015-11-30",15,10.4052301350921,1,1,1,1,0,0,1,0,0,0,0,0,0,0,0,0,0,0,0,0,1,0,0,0,0,0,0,0,0,0,0,0,"pov"
"fbunational/2015-12-02","2015-12-02","fbunational","Organised","Protest","Before event day","Yes","No","No","No","No","Public space","oppose job cuts","","protest","London","2015-11-20",3,2.10403826832771,0,0,0,0,0,0,0,0,0,0,0,0,0,0,0,0,0,0,0,0,0,0,0,0,0,0,0,0,0,0,0,0,"pov"
"pcs_union/2015-12-02","2015-12-02","pcs_union","Organised","Strike","Before event day","No","No","No","No","No","Other","DVSA strike","","strike, picket","W Midlands, E Midlands, Yorkshire, Humber & Wales","2015-12-02",3,1.14763123536523,0,0,0,0,0,0,0,0,0,0,0,0,0,0,0,0,0,0,0,0,0,0,0,0,0,0,0,0,0,0,0,0,"pov"
"liberatetate/2015-12-04","2015-12-04","liberatetate","Organised","Protest","Before event day","No","No","No","Yes","No","Entertainment/cultural","","","unauthorised arts festival","Tate","2015-09-18",2,0.928501276769348,0,0,0,0,0,0,0,0,0,0,0,0,0,0,0,0,0,0,0,0,0,0,0,0,0,0,0,0,0,0,0,0,"env"
"betterthanzero/2015-12-05","2015-12-05","betterthanzero","Organised","Protest","After event","No","No","No","Yes","No","Company site","Oppose bad bosses","","flash mob","restaurant owned by G1 group","2015-12-05",4,3.29844838380814,0,0,0,0,0,0,0,0,0,0,0,0,0,0,0,0,0,0,0,0,0,0,0,0,0,0,0,0,0,0,0,0,"pov"
"nusuk/2015-12-08","2015-12-08","nusuk","Organised","Protest","Before event day","Yes","No","No","No","No","Public space","Cut the costs of student debt","","assemble, lobby","Westminster","2015-10-20",20,7.116197831417,0,0,0,0,0,0,0,0,0,0,0,0,0,0,0,0,0,0,0,0,0,0,0,0,0,0,0,0,0,0,0,0,"pov"
"HousingActionSL/2015-12-08","2015-12-08","HousingActionSL","Organised","Protest","Before event day","Yes","Yes","No","No","No","Other","Eviction resistance","","eviction resistance","someone's home","2015-12-07",6,3.84407246112823,0,0,0,0,0,0,0,0,0,0,0,0,0,0,0,0,0,0,0,0,0,0,0,0,0,0,0,0,0,0,0,0,"pov"
"fbunational/2015-12-09","2015-12-09","fbunational","Organised","Protest","Before event day","No","No","No","No","No","Company site","Oppose fire service cuts","","demonstration, rally, protest","North Yorkshire fire authority","2015-11-23",2,1.62018853441422,0,0,0,0,0,0,0,0,0,0,0,0,0,0,0,0,0,0,0,0,0,0,0,0,0,0,0,0,0,0,0,0,"pov"
"CNDuk/2015-12-12","2015-12-12","CNDuk","Participated","Protest","Before event day","Yes","No","No","No","No","Public space","Stop bombing Syria","","demonstration","BBC broadcasting house","2015-12-09",3,2.65527707338333,0,0,0,0,0,0,0,0,0,0,0,0,0,0,0,0,0,0,0,0,0,0,0,0,0,0,0,0,0,0,0,0,"env"
"campaigncc/2015-12-12","2015-12-12","campaigncc","Organised","Protest","Before event day","Yes","No","No","Yes","No","Public space","Demand better climate deal","","carry 300m long red line barrier across bridge","Westminster bridge, outside Parliament","2015-11-18",27,3.25801204313677,2,2,1,1,0,0,2,0,0,0,0,0,0,0,0,0,0,0,0,0,2,0,0,0,0,0,0,0,0,0,0,0,"env"
"unitetheunion/2015-12-17","2015-12-17","unitetheunion","Organised","Protest","On day, before event","Yes","No","No","No","No","Company site","Fair tips, let staff keep tips","","protest","ME Hotel strand","2015-12-17",5,3.26820873822525,1,1,1,1,0,0,0,0,0,1,0,0,0,0,0,0,0,0,0,0,0,0,0,1,0,0,0,0,0,0,0,0,"pov"
"unitetheunion/2015-12-18","2015-12-18","unitetheunion","Organised","Protest","Before event day","Yes","No","No","No","No","Company site","Fair tips, let staff keep tips","","protest","ME Hotel Aldwych London","2015-12-17",4,3.35423117876053,1,1,0,0,0,0,1,0,0,0,0,0,0,0,0,0,0,0,0,0,1,0,0,0,0,0,0,0,0,0,0,0,"pov"
"BarnetHaction, radicalhousing/2016-01-05","2016-01-05","BarnetHaction, radicalhousing","Participated, Organised","Protest","Before event day","Yes","No","No","No","No","Public space","oppose housing bill","","demonstration","outside Parliament","2015-12-20",13,10.9667809307575,0,0,0,0,0,0,0,0,0,0,0,0,0,0,0,0,0,0,0,0,0,0,0,0,0,0,0,0,0,0,0,0,"pov"
"keepnhspublic, MidwivesRCM, pplsassembly, theRCN, unisontheunion, unitetheunion/2016-01-09","2016-01-09","keepnhspublic, MidwivesRCM, pplsassembly, theRCN, unisontheunion, unitetheunion","Participated, Participated, Participated, Organised, Participated, Organised","Protest","Before event day","Yes","No","No","No","No","Public space","Stop the NHS bursary cuts","","march","Westminster","2015-12-16",83,70.189907401763,11,7,9,5,4,0,5,0,1,0,0,0,0,0,0,0,0,1,2,0,4,0,1,0,0,0,0,0,0,0,0,0,"pov"
"pcs_union/2016-01-11","2016-01-11","pcs_union","Participated","Protest","Before event day","Yes","No","No","No","No","Public space","Oppose TU bill","","rally, demonstration","nationwide","2015-12-29",14,11.1205485619465,4,0,4,0,1,0,3,0,0,0,0,0,0,0,0,0,0,0,0,0,0,0,0,0,0,0,0,0,0,0,0,0,"pov"
"keepnhspublic, TheBMA, unitetheunion/2016-01-12","2016-01-12","keepnhspublic, TheBMA, unitetheunion","Participated, Organised, Participated","Strike","Before event day","No","No","No","No","No","Other","Junior doctors strike","","strike, picket","","2016-01-05",40,19.8254139511753,232,208,136,125,36,4,39,5,5,11,12,0,15,11,2,13,3,76,32,4,33,4,4,11,11,0,15,10,0,12,2,70,"pov"
"radicalhousing/2016-01-12","2016-01-12","radicalhousing","Participated","Protest","Before event day","Yes","No","No","No","No","Public space","oppose Housing Bill","","protest, march","outside Parliament","2016-01-10",2,1.33467876933652,0,0,0,0,0,0,0,0,0,0,0,0,0,0,0,0,0,0,0,0,0,0,0,0,0,0,0,0,0,0,0,0,"pov"
"GreenpeaceUK/2016-01-28","2016-01-28","GreenpeaceUK","Organised","Protest","After event","No","No","No","Yes","No","Public space","demand action on floods","","pairs of wellies placed in front of Parliament","outside Parliament","2016-01-28",4,0.511501621454953,0,0,0,0,0,0,0,0,0,0,0,0,0,0,0,0,0,0,0,0,0,0,0,0,0,0,0,0,0,0,0,0,"env"
"FocusE15, radicalhousing/2016-01-30","2016-01-30","FocusE15, radicalhousing","Organised, Organised","Protest","Before event day","Yes","No","No","No","No","Public space","Oppose housing bill","","march","Stratford","2016-01-08",25,14.840228348812,1,0,1,0,0,0,0,0,0,0,0,0,0,0,0,0,0,1,0,0,0,0,0,0,0,0,0,0,0,0,0,0,"pov"
"keepnhspublic, TheBMA/2016-02-06","2016-02-06","keepnhspublic, TheBMA","Participated, Organised","Protest","Before event day","Yes","No","No","No","No","Political site","Support junior doctors strike","","march","Downing street","2016-02-01",17,11.3765034303434,16,11,12,8,0,0,7,0,0,0,0,0,0,0,0,1,0,8,0,0,4,0,0,0,0,0,0,0,0,1,0,6,"pov"
"unitetheunion/2016-02-06","2016-02-06","unitetheunion","Organised","Protest","Before event day","Yes","No","No","No","No","Public space","Ballymena Rally for a Future, demand investment and jobs","","rally","","2016-02-04",6,3.20657957366079,3,2,1,0,0,0,0,0,1,1,0,0,0,0,0,0,0,1,0,0,0,0,1,1,0,0,0,0,0,0,0,0,"pov"
"GreenpeaceUK/2016-02-09","2016-02-09","GreenpeaceUK","Organised","Protest","After event","No","No","No","Yes","No","Public space","Oppose fracking","30","fake fracking rig","outside Parliament","2016-02-09",12,3.76494448259473,1,1,1,1,1,0,0,0,0,0,0,0,0,0,0,0,0,0,1,0,0,0,0,0,0,0,0,0,0,0,0,0,"env"
"F_F_Ryedale, frackfreelancs/2016-02-09","2016-02-09","F_F_Ryedale, frackfreelancs","Organised, Organised","Protest","Before event day","Yes","No","No","No","No","Political site","Don't frack lancs","","demonstration","Public enquiry at Blackpool FC","2016-01-18",15,3.29804269049454,2,2,2,2,0,0,1,0,0,0,0,0,0,0,1,0,0,0,0,0,1,0,0,0,0,0,0,0,1,0,0,0,"env"
"SistersUncut/2016-02-09","2016-02-09","SistersUncut","Organised","Protest","After event","No","No","No","Yes","No","Political site","oppose domestic violence services cuts","","confetti on budget meeting, protest","Portsmouth council","2016-02-09",7,3.58276497205931,0,0,0,0,0,0,0,0,0,0,0,0,0,0,0,0,0,0,0,0,0,0,0,0,0,0,0,0,0,0,0,0,"pov"
"TheBMA/2016-02-10","2016-02-10","TheBMA","Organised","Strike","Before event day","No","No","No","No","No","Other","Junior doctor strike","","strike, picket, industrial action","","2016-02-01",20,10.4598475170258,237,189,84,79,41,7,31,5,8,9,9,0,11,12,5,13,5,81,35,5,20,4,6,6,4,0,7,8,5,12,5,72,"pov"
"UVWunion/2016-02-12","2016-02-12","UVWunion","Organised","Protest","After event","No","No","No","Yes","No","Unknown","vigil for Fernando, killed by stress at work","","vigil","","2016-02-12",12,7.55551482764487,0,2,0,0,0,0,0,0,0,0,0,0,0,0,0,0,0,0,2,0,0,0,0,0,0,0,0,0,0,0,0,0,"pov"
"unitetheunion/2016-02-12","2016-02-12","unitetheunion","Organised","Protest","On day, before event","Yes","No","No","No","No","Company site","Fair tips","","demonstration","outside ME hotel London","2016-02-12",4,2.52483103411154,1,1,0,0,0,0,0,0,0,0,0,0,1,0,0,0,0,0,0,0,0,0,0,0,0,0,1,0,0,0,0,0,"pov"
"sccscot/2016-02-13","2016-02-13","sccscot","Organised","Protest","Before event day","Yes","No","No","No","No","Unknown","fossil free, divestment","","mass action","Edinburgh","2016-02-10",1,0.788253009319305,0,0,0,0,0,0,0,0,0,0,0,0,0,0,0,0,0,0,0,0,0,0,0,0,0,0,0,0,0,0,0,0,"env"
"unitetheunion/2016-02-16","2016-02-16","unitetheunion","Organised","Strike","Before event day","No","No","No","No","No","Other","Children services strike","","strike, picket","","2015-02-18",7,4.15593763487033,0,0,0,0,0,0,0,0,0,0,0,0,0,0,0,0,0,0,0,0,0,0,0,0,0,0,0,0,0,0,0,0,"pov"
"CNDuk/2016-02-19","2016-02-19","CNDuk","Organised","Protest","Before event day","Yes","No","No","No","No","Public space","Stop trident","","rally, demonstration","Brixton tube station","2016-02-17",4,2.21238005161285,0,0,0,0,0,0,0,0,0,0,0,0,0,0,0,0,0,0,0,0,0,0,0,0,0,0,0,0,0,0,0,0,"env"
"HousingActionSL/2016-02-19","2016-02-19","HousingActionSL","Organised","Protest","After event","No","No","No","No","No","Political site","demand suitable social housing for individual","20","action","Lambeth housing office","2016-02-19",8,6.68287593107034,0,0,0,0,0,0,0,0,0,0,0,0,0,0,0,0,0,0,0,0,0,0,0,0,0,0,0,0,0,0,0,0,"pov"
"EISUnion/2016-02-19","2016-02-19","EISUnion","Organised","Strike","Before event day","No","No","No","No","No","Other","West Dunbartonshire secondary schools strike","","strike","","2016-02-16",5,1.62063641101122,0,0,0,0,0,0,0,0,0,0,0,0,0,0,0,0,0,0,0,0,0,0,0,0,0,0,0,0,0,0,0,0,"pov"
"planestupid/2016-02-20","2016-02-20","planestupid","Organised","Protest","After event","No","No","No","No","No","Company site","Oppose fracking","","demonstration","Horse Hill","2016-02-20",2,1.54785931110382,0,0,0,0,0,0,0,0,0,0,0,0,0,0,0,0,0,0,0,0,0,0,0,0,0,0,0,0,0,0,0,0,"env"
"Dis_PPL_Protest/2016-02-23","2016-02-23","Dis_PPL_Protest","Organised","Protest","After event","No","No","No","No","No","Public space","Oppose Employment and Support Allowance cut","","","","2016-02-23",3,1.70128732919693,0,0,0,0,0,0,0,0,0,0,0,0,0,0,0,0,0,0,0,0,0,0,0,0,0,0,0,0,0,0,0,0,"pov"
"planestupid/2016-02-24","2016-02-24","planestupid","Organised","Protest","Before event day","No","No","No","No","No","Court","Heathrow 13 solidarity","","demonstration","Willesden Magistrates Court","2016-02-12",15,2.68768989990337,3,3,3,3,1,1,1,0,0,0,0,0,0,0,0,0,0,0,1,1,1,0,0,0,0,0,0,0,0,0,0,0,"env"
"unisontheunion/2016-02-24","2016-02-24","unisontheunion","Organised","Strike","Before event day","No","No","No","No","No","Other","further education colleges strike","","strike","","2016-02-04",5,3.01197850704193,0,0,0,0,0,0,0,0,0,0,0,0,0,0,0,0,0,0,0,0,0,0,0,0,0,0,0,0,0,0,0,0,"pov"
"CNDuk, GreenpeaceUK/2016-02-27","2016-02-27","CNDuk, GreenpeaceUK","Organised, Participated","Protest","Before event day","Yes","No","No","No","No","Public space","Stop trident","","demonstration, march","London","2015-12-05",37,19.7525412383929,9,9,3,3,5,0,3,0,0,0,0,0,1,0,0,0,0,0,5,0,3,0,0,0,0,0,1,0,0,0,0,0,"env"
"pcs_union, TheStudentAssem/2016-02-27","2016-02-27","pcs_union, TheStudentAssem","Participated, Participated","Protest","Before event day","Yes","No","No","No","No","Public space","oppose trident","","march, demonstration","London","2016-01-19",8,6.14061125335159,5,4,1,1,2,0,2,0,0,0,0,0,0,0,1,0,0,0,2,0,1,0,0,0,0,0,0,0,1,0,0,0,"pov"
"SistersUncut/2016-02-29","2016-02-29","SistersUncut","Participated","Protest","Before event day","Yes","No","No","Yes","No","Court","anti-Bedroom Tax vigil","","demonstration, vigil","Supreme court","2016-02-28",2,1.78262031078339,0,0,0,0,0,0,0,0,0,0,0,0,0,0,0,0,0,0,0,0,0,0,0,0,0,0,0,0,0,0,0,0,"pov"
"pcs_union/2016-03-01","2016-03-01","pcs_union","Organised","Protest","Before event day","Yes","No","No","No","No","Public space","oppose HMRC office closure","","rally","outside Parliament","2016-02-20",7,6.19711679188083,0,0,0,0,0,0,0,0,0,0,0,0,0,0,0,0,0,0,0,0,0,0,0,0,0,0,0,0,0,0,0,0,"pov"
"Dis_PPL_Protest, UVWunion/2016-03-04","2016-03-04","Dis_PPL_Protest, UVWunion","Organised, Participated","Protest","Before event day","Yes","No","No","No","No","Other","Oppose job coaches in GP surgeries","","protest","GP surgery","2016-01-31",12,8.06672587966716,2,2,0,0,0,0,2,0,0,0,0,0,0,0,0,0,0,0,0,0,2,0,0,0,0,0,0,0,0,0,0,0,"pov"
"pcs_union/2016-03-05","2016-03-05","pcs_union","Participated","Protest","Before event day","Yes","No","No","No","No","Public space","Pride","","march, rally","Cardiff","2016-02-10",6,3.13700930774212,0,0,0,0,0,0,0,0,0,0,0,0,0,0,0,0,0,0,0,0,0,0,0,0,0,0,0,0,0,0,0,0,"pov"
"FocusE15/2016-03-06","2016-03-06","FocusE15","Participated","Protest","On day, before event","No","No","No","No","No","Public space","Youth March for Housing","","march","Brixton","2016-03-06",2,1.75612783432007,0,0,0,0,0,0,0,0,0,0,0,0,0,0,0,0,0,0,0,0,0,0,0,0,0,0,0,0,0,0,0,0,"pov"
"TheBMA/2016-03-09","2016-03-09","TheBMA","Organised","Strike","Before event day","No","No","No","No","No","Other","Junior doctor strike","","picket","","2016-03-08",9,2.89986743093508,50,26,33,26,6,2,13,0,3,1,2,0,5,1,1,2,0,14,0,0,8,0,1,0,0,0,3,0,1,1,0,12,"pov"
"frackfreelancs, GreenpeaceUK/2016-03-11","2016-03-11","frackfreelancs, GreenpeaceUK","Organised, Participated","Protest","Before event day","Yes","No","No","No","No","Political site","Cuadrilla appeal, oppose fracking","","rally","Public enquiry at Blackpool FC","2016-03-09",5,2.1603570580726,0,0,0,0,0,0,0,0,0,0,0,0,0,0,0,0,0,0,0,0,0,0,0,0,0,0,0,0,0,0,0,0,"env"
"keepnhspublic/2016-03-11","2016-03-11","keepnhspublic","Organised","Protest","Before event day","Yes","No","No","No","No","Public space","NHS Bill Rally","","rally","Parliament","2016-03-09",3,1.97153696461729,1,1,0,0,0,0,0,0,0,0,0,0,0,0,0,0,0,1,0,0,0,0,0,0,0,0,0,0,0,0,0,1,"pov"
"UVWunion/2016-03-12","2016-03-12","UVWunion","Organised","Protest","Before event day","Yes","Yes","No","No","No","Company site","demand living wage","","demonstration, blockade, invade","Topshop, John Lewis","2016-02-06",40,27.3128906348356,1,1,1,1,0,0,0,0,0,0,0,0,0,0,0,1,0,0,0,0,0,0,0,0,0,0,0,0,0,1,0,0,"pov"
"radicalhousing, SistersUncut/2016-03-12","2016-03-12","radicalhousing, SistersUncut","Participated, Participated","Protest","Before event day","Yes","No","No","No","No","Other","Shut Down Yarl's Wood","1000","demonstration","Yarl's Wood detention centre","2016-03-09",6,4.45327857164769,2,2,1,1,2,0,0,0,0,0,0,0,0,0,0,0,0,0,2,0,0,0,0,0,0,0,0,0,0,0,0,0,"pov"
"transheathrow/2016-03-13","2016-03-13","transheathrow","Participated","Protest","On day, before event","Yes","No","No","No","No","Public space","Kill the housing bill","","march","","2016-03-13",1,0.864990949630737,0,0,0,0,0,0,0,0,0,0,0,0,0,0,0,0,0,0,0,0,0,0,0,0,0,0,0,0,0,0,0,0,"env"
"FocusE15, HousingActionSL, radicalhousing, SistersUncut, ukstreetangels, unitetheunion/2016-03-13","2016-03-13","FocusE15, HousingActionSL, radicalhousing, SistersUncut, ukstreetangels, unitetheunion","Participated, Organised, Participated, Organised, Participated, Participated","Protest","Before event day","Yes","No","No","No","No","Public space","Kill the housing bill","","march, demonstration, rally","Lincolns Inn Fields","2016-03-07",41,28.3385755566886,2,1,2,1,2,0,0,0,0,0,0,0,0,0,0,0,0,0,1,0,0,0,0,0,0,0,0,0,0,0,0,0,"pov"
"SistersUncut/2016-03-14","2016-03-14","SistersUncut","Organised","Protest","After event","No","Yes","No","No","No","Political site","Ring fence funding for domestic violence","","block doors","HM Treasury","2016-03-14",5,2.62389525745699,3,3,3,3,1,0,2,0,0,0,0,0,0,0,0,0,0,0,1,0,2,0,0,0,0,0,0,0,0,0,0,0,"pov"
"SistersUncut/2016-03-15","2016-03-15","SistersUncut","Organised","Protest","After event","No","No","No","Yes","No","Public space","oppose cuts to domestic violence services","","singing protest","Westminster","2016-03-15",3,1.70934362691232,0,0,0,0,0,0,0,0,0,0,0,0,0,0,0,0,0,0,0,0,0,0,0,0,0,0,0,0,0,0,0,0,"pov"
"pcs_union/2016-03-16","2016-03-16","pcs_union","Organised","Protest","Before event day","Yes","No","No","No","No","Public space","Oppose TU bill","","protest","outside Parliament","2016-03-11",8,5.11252921378854,0,0,0,0,0,0,0,0,0,0,0,0,0,0,0,0,0,0,0,0,0,0,0,0,0,0,0,0,0,0,0,0,"pov"
"EISUnion/2016-03-17","2016-03-17","EISUnion","Organised","Both","Before event day","Yes","No","No","No","No","Public space","Lecturer pay strike and rally","","rally, strike","Scottish Parliament","2016-03-15",7,4.49329392577145,6,6,3,3,0,0,0,0,0,1,0,0,0,3,0,0,0,2,0,0,0,0,0,1,0,0,0,3,0,0,0,2,"pov"
"NASUWT/2016-03-17","2016-03-17","NASUWT","Organised","Strike","Before event day","No","No","No","No","No","Other","Teacher strike","","strike","St Peter’s Collegiate School, Wolverhampton","2016-03-16",2,1.6462299823761,0,0,0,0,0,0,0,0,0,0,0,0,0,0,0,0,0,0,0,0,0,0,0,0,0,0,0,0,0,0,0,0,"pov"
"friends_earth/2016-03-19","2016-03-19","friends_earth","Participated","Protest","On day, before event","Yes","No","No","No","No","Public space","Climate Refugees Welcome Here, Anti racism day","","march","Trafalgar square","2016-03-19",2,1.26286059617996,0,0,0,0,0,0,0,0,0,0,0,0,0,0,0,0,0,0,0,0,0,0,0,0,0,0,0,0,0,0,0,0,"env"
"EISUnion, OccupyLondon, pcs_union, unitetheunion/2016-03-19","2016-03-19","EISUnion, OccupyLondon, pcs_union, unitetheunion","Participated, Participated, Participated, Participated","Protest","Before event day","Yes","No","No","No","No","Public space","Anti racism day, refugees welcome","","demonstration, march","London, Glasgow, Cardiff","2016-02-16",41,26.1109049847447,0,0,0,0,0,0,0,0,0,0,0,0,0,0,0,0,0,0,0,0,0,0,0,0,0,0,0,0,0,0,0,0,"pov"
"betterthanzero/2016-03-31","2016-03-31","betterthanzero","Organised","Protest","After event","No","No","No","No","No","Company site","Living wage, oppose bad bosses","","action","Primark","2016-03-31",5,3.59597726126422,0,0,0,0,0,0,0,0,0,0,0,0,0,0,0,0,0,0,0,0,0,0,0,0,0,0,0,0,0,0,0,0,"pov"
"ASLEFunion/2016-03-31","2016-03-31","ASLEFunion","Organised","Protest","Before event day","Yes","No","No","No","No","Company site","Protect Northern Rail services and Northern jobs","","rally","Mechanics Institute, Manchester","2016-03-08",2,1.81918507814407,0,0,0,0,0,0,0,0,0,0,0,0,0,0,0,0,0,0,0,0,0,0,0,0,0,0,0,0,0,0,0,0,"pov"
"keepnhspublic, TheBMA/2016-04-06","2016-04-06","keepnhspublic, TheBMA","Participated, Organised","Strike","Before event day","No","No","No","No","No","Other","Junior doctor strike","","strike, picket","","2016-03-31",22,12.063359211939,76,65,37,31,8,2,23,2,3,4,4,0,4,4,2,2,0,18,7,1,17,2,2,1,3,0,4,4,2,2,0,20,"pov"
"ClassWar2015/2016-04-06","2016-04-06","ClassWar2015","Organised","Protest","Before event day","Yes","Yes","No","No","No","Public space","Stop social cleansing of London","","demonstration, blockade","Aldgate East","2016-03-19",4,2.44464914485784,0,0,0,0,0,0,0,0,0,0,0,0,0,0,0,0,0,0,0,0,0,0,0,0,0,0,0,0,0,0,0,0,"pov"
"HousingActionSL/2016-04-07","2016-04-07","HousingActionSL","Organised","Protest","Before event day","Yes","No","No","No","No","Political site","Demand home close to school","","action","Lambeth council","2016-04-03",8,5.5564723158248,0,0,0,0,0,0,0,0,0,0,0,0,0,0,0,0,0,0,0,0,0,0,0,0,0,0,0,0,0,0,0,0,"pov"
"pcs_union/2016-04-09","2016-04-09","pcs_union","Organised","Protest","Before event day","Yes","No","No","No","No","Public space","Oppose public sector job losses","1000s","march","Sheffield","2016-03-22",5,4.21255195144919,0,0,0,0,0,0,0,0,0,0,0,0,0,0,0,0,0,0,0,0,0,0,0,0,0,0,0,0,0,0,0,0,"pov"
"SaveSwinLibrary/2016-04-14","2016-04-14","SaveSwinLibrary","Organised","Protest","Before event day","Yes","No","No","No","No","Political site","Oppose library cuts","","demonstration","outside Civil offices","2016-04-11",4,2.65316023717273,0,0,0,0,0,0,0,0,0,0,0,0,0,0,0,0,0,0,0,0,0,0,0,0,0,0,0,0,0,0,0,0,"pov"
"ukstreetangels/2016-04-15","2016-04-15","ukstreetangels","Organised","Protest","Before event day","Yes","No","No","No","No","Public space","March with the Homeless","","march","Piccadilly Gardens","2016-03-22",5,4.14558446407318,0,0,0,0,0,0,0,0,0,0,0,0,0,0,0,0,0,0,0,0,0,0,0,0,0,0,0,0,0,0,0,0,"pov"
"campaigncc, CNDuk, frackfreelancs/2016-04-16","2016-04-16","campaigncc, CNDuk, frackfreelancs","Participated, Participated, Participated","Protest","Before event day","Yes","No","No","No","No","Public space","4 demands demo, people not trident, welfare not warfare, march for health homes jobs and education","","demonstration","Gower Street","2016-04-01",8,4.63856881057745,0,0,0,0,0,0,0,0,0,0,0,0,0,0,0,0,0,0,0,0,0,0,0,0,0,0,0,0,0,0,0,0,"env"
"ASLEFunion, fbunational, keepnhspublic, OccupyLondon, pcs_union, pplsassembly, SistersUncut, unitetheunion/2016-04-16","2016-04-16","ASLEFunion, fbunational, keepnhspublic, OccupyLondon, pcs_union, pplsassembly, SistersUncut, unitetheunion","Participated, Participated, Participated, Participated, Participated, Organised, Participated, Participated","Protest","Before event day","Yes","No","No","No","No","Public space","Health, Homes, Jobs & Education","10000","demonstration, march, protest","London","2016-02-27",101,73.8116434226218,15,13,9,8,4,0,6,0,5,0,0,0,0,0,0,0,0,0,4,0,4,0,5,0,0,0,0,0,0,0,0,0,"pov"
"UVWunion/2016-04-16","2016-04-16","UVWunion","Organised","Protest","Before event day","Yes","Yes","No","No","No","Company site","Oppose TU victimisation, living wage","","shut down stores","Top Shop, John Lewis","2016-04-07",55,44.557757929029,1,0,1,0,1,0,0,0,0,0,0,0,0,0,0,0,0,0,0,0,0,0,0,0,0,0,0,0,0,0,0,0,"pov"
"GreenpeaceUK/2016-04-18","2016-04-18","GreenpeaceUK","Organised","Protest","After event","No","No","No","Yes","No","Public space","Clean air now","","put mask on Nelson's column","Trafalgar square","2016-04-18",4,1.77794087663634,23,23,23,23,5,1,6,1,1,1,1,1,2,2,0,2,0,0,5,1,6,1,1,1,1,1,2,2,0,2,0,0,"env"
"FrackFreeScarb/2016-04-19","2016-04-19","FrackFreeScarb","Organised","Protest","On day, before event","No","No","No","No","No","Political site","Oppose fracking","","protest","Driffield town hall","2016-04-19",3,1.73773311078548,0,0,0,0,0,0,0,0,0,0,0,0,0,0,0,0,0,0,0,0,0,0,0,0,0,0,0,0,0,0,0,0,"env"
"moveyourmoneyuk/2016-04-22","2016-04-22","moveyourmoneyuk","Organised","Protest","Before event day","Yes","No","No","Yes","No","Company site","Move money out of HSBC","","creative, visual action","HSBC AGM","2016-04-21",8,3.28833641106493,0,0,0,0,0,0,0,0,0,0,0,0,0,0,0,0,0,0,0,0,0,0,0,0,0,0,0,0,0,0,0,0,"pov"
"keepnhspublic, pcs_union, TheBMA/2016-04-26","2016-04-26","keepnhspublic, pcs_union, TheBMA","Participated, Participated, Organised","Both","Before event day","Yes","No","No","No","No","Public space","junior doctor strike, solidarity demo with doctors and teachers","","demonstration, withdrawal of labour","London","2016-03-23",19,8.98271614658816,247,227,91,89,33,8,29,1,8,11,17,0,18,18,4,18,3,79,31,8,23,1,7,11,16,0,16,16,3,18,3,74,"pov"
"SistersUncut/2016-04-27","2016-04-27","SistersUncut","Organised","Protest","Before event day","No","No","No","No","No","Other","Oppose new prison plans","","protest","Holloway prison","2016-04-26",4,1.61930102109909,0,0,0,0,0,0,0,0,0,0,0,0,0,0,0,0,0,0,0,0,0,0,0,0,0,0,0,0,0,0,0,0,"pov"
"pcs_union/2016-04-28","2016-04-28","pcs_union","Organised","Strike","Before event day","No","No","No","No","No","Other","Wale national museum strike","","strike","","2016-04-26",3,1.68812289047043,0,0,0,0,0,0,0,0,0,0,0,0,0,0,0,0,0,0,0,0,0,0,0,0,0,0,0,0,0,0,0,0,"pov"
"pcs_union/2016-04-30","2016-04-30","pcs_union","Participated","Protest","Before event day","Yes","No","No","No","No","Public space","International workers day, may day","","rally","Manchester, across the UK","2016-04-28",3,1.71546298265457,0,0,0,0,0,0,0,0,0,0,0,0,0,0,0,0,0,0,0,0,0,0,0,0,0,0,0,0,0,0,0,0,"pov"
"ASLEFunion, EquityUK/2016-05-01","2016-05-01","ASLEFunion, EquityUK","Organised, Participated","Protest","Before event day","Yes","No","No","No","No","Public space","May day, fight austerity, defend TUs","","march, rally","","2016-04-12",22,13.0308951364192,0,0,0,0,0,0,0,0,0,0,0,0,0,0,0,0,0,0,0,0,0,0,0,0,0,0,0,0,0,0,0,0,"pov"
"reclaimthepower/2016-05-03","2016-05-03","reclaimthepower","Organised","Protest","Before event day","No","Yes","No","No","No","Company site","End coal","300","barricade, shut down","Ffos-y-fran near Merthyr Tydfil, coal mine","2016-04-28",10,3.26531761466493,3,3,3,3,0,0,2,0,0,0,0,0,0,1,0,0,0,0,0,0,2,0,0,0,0,0,0,1,0,0,0,0,"env"
"radicalhousing/2016-05-03","2016-05-03","radicalhousing","Participated","Protest","Before event day","Yes","No","No","No","No","Public space","Oppose housing bill","","demonstration, lobby","outside Parliament","2016-05-02",4,3.25588887929916,0,0,0,0,0,0,0,0,0,0,0,0,0,0,0,0,0,0,0,0,0,0,0,0,0,0,0,0,0,0,0,0,"pov"
"campaigncc/2016-05-07","2016-05-07","campaigncc","Organised","Protest","Before event day","Yes","No","No","No","No","Public space","Going Backwards","","march","London, Bristol, Leeds, Leicester, Notts, Manchester, York, Sidmouth","2016-04-27",6,2.25766299664974,0,0,0,0,0,0,0,0,0,0,0,0,0,0,0,0,0,0,0,0,0,0,0,0,0,0,0,0,0,0,0,0,"env"
"pcs_union/2016-05-07","2016-05-07","pcs_union","Participated","Protest","Before event day","Yes","No","No","No","No","Public space","May day","","march, rally","Edinburgh","2016-04-30",3,2.50234937667847,0,0,0,0,0,0,0,0,0,0,0,0,0,0,0,0,0,0,0,0,0,0,0,0,0,0,0,0,0,0,0,0,"pov"
"UVWunion/2016-05-07","2016-05-07","UVWunion","Organised","Protest","After event","No","Yes","No","No","No","Other","Barbican protest (cleaners rights)","","occupation","Barbican","2016-05-07",2,1.7763267159462,0,0,0,0,0,0,0,0,0,0,0,0,0,0,0,0,0,0,0,0,0,0,0,0,0,0,0,0,0,0,0,0,"pov"
"OccupyLondon/2016-05-07","2016-05-07","OccupyLondon","Participated","Protest","Before event day","Yes","No","No","No","No","Public space","Demo for democracy, make votes matter","","demonstration","","2016-04-16",4,2.02527710795403,0,0,0,0,0,0,0,0,0,0,0,0,0,0,0,0,0,0,0,0,0,0,0,0,0,0,0,0,0,0,0,0,"pov"
"campaigncc, GreenpeaceUK, planestupid/2016-05-08","2016-05-08","campaigncc, GreenpeaceUK, planestupid","Organised, Participated, Participated","Protest","Before event day","Yes","No","No","No","No","Public space","Going backwards","","protest, march"," London, Bristol,Leicester, Leeds, Nottingham & Manchester","2016-03-09",97,16.6411506185648,0,0,0,0,0,0,0,0,0,0,0,0,0,0,0,0,0,0,0,0,0,0,0,0,0,0,0,0,0,0,0,0,"env"
"SistersUncut/2016-05-09","2016-05-09","SistersUncut","Organised","Protest","Before event day","Yes","No","No","No","No","Political site","demand action on crumbling domestic violence services","","action, picket","City Hall","2016-05-08",7,3.66845799639742,0,0,0,0,0,0,0,0,0,0,0,0,0,0,0,0,0,0,0,0,0,0,0,0,0,0,0,0,0,0,0,0,"pov"
"NASUWT/2016-05-10","2016-05-10","NASUWT","Organised","Strike","Before event day","No","No","No","No","No","Other","Swinton High School strike, redundancies","","strike","Swinton High School in Salford","2016-05-09",2,0.953470663,0,0,0,0,0,0,0,0,0,0,0,0,0,0,0,0,0,0,0,0,0,0,0,0,0,0,0,0,0,0,0,0,"pov"
"UVWunion/2016-05-14","2016-05-14","UVWunion","Organised","Protest","Before event day","Yes","Yes","No","No","No","Company site","Oppose top shop victimisation","","shut down store, egg thrown","Top shop, Oxford street","2016-04-27",46,35.5211484505813,3,3,3,3,2,0,0,0,0,1,0,0,0,0,0,0,0,0,2,0,0,0,0,1,0,0,0,0,0,0,0,0,"pov"
"ArtNotOil/2016-05-18","2016-05-18","ArtNotOil","Organised","Protest","After event","No","No","No","Yes","No","Public space","drop BP, ROH Frankenstein, undead intervention","<10","undead intervention","Trafalgar Square","2016-05-18",2,0.780089236700195,0,0,0,0,0,0,0,0,0,0,0,0,0,0,0,0,0,0,0,0,0,0,0,0,0,0,0,0,0,0,0,0,"env"
"pcs_union/2016-05-19","2016-05-19","pcs_union","Organised","Strike","Before event day","No","No","No","No","No","Other","BIS strike, job losses and office closure","","strike","","2016-05-13",5,2.4338007569313,0,0,0,0,0,0,0,0,0,0,0,0,0,0,0,0,0,0,0,0,0,0,0,0,0,0,0,0,0,0,0,0,"pov"
"F_F_Ryedale, FrackFreeScarb/2016-05-20","2016-05-20","F_F_Ryedale, FrackFreeScarb","Participated, Organised","Protest","Before event day","Yes","No","No","No","No","Public space","Oppose fracking, planning meeting","1000s","protest","Northallerton","2016-05-06",16,3.88413995441703,1,1,0,0,0,0,0,0,0,0,0,0,0,1,0,0,0,0,0,0,0,0,0,0,0,0,0,1,0,0,0,0,"env"
"unitetheunion/2016-05-24","2016-05-24","unitetheunion","Organised","Strike","On day, before event","No","No","No","No","No","Other","Bus strike","","strike","","2016-05-24",9,6.21543505776556,0,0,0,0,0,0,0,0,0,0,0,0,0,0,0,0,0,0,0,0,0,0,0,0,0,0,0,0,0,0,0,0,"pov"
"bectu/2016-05-25","2016-05-25","bectu","Organised","Strike","Before event day","No","No","No","No","No","Other","Rio cinema staff strike","","strike","","2016-05-11",9,6.66053316713544,0,0,0,0,0,0,0,0,0,0,0,0,0,0,0,0,0,0,0,0,0,0,0,0,0,0,0,0,0,0,0,0,"pov"
"pcs_union/2016-05-25","2016-05-25","pcs_union","Participated","Protest","Before event day","Yes","No","No","No","No","Public space","Anti racism day","","rally","London","2016-05-17",9,6.04562790252042,0,0,0,0,0,0,0,0,0,0,0,0,0,0,0,0,0,0,0,0,0,0,0,0,0,0,0,0,0,0,0,0,"pov"
"nusuk, theRCN/2016-05-25","2016-05-25","nusuk, theRCN","Participated, Organised","Protest","Before event day","Yes","No","No","No","No","Public space","Bursary or bust","","rally","Westminster","2016-05-04",25,8.85298348594926,0,0,0,0,0,0,0,0,0,0,0,0,0,0,0,0,0,0,0,0,0,0,0,0,0,0,0,0,0,0,0,0,"pov"
"unitetheunion/2016-05-25","2016-05-25","unitetheunion","Organised","Protest","Before event day","Yes","No","No","No","No","Public space","Save our steel","","march","London","2016-05-19",4,2.50546929281023,2,2,2,2,0,0,0,1,0,0,0,0,0,1,0,0,0,0,0,0,0,1,0,0,0,0,0,1,0,0,0,0,"pov"
"UCL_UCU/2016-05-25","2016-05-25","UCL_UCU","Organised","Strike","Before event day","No","No","No","No","No","Other","University strike","","picket, strike","UCL","2016-05-24",2,1.13519024824728,6,4,1,1,3,0,1,0,0,0,1,0,0,1,0,0,0,0,1,0,1,0,0,0,1,0,0,1,0,0,0,0,"pov"
"UCL_UCU/2016-05-26","2016-05-26","UCL_UCU","Organised","Strike","Before event day","No","No","No","No","No","Other","University strike","","strike","UCL","2016-05-25",5,2.70601178735982,5,4,2,2,5,0,0,0,0,0,0,0,0,0,0,0,0,0,4,0,0,0,0,0,0,0,0,0,0,0,0,0,"pov"
"keepnhspublic, MidwivesRCM, theRCN/2016-06-04","2016-06-04","keepnhspublic, MidwivesRCM, theRCN","Organised, Participated, Organised","Protest","Before event day","Yes","No","No","No","No","Public space","Save the NHS bursary","","march","London","2016-05-10",31,25.7079916675428,0,0,0,0,0,0,0,0,0,0,0,0,0,0,0,0,0,0,0,0,0,0,0,0,0,0,0,0,0,0,0,0,"pov"
"CNDuk/2016-06-06","2016-06-06","CNDuk","Organised","Protest","Before event day","No","No","No","No","No","Company site","Stop trident","","action","AWE Burghfield","2016-06-04",5,1.61650689661255,0,0,0,0,0,0,0,0,0,0,0,0,0,0,0,0,0,0,0,0,0,0,0,0,0,0,0,0,0,0,0,0,"env"
"unitetheunion/2016-06-06","2016-06-06","unitetheunion","Organised","Protest","On day, before event","Yes","No","No","No","No","Company site","Reinstate Robert (fair tips activist), unfair dismissal","","protest","ME hotel","2016-06-06",9,6.95482337474728,0,0,0,0,0,0,0,0,0,0,0,0,0,0,0,0,0,0,0,0,0,0,0,0,0,0,0,0,0,0,0,0,"pov"
"SistersUncut/2016-06-07","2016-06-07","SistersUncut","Organised","Protest","Before event day","Yes","Yes","No","No","No","Political site","Dead women can't vote","","chain on, protest","Parliament","2016-06-04",3,2.37691056728363,0,0,0,0,0,0,0,0,0,0,0,0,0,0,0,0,0,0,0,0,0,0,0,0,0,0,0,0,0,0,0,0,"pov"
"UVWunion/2016-06-08","2016-06-08","UVWunion","Organised","Strike","Before event day","No","No","No","No","No","Other","Cleaners strike","","strike, picket","100 Wood Street","2016-06-03",4,3.51585000753403,0,0,0,0,0,0,0,0,0,0,0,0,0,0,0,0,0,0,0,0,0,0,0,0,0,0,0,0,0,0,0,0,"pov"
"pcs_union/2016-06-09","2016-06-09","pcs_union","Organised","Both","Before event day","Yes","No","No","No","No","Public space","National Museum Wales strike","","rally","Cardiff","2016-06-08",3,1.76334437727928,0,0,0,0,0,0,0,0,0,0,0,0,0,0,0,0,0,0,0,0,0,0,0,0,0,0,0,0,0,0,0,0,"pov"
"UVWunion/2016-06-10","2016-06-10","UVWunion","Organised","Both","Before event day","Yes","No","No","No","No","Company site","Cleaners strike and protest","","strike, protest","100 Wood Street","2016-06-09",2,1.82656806707382,0,0,0,0,0,0,0,0,0,0,0,0,0,0,0,0,0,0,0,0,0,0,0,0,0,0,0,0,0,0,0,0,"pov"
"ClassWar2015/2016-06-14","2016-06-14","ClassWar2015","Organised","Protest","Before event day","Yes","No","No","No","No","Public space","Oppose 'property scum'","","noise demonstration","Berkeley Sq","2016-05-25",9,2.69270136207177,0,0,0,0,0,0,0,0,0,0,0,0,0,0,0,0,0,0,0,0,0,0,0,0,0,0,0,0,0,0,0,0,"pov"
"the_TUC/2016-06-14","2016-06-14","the_TUC","Organised","Protest","After event","No","No","No","No","No","Public space","NHS safer in (Brexit)","","rally","","2016-06-14",5,1.11373327643082,0,0,0,0,0,0,0,0,0,0,0,0,0,0,0,0,0,0,0,0,0,0,0,0,0,0,0,0,0,0,0,0,"pov"
"SaveSwinLibrary/2016-06-15","2016-06-15","SaveSwinLibrary","Organised","Protest","Before event day","Yes","No","No","No","No","Political site","Oppose cuts to libraries","","demonstration","Civic offices","2016-06-14",1,0.901267826557159,0,0,0,0,0,0,0,0,0,0,0,0,0,0,0,0,0,0,0,0,0,0,0,0,0,0,0,0,0,0,0,0,"pov"
"pplsassembly/2016-06-17","2016-06-17","pplsassembly","Organised","Protest","Before event day","Yes","No","No","No","No","Public space","Safe passage for refugees","","rally","","2016-06-13",2,1.73073250055313,0,0,0,0,0,0,0,0,0,0,0,0,0,0,0,0,0,0,0,0,0,0,0,0,0,0,0,0,0,0,0,0,"pov"
"UVWunion/2016-06-21","2016-06-21","UVWunion","Organised","Protest","On day, before event","Yes","No","No","No","No","Company site","Demand living wage, oppose job cuts","","demonstration","100 Wood Street","2016-06-21",5,2.98882602155209,0,0,0,0,0,0,0,0,0,0,0,0,0,0,0,0,0,0,0,0,0,0,0,0,0,0,0,0,0,0,0,0,"pov"
"fbunational/2016-06-25","2016-06-25","fbunational","Participated","Protest","Before event day","Yes","No","No","No","No","Public space","Pride","","march","London","2016-06-14",2,1.17422232031822,0,0,0,0,0,0,0,0,0,0,0,0,0,0,0,0,0,0,0,0,0,0,0,0,0,0,0,0,0,0,0,0,"pov"
"FocusE15/2016-06-27","2016-06-27","FocusE15","Organised","Protest","Before event day","Yes","No","No","No","No","Political site","Oppose poor housing conditions","","protest","Waltham Forest council’s housing office, Cedar House","2016-06-24",2,1.68202716112137,0,0,0,0,0,0,0,0,0,0,0,0,0,0,0,0,0,0,0,0,0,0,0,0,0,0,0,0,0,0,0,0,"pov"
"UVWunion/2016-06-29","2016-06-29","UVWunion","Organised","Both","Before event day","Yes","No","No","No","No","Company site","cleaners strike","","protest, strike","100 wood street","2016-06-27",2,1.33588108420372,0,0,0,0,0,0,0,0,0,0,0,0,0,0,0,0,0,0,0,0,0,0,0,0,0,0,0,0,0,0,0,0,"pov"
"TridentPlough/2016-06-30","2016-06-30","TridentPlough","Organised","Protest","Before event day","Yes","No","No","No","No","Company site","Stop trident","","protest","AWE Burghfield","2016-06-18",2,0.812628769,0,0,0,0,0,0,0,0,0,0,0,0,0,0,0,0,0,0,0,0,0,0,0,0,0,0,0,0,0,0,0,0,"env"
"UCL_UCU/2016-07-05","2016-07-05","UCL_UCU","Organised","Strike","Before event day","No","No","No","No","No","Other","Fair pay in Higher Education, UCL strike","","strike, picket","UCL","2016-07-03",4,2.63711311627982,0,0,0,0,0,0,0,0,0,0,0,0,0,0,0,0,0,0,0,0,0,0,0,0,0,0,0,0,0,0,0,0,"pov"
"CNDuk/2016-07-06","2016-07-06","CNDuk","Participated","Protest","Before event day","No","No","No","No","No","Unknown","Chilcot protest","","protest","","2016-07-01",5,4.61230742959055,0,0,0,0,0,0,0,0,0,0,0,0,0,0,0,0,0,0,0,0,0,0,0,0,0,0,0,0,0,0,0,0,"env"
"SistersUncut/2016-07-09","2016-07-09","SistersUncut","Organised","Protest","Before event day","Yes","No","No","No","No","Public space","fight for social housing","","action","Hackney Town hall","2016-07-07",5,3.60774868749042,1,1,0,0,0,0,1,0,0,0,0,0,0,0,0,0,0,0,0,0,1,0,0,0,0,0,0,0,0,0,0,0,"pov"
"NASUWT, pcs_union/2016-07-09","2016-07-09","NASUWT, pcs_union","Participated, Participated","Protest","Before event day","Yes","No","No","No","No","Public space","Durham Gala","150000","","Durham","2016-06-30",11,2.8275710195303,0,0,0,0,0,0,0,0,0,0,0,0,0,0,0,0,0,0,0,0,0,0,0,0,0,0,0,0,0,0,0,0,"pov"
"keepnhspublic/2016-07-13","2016-07-13","keepnhspublic","Organised","Protest","Before event day","Yes","No","No","No","No","Public space","Oppose NHS Bill","","Rally","outside Parliament","2016-07-08",3,1.45672497936832,0,0,0,0,0,0,0,0,0,0,0,0,0,0,0,0,0,0,0,0,0,0,0,0,0,0,0,0,0,0,0,0,"pov"
"ClassWar2015/2016-07-15","2016-07-15","ClassWar2015","Organised","Protest","Before event day","Yes","No","No","No","No","Political site","Oppose Boris Johnson","","march, 'arrest politician'","Politician's home","2016-07-04",8,2.84341577400124,3,3,3,3,1,0,0,0,0,0,1,0,1,0,0,0,0,0,1,0,0,0,0,0,1,0,1,0,0,0,0,0,"pov"
"pcs_union, pplsassembly/2016-07-16","2016-07-16","pcs_union, pplsassembly","Participated, Organised","Protest","Before event day","Yes","No","No","No","No","Public space","Oppose racism","","demonstration","London, Glasgow","2016-07-08",21,11.3323673978539,1,1,0,0,0,0,0,0,0,0,1,0,0,0,0,0,0,0,0,0,0,0,0,0,1,0,0,0,0,0,0,0,"pov"
"CNDuk/2016-07-18","2016-07-18","CNDuk","Organised","Protest","Before event day","No","No","No","No","No","Unknown","Stop trident","","protest","","2016-07-09",18,3.10246864029129,1,1,1,1,0,0,0,0,1,0,0,0,0,0,0,0,0,0,0,0,0,0,1,0,0,0,0,0,0,0,0,0,"env"
"unitetheunion/2016-07-23","2016-07-23","unitetheunion","Organised","Protest","Before event day","Yes","No","No","No","No","Public space","save council services","","march","Bromley","2016-07-12",8,6.20088462559515,0,0,0,0,0,0,0,0,0,0,0,0,0,0,0,0,0,0,0,0,0,0,0,0,0,0,0,0,0,0,0,0,"pov"
"pcs_union/2016-07-25","2016-07-25","pcs_union","Organised","Strike","Before event day","No","No","No","No","No","Other","HMRC cleaners strike","","strike","","2016-07-20",5,2.99864339878409,1,1,1,1,0,0,1,0,0,0,0,0,0,0,0,0,0,0,0,0,1,0,0,0,0,0,0,0,0,0,0,0,"pov"
"unitetheunion/2016-07-26","2016-07-26","unitetheunion","Organised","Strike","Before event day","No","No","No","No","No","Other","Oil workers strike, Bus strike","","strike, strike","","2016-07-20",3,1.44900632685272,1,1,0,0,0,0,0,0,0,0,0,0,1,0,0,0,0,0,0,0,0,0,0,0,0,0,1,0,0,0,0,0,"pov"
"UVWunion/2016-07-27","2016-07-27","UVWunion","Organised","Both","Before event day","Yes","No","No","No","No","Company site","day 50 of strike demo","","demonstration, strike","100 Wood Street","2016-07-25",3,2.04164588460324,0,0,0,0,0,0,0,0,0,0,0,0,0,0,0,0,0,0,0,0,0,0,0,0,0,0,0,0,0,0,0,0,"pov"
"Dis_PPL_Protest/2016-07-27","2016-07-27","Dis_PPL_Protest","Organised","Protest","Before event day","Yes","No","No","No","No","Public space","Defend Disabled People’s Rights and Benefits","","protest","Norwich","2016-07-25",2,1.44452941417694,0,0,0,0,0,0,0,0,0,0,0,0,0,0,0,0,0,0,0,0,0,0,0,0,0,0,0,0,0,0,0,0,"pov"
"UVWunion/2016-07-29","2016-07-29","UVWunion","Organised","Both","Before event day","Yes","No","No","No","No","Company site","day 52 of strike protest","","demonstration, strike","100 Wood Street","2016-06-27",2,1.67481637001038,2,2,2,2,1,0,0,0,0,0,1,0,0,0,0,0,0,0,1,0,0,0,0,0,1,0,0,0,0,0,0,0,"pov"
"campaigncc, F_F_Ryedale, FrackFreeScarb, reclaimthepower/2016-07-30","2016-07-30","campaigncc, F_F_Ryedale, FrackFreeScarb, reclaimthepower","Participated, Participated, Participated, Participated","Protest","Before event day","Yes","No","No","No","No","Public space","Oppose fracking","1000s","demonstration, march, rally","York","2016-07-11",88,67.3278117949904,0,0,0,0,0,0,0,0,0,0,0,0,0,0,0,0,0,0,0,0,0,0,0,0,0,0,0,0,0,0,0,0,"env"
"GreenpeaceUK/2016-08-11","2016-08-11","GreenpeaceUK","Organised","Protest","After event","No","No","No","Yes","No","Company site","Save the Amazon","c. 20","Indigenous People & 15 spider monkeys outside Siemens HQ","Siemens HQ","2016-08-11",4,0.739310641,0,0,0,0,0,0,0,0,0,0,0,0,0,0,0,0,0,0,0,0,0,0,0,0,0,0,0,0,0,0,0,0,"env"
"We_OwnIt/2016-08-16","2016-08-16","We_OwnIt","Organised","Protest","Before event day","Yes","No","No","No","No","Public space","Oppose rail privatisation","","protest","London Bridge","2016-08-15",3,1.75878478558664,6,6,6,6,0,0,5,0,0,0,0,0,0,0,0,0,1,0,0,0,4,0,0,0,0,0,0,0,0,1,1,0,"pov"
"unitetheunion/2016-08-23","2016-08-23","unitetheunion","Organised","Protest","Before event day","Yes","No","No","No","No","Public space","speak out against exploitative practices, hotel workers","","protest","near London Eye","2016-08-22",6,4.67405039072037,0,0,0,0,0,0,0,0,0,0,0,0,0,0,0,0,0,0,0,0,0,0,0,0,0,0,0,0,0,0,0,0,"pov"
"UVWunion/2016-08-26","2016-08-26","UVWunion","Participated","Strike","On day, before event","No","No","No","No","No","Other","UberEats strike","","strike, picket","","2016-08-26",5,4.07402789592743,4,4,2,2,3,0,0,0,0,0,0,0,0,0,1,0,0,0,3,0,0,0,0,0,0,0,0,0,1,0,0,0,"pov"
"EquityUK/2016-08-27","2016-08-27","EquityUK","Participated","Protest","Before event day","Yes","No","No","No","No","Public space","Pride","","march","Manchester","2016-08-10",5,1.79172415279077,0,0,0,0,0,0,0,0,0,0,0,0,0,0,0,0,0,0,0,0,0,0,0,0,0,0,0,0,0,0,0,0,"pov"
"pcs_union/2016-09-04","2016-09-04","pcs_union","Participated","Protest","Before event day","Yes","No","No","No","No","Public space","Burston strike school rally","","rally","Norfolk","2016-08-31",2,1.57462203502655,0,0,0,0,0,0,0,0,0,0,0,0,0,0,0,0,0,0,0,0,0,0,0,0,0,0,0,0,0,0,0,0,"pov"
"unisontheunion/2016-09-06","2016-09-06","unisontheunion","Organised","Strike","Before event day","No","No","No","No","No","Other","FE workers strike","","","Scotland","2016-09-02",2,1.47002702951431,0,0,0,0,0,0,0,0,0,0,0,0,0,0,0,0,0,0,0,0,0,0,0,0,0,0,0,0,0,0,0,0,"pov"
"Dis_PPL_Protest/2016-09-07","2016-09-07","Dis_PPL_Protest","Organised","Protest","After event","No","Yes","No","No","No","Public space","Rights not Games, oppose cuts","","shut down, protest","Westminster bridge","2016-09-07",7,3.55636818706989,2,2,2,2,1,0,0,0,1,0,0,0,0,0,0,0,0,0,1,0,0,0,1,0,0,0,0,0,0,0,0,0,"pov"
"unitetheunion/2016-09-15","2016-09-15","unitetheunion","Organised","Strike","Before event day","No","No","No","No","No","Other","Post office strike","","strike","","2016-09-08",6,3.30196582478484,1,1,0,0,0,0,0,0,0,1,0,0,0,0,0,0,0,0,0,0,0,0,0,1,0,0,0,0,0,0,0,0,"pov"
"SistersUncut/2016-09-16","2016-09-16","SistersUncut","Organised","Protest","Before event day","Yes","No","No","No","No","Political site","Oppose prison and detention centres","","noisy, direct action","Downing street","2016-09-14",2,1.30907845497131,0,0,0,0,0,0,0,0,0,0,0,0,0,0,0,0,0,0,0,0,0,0,0,0,0,0,0,0,0,0,0,0,"pov"
"friends_earth/2016-09-17","2016-09-17","friends_earth","Participated","Protest","After event","No","No","No","No","No","Public space","climate refugees welcome","","march","","2016-09-17",2,0.936020931228996,0,0,0,0,0,0,0,0,0,0,0,0,0,0,0,0,0,0,0,0,0,0,0,0,0,0,0,0,0,0,0,0,"env"
"ActionAidUK, CitizensUK/2016-09-17","2016-09-17","ActionAidUK, CitizensUK","Organised, Participated","Protest","Before event day","Yes","No","No","No","No","Public space","Refugees Welcome","1000s","march","London","2016-07-01",29,25.6450973745855,0,0,0,0,0,0,0,0,0,0,0,0,0,0,0,0,0,0,0,0,0,0,0,0,0,0,0,0,0,0,0,0,"pov"
"SistersUncut/2016-09-18","2016-09-18","SistersUncut","Organised","Protest","On day, before event","Yes","Yes","No","No","No","Public space","Keeping promises saves lives, domestic violence services","","march, scaled building, direct action","Hackney, town hall","2016-09-18",2,1.61717826128006,0,0,0,0,0,0,0,0,0,0,0,0,0,0,0,0,0,0,0,0,0,0,0,0,0,0,0,0,0,0,0,0,"pov"
"campaigncc/2016-09-19","2016-09-19","campaigncc","Organised","Protest","Before event day","Yes","No","No","No","No","Embassy","No DAPL solidarity protest","","protest","US embassy","2016-09-18",2,1.43920600414276,0,0,0,0,0,0,0,0,0,0,0,0,0,0,0,0,0,0,0,0,0,0,0,0,0,0,0,0,0,0,0,0,"env"
"GreenpeaceUK/2016-09-24","2016-09-24","GreenpeaceUK","Organised","Protest","After event","No","No","No","Yes","No","Company site","drop unsustainable John West tuna","","cleared supermarket shelves of product","Sainsbury stores","2016-09-24",3,0.953470810861633,0,0,0,0,0,0,0,0,0,0,0,0,0,0,0,0,0,0,0,0,0,0,0,0,0,0,0,0,0,0,0,0,"env"
"planestupid, reclaimthepower/2016-10-01","2016-10-01","planestupid, reclaimthepower","Participated, Organised","Protest","After event","No","Yes","No","Yes","No","Other","Stop airport expansion, Stop airport expansion, Stop airport expansion","100s","die in, cycling and banner drop, obstructed traffic, flash mob picnic protest","Heathrow, near Harmondsworth Detention Centre, Gatwick","2016-10-01",31,11.9014266700094,2,2,2,2,0,0,1,0,0,1,0,0,0,0,0,0,0,0,0,0,1,0,0,1,0,0,0,0,0,0,0,0,"env"
"campaigncc/2016-10-02","2016-10-02","campaigncc","Participated","Protest","Before event day","Yes","No","No","No","No","Public space","Tory conference protest, oppose Hinkley, solar cuts, fracking","","protest, demonstration","Birmingham","2016-09-15",15,12.1978415250778,0,0,0,0,0,0,0,0,0,0,0,0,0,0,0,0,0,0,0,0,0,0,0,0,0,0,0,0,0,0,0,0,"env"
"fbunational, pcs_union, pplsassembly, unitetheunion/2016-10-02","2016-10-02","fbunational, pcs_union, pplsassembly, unitetheunion","Participated, Organised, Organised, Participated","Protest","Before event day","Yes","No","No","No","No","Public space","Tories out, austerity has failed, Tory party conference","","rally, demonstration","Birmingham","2016-08-18",49,38.0637222316639,5,5,4,4,0,0,0,0,2,0,0,0,0,0,0,0,0,3,0,0,0,0,2,0,0,0,0,0,0,0,0,3,"pov"
"unitetheunion/2016-10-07","2016-10-07","unitetheunion","Organised","Protest","Before event day","Yes","No","No","No","No","Company site","William Hill shame, oppose wage cuts","","protest","William Hill, Boar Lane","2016-09-22",36,6.97203703305952,0,0,0,0,0,0,0,0,0,0,0,0,0,0,0,0,0,0,0,0,0,0,0,0,0,0,0,0,0,0,0,0,"pov"
"TheCCoalition/2016-10-08","2016-10-08","TheCCoalition","Participated","Protest","Before event day","Yes","No","No","No","No","Unknown","climate change awareness","","action","Oxford, Manchester, Norwich, Cardiff & many more places","2016-09-08",13,0.899174139584323,0,0,0,0,0,0,0,0,0,0,0,0,0,0,0,0,0,0,0,0,0,0,0,0,0,0,0,0,0,0,0,0,"env"
"ClassWar2015/2016-10-08","2016-10-08","ClassWar2015","Organised","Protest","Before event day","Yes","Yes","No","No","No","Company site","Oppose foxtons estate agents and police corruption","","demonstration, shut down","Foxtons estate agents, Islington","2016-10-01",4,2.84004655480385,0,0,0,0,0,0,0,0,0,0,0,0,0,0,0,0,0,0,0,0,0,0,0,0,0,0,0,0,0,0,0,0,"pov"
"ClassWar2015/2016-10-09","2016-10-09","ClassWar2015","Organised","Protest","Before event day","Yes","No","No","No","No","Public space","Celebrate Cable Street victory","","rally","Whitechapel","2016-08-22",4,1.43195033818483,0,0,0,0,0,0,0,0,0,0,0,0,0,0,0,0,0,0,0,0,0,0,0,0,0,0,0,0,0,0,0,0,"pov"
"UVWunion/2016-10-14","2016-10-14","UVWunion","Organised","Protest","Before event day","Yes","No","No","No","No","Other","Justice for LSE cleaners, reinstate Alba","","demonstration","LSE","2016-10-12",3,2.45824807882309,0,0,0,0,0,0,0,0,0,0,0,0,0,0,0,0,0,0,0,0,0,0,0,0,0,0,0,0,0,0,0,0,"pov"
"unisontheunion/2016-10-15","2016-10-15","unisontheunion","Organised","Protest","After event","No","No","No","No","No","Public space","Kinsley Cand D cleaners","","rally","Barnsley","2016-10-15",2,0.976927213,0,0,0,0,0,0,0,0,0,0,0,0,0,0,0,0,0,0,0,0,0,0,0,0,0,0,0,0,0,0,0,0,"pov"
"campaigncc/2016-10-18","2016-10-18","campaigncc","Participated","Protest","Before event day","No","Yes","No","Yes","No","Company site","Oppose oil and money","","protest, disrupt, climate crime scene, symbolic walk of shame","London, oil conference, Intercontinental Hotel ","2016-10-07",3,0.982452992803987,0,0,0,0,0,0,0,0,0,0,0,0,0,0,0,0,0,0,0,0,0,0,0,0,0,0,0,0,0,0,0,0,"env"
"CoalActionUK/2016-10-19","2016-10-19","CoalActionUK","Participated","Protest","Before event day","Yes","No","No","No","No","Public space","Axe Drax","","demonstration","London","2016-10-13",1,0.872034668922424,0,0,0,0,0,0,0,0,0,0,0,0,0,0,0,0,0,0,0,0,0,0,0,0,0,0,0,0,0,0,0,0,"env"
"radicalhousing/2016-10-19","2016-10-19","radicalhousing","Organised","Protest","After event","No","Yes","No","No","No","Company site","anti MIPIM, property developers","","students in gowns ask for rent back, occupation","MIPIM, private student housing provider","2016-10-19",4,3.23520076313226,0,0,0,0,0,0,0,0,0,0,0,0,0,0,0,0,0,0,0,0,0,0,0,0,0,0,0,0,0,0,0,0,"pov"
"F_F_Ryedale, friends_earth/2016-10-24","2016-10-24","F_F_Ryedale, friends_earth","Participated, Participated","Protest","Before event day","Yes","No","No","No","No","Company site","Stop Barclays fracking","","action","local Barclays branch","2016-10-17",5,2.15310874919248,0,0,0,0,0,0,0,0,0,0,0,0,0,0,0,0,0,0,0,0,0,0,0,0,0,0,0,0,0,0,0,0,"env"
"HousingActionSL/2016-10-24","2016-10-24","HousingActionSL","Organised","Protest","Before event day","No","No","No","No","No","Public space","Oppose overcrowding in council homes","","action","Southward town hall","2016-10-23",7,3.09068148528103,0,0,0,0,0,0,0,0,0,0,0,0,0,0,0,0,0,0,0,0,0,0,0,0,0,0,0,0,0,0,0,0,"pov"
"planestupid/2016-10-25","2016-10-25","planestupid","Organised","Protest","After event","No","No","No","Yes","No","Public space","Oppose new runways, government announcement on third runway","","set up fake runway","outside Parliament","2016-10-25",8,5.15636548541656,1,1,1,1,0,0,0,0,0,0,0,0,0,1,0,0,0,0,0,0,0,0,0,0,0,0,0,1,0,0,0,0,"env"
"FocusE15/2016-10-28","2016-10-28","FocusE15","Organised","Protest","Before event day","Yes","No","No","No","No","Company site","Protest Against Theori Housing Management Ltd, poor conditions","","demonstration, protest","Theori Housing","2016-09-12",20,14.1676316263965,0,0,0,0,0,0,0,0,0,0,0,0,0,0,0,0,0,0,0,0,0,0,0,0,0,0,0,0,0,0,0,0,"pov"
"unitetheunion/2016-10-29","2016-10-29","unitetheunion","Organised","Protest","Before event day","Yes","No","No","No","No","Public space","oppose plans to close Children's Heart Unit","","march","Leicester","2016-10-24",14,11.1616759297741,0,0,0,0,0,0,0,0,0,0,0,0,0,0,0,0,0,0,0,0,0,0,0,0,0,0,0,0,0,0,0,0,"pov"
"Dis_PPL_Protest/2016-10-31","2016-10-31","Dis_PPL_Protest","Organised","Protest","Before event day","Yes","No","No","No","No","Public space","oppose MIND charity","","demonstration","","2016-10-21",9,6.92934048175812,0,0,0,0,0,0,0,0,0,0,0,0,0,0,0,0,0,0,0,0,0,0,0,0,0,0,0,0,0,0,0,0,"pov"
"unitetheunion/2016-10-31","2016-10-31","unitetheunion","Organised","Both","Before event day","No","No","No","No","No","Public space","Post office strike","","march","London","2016-10-24",4,2.6520461589098,0,0,0,0,0,0,0,0,0,0,0,0,0,0,0,0,0,0,0,0,0,0,0,0,0,0,0,0,0,0,0,0,"pov"
"bectu/2016-10-31","2016-10-31","bectu","Organised","Strike","Before event day","No","No","No","No","No","Other","Ritzy strike, demand living wage","","strike","","2016-10-27",4,2.20579350023566,0,0,0,0,0,0,0,0,0,0,0,0,0,0,0,0,0,0,0,0,0,0,0,0,0,0,0,0,0,0,0,0,"pov"
"reclaimthepower/2016-11-04","2016-11-04","reclaimthepower","Organised","Protest","After event","No","Yes","No","No","No","Other","Call out lack of investment in clean energy from big oil","","gatecrashed press conference","","2016-11-04",1,0.868341445922852,0,0,0,0,0,0,0,0,0,0,0,0,0,0,0,0,0,0,0,0,0,0,0,0,0,0,0,0,0,0,0,0,"env"
"pcs_union, SaveSwinLibrary, SistersUncut, unitetheunion/2016-11-05","2016-11-05","pcs_union, SaveSwinLibrary, SistersUncut, unitetheunion","Participated, Participated, Participated, Organised","Protest","Before event day","Yes","No","No","No","No","Public space","defend our libraries, museums & galleries","1000s","march, demonstration","London","2016-10-16",25,19.6608658137637,3,3,3,3,2,0,1,0,0,0,0,0,0,0,0,0,0,0,2,0,1,0,0,0,0,0,0,0,0,0,0,0,"pov"
"UVWunion/2016-11-05","2016-11-05","UVWunion","Organised","Protest","Before event day","Yes","No","No","No","No","Company site","demand justice for John Lewis cleaners","","demonstration","John Lewis","2016-10-25",12,8.7315871639115,0,0,0,0,0,0,0,0,0,0,0,0,0,0,0,0,0,0,0,0,0,0,0,0,0,0,0,0,0,0,0,0,"pov"
"PositiveActionH/2016-11-08","2016-11-08","PositiveActionH","Participated","Protest","Before event day","Yes","No","No","No","No","Political site","Oppose child refugee detention centre","","demonstration, protest","Council meeting, Renfrewshire Council","2016-10-27",4,3.32701766490936,0,0,0,0,0,0,0,0,0,0,0,0,0,0,0,0,0,0,0,0,0,0,0,0,0,0,0,0,0,0,0,0,"pov"
"pcs_union, unitetheunion/2016-11-09","2016-11-09","pcs_union, unitetheunion","Organised, Organised","Strike","Before event day","No","No","No","No","No","Other","EHRC strike, oppose cuts","","strike, picket","Glasgow, Manchester","2016-11-09",9,4.86081180742868,1,1,1,1,1,0,0,0,0,0,0,0,0,0,0,0,0,0,1,0,0,0,0,0,0,0,0,0,0,0,0,0,"pov"
"campaigncc, F_F_Ryedale, frackfreelancs, FrackFreeScarb/2016-11-12","2016-11-12","campaigncc, F_F_Ryedale, frackfreelancs, FrackFreeScarb","Participated, Participated, Organised, Participated","Protest","Before event day","Yes","No","No","No","No","Public space","Against fracking","100+","march, rally, demonstration","Manchester","2016-10-19",11,8.53587920934772,0,0,0,0,0,0,0,0,0,0,0,0,0,0,0,0,0,0,0,0,0,0,0,0,0,0,0,0,0,0,0,0,"env"
"campaigncc/2016-11-15","2016-11-15","campaigncc","Participated","Protest","Before event day","Yes","No","No","No","No","Embassy","Standing Rock solidarity protest","","protest","US embassy","2016-11-08",3,1.35669147968292,0,0,0,0,0,0,0,0,0,0,0,0,0,0,0,0,0,0,0,0,0,0,0,0,0,0,0,0,0,0,0,0,"env"
"Dis_PPL_Protest, OccupyLondon/2016-11-16","2016-11-16","Dis_PPL_Protest, OccupyLondon","Organised, Participated","Protest","Before event day","Yes","No","No","No","No","Public space","End welfare reform","","protest","Westminster","2016-11-10",32,22.8102718228668,1,1,0,0,0,0,1,0,0,0,0,0,0,0,0,0,0,0,0,0,1,0,0,0,0,0,0,0,0,0,0,0,"pov"
"campaigncc/2016-11-18","2016-11-18","campaigncc","Organised","Protest","Before event day","Yes","No","No","No","No","Embassy","mark end of COP22","","protest","US embassy","2016-11-16",5,2.5867387653641,0,0,0,0,0,0,0,0,0,0,0,0,0,0,0,0,0,0,0,0,0,0,0,0,0,0,0,0,0,0,0,0,"env"
"nusuk/2016-11-18","2016-11-18","nusuk","Organised","Protest","On day, before event","Yes","No","No","No","No","Public space","commit to funding FE and the teaching workforce, Autumn Statement day","","demonstration","","2016-11-18",7,2.97817426144503,0,0,0,0,0,0,0,0,0,0,0,0,0,0,0,0,0,0,0,0,0,0,0,0,0,0,0,0,0,0,0,0,"pov"
"nusuk/2016-11-19","2016-11-19","nusuk","Organised","Protest","Before event day","Yes","No","No","No","No","Public space","Higher education demo","","demonstration","","2016-10-12",20,12.4804481076638,3,2,2,1,2,0,1,0,0,0,0,0,0,0,0,0,0,0,1,0,1,0,0,0,0,0,0,0,0,0,0,0,"pov"
"SistersUncut/2016-11-20","2016-11-20","SistersUncut","Organised","Protest","Before event day","Yes","Yes","No","No","No","Public space","Oppose closure of refuges due to cuts","","blocked bridges","across the UK","2016-11-14",12,7.59391157310457,2,2,2,2,0,0,1,0,0,0,0,0,1,0,0,0,0,0,0,0,1,0,0,0,0,0,1,0,0,0,0,0,"pov"
"reclaimthepower/2016-11-24","2016-11-24","reclaimthepower","Organised","Protest","Before event day","Yes","No","No","Yes","No","Company site","Fuel poverty kills","","die in","EDF HQ","2016-11-16",6,3.20527564031603,0,0,0,0,0,0,0,0,0,0,0,0,0,0,0,0,0,0,0,0,0,0,0,0,0,0,0,0,0,0,0,0,"env"
"campaigncc/2016-11-25","2016-11-25","campaigncc","Organised","Protest","Before event day","Yes","No","No","No","No","Embassy","Trump protest","","protest","US embassy","2016-11-21",52,28.3062562528519,1,1,0,0,0,0,1,0,0,0,0,0,0,0,0,0,0,0,0,0,1,0,0,0,0,0,0,0,0,0,0,0,"env"
"NASUWT/2016-11-30","2016-11-30","NASUWT","Organised","Both","Before event day","Yes","No","No","No","No","Company site","Teacher strike for fair pay","","strike, rally","Europa hotel","2016-11-11",11,6.33139355581325,5,5,3,3,0,0,0,0,4,1,0,0,0,0,0,0,0,0,0,0,0,0,4,1,0,0,0,0,0,0,0,0,"pov"
"ClassWar2015/2016-11-30","2016-11-30","ClassWar2015","Organised","Protest","Before event day","No","No","No","No","No","Company site","Unproductives against the architect of social cleansing","","demonstration","architect office","2016-11-28",2,1.66991800069809,0,0,0,0,0,0,0,0,0,0,0,0,0,0,0,0,0,0,0,0,0,0,0,0,0,0,0,0,0,0,0,0,"pov"
"campaigncc/2016-12-01","2016-12-01","campaigncc","Organised","Protest","Before event day","Yes","No","No","No","No","Company site","Stand with Standing Rock, Defund DAPL","","creative peaceful intervention","London, HSBC, Barclays","2016-11-26",2,1.62248319387436,0,0,0,0,0,0,0,0,0,0,0,0,0,0,0,0,0,0,0,0,0,0,0,0,0,0,0,0,0,0,0,0,"env"
"UVWunion/2016-12-01","2016-12-01","UVWunion","Organised","Protest","Before event day","Yes","No","No","No","No","Other","LSE cleaners protest, demand dignity and equality","","protest","LSE","2016-11-30",3,1.6253838763512,0,0,0,0,0,0,0,0,0,0,0,0,0,0,0,0,0,0,0,0,0,0,0,0,0,0,0,0,0,0,0,0,"pov"
"UVWunion/2016-12-02","2016-12-02","UVWunion","Organised","Protest","Before event day","Yes","No","No","No","No","Other","LSE cleaners protest","","protest","LSE","2016-11-30",4,3.38578116893768,0,0,0,0,0,0,0,0,0,0,0,0,0,0,0,0,0,0,0,0,0,0,0,0,0,0,0,0,0,0,0,0,"pov"
"SaveSwinLibrary/2016-12-03","2016-12-03","SaveSwinLibrary","Organised","Protest","Before event day","Yes","No","No","Yes","No","Public space","Oppose library cuts","","read in, day of action","Highworth, Old Town","2016-11-30",1,0.925209999084473,0,0,0,0,0,0,0,0,0,0,0,0,0,0,0,0,0,0,0,0,0,0,0,0,0,0,0,0,0,0,0,0,"pov"
"reclaimthepower/2016-12-09","2016-12-09","reclaimthepower","Participated","Protest","Before event day","Yes","No","No","No","No","Public space","I am Tina Too, oppose fracking, solidarity with nana","","gathering","Preston","2016-11-14",4,0.862265707531125,0,0,0,0,0,0,0,0,0,0,0,0,0,0,0,0,0,0,0,0,0,0,0,0,0,0,0,0,0,0,0,0,"env"
"reclaimthepower/2016-12-12","2016-12-12","reclaimthepower","Organised","Protest","After event","No","Yes","No","No","No","Company site","Oppose coal burning","10","blockade","power station, Aberthaw, Wales","2016-12-12",1,0.903192281723022,0,0,0,0,0,0,0,0,0,0,0,0,0,0,0,0,0,0,0,0,0,0,0,0,0,0,0,0,0,0,0,0,"env"
"HousingActionSL/2016-12-13","2016-12-13","HousingActionSL","Participated","Protest","Before event day","Yes","No","No","No","No","Public space","demand action on overcrowding","","action","Southwark town hall","2016-12-08",4,2.33207800201788,0,0,0,0,0,0,0,0,0,0,0,0,0,0,0,0,0,0,0,0,0,0,0,0,0,0,0,0,0,0,0,0,"pov"
"CitizensUK/2016-12-13","2016-12-13","CitizensUK","Organised","Protest","Before event day","Yes","No","No","No","No","Public space","Restart the rescue, children of calais","","banner, speeches","outside Parliament","2016-12-08",5,2.19187498113394,0,0,0,0,0,0,0,0,0,0,0,0,0,0,0,0,0,0,0,0,0,0,0,0,0,0,0,0,0,0,0,0,"pov"
"unitetheunion/2016-12-15","2016-12-15","unitetheunion","Participated","Protest","Before event day","Yes","No","No","No","No","Public space","NHS rally","","rally","London","2016-12-12",6,3.88084998726845,2,2,1,1,1,0,0,0,0,0,0,0,1,0,0,0,0,0,1,0,0,0,0,0,0,0,1,0,0,0,0,0,"pov"
"campaigncc/2016-12-17","2016-12-17","campaigncc","Organised","Protest","Before event day","Yes","No","No","No","No","Public space","Christmas climate change rally, Paris treaty anniversary","","rally","Hackney Town Hall Square","2016-12-05",2,0.804050378501415,0,0,0,0,0,0,0,0,0,0,0,0,0,0,0,0,0,0,0,0,0,0,0,0,0,0,0,0,0,0,0,0,"env"
"unitetheunion/2016-12-17","2016-12-17","unitetheunion","Organised","Protest","Before event day","Yes","No","No","No","No","Public space","End zero hour contracts","","demonstration, march, rally","Sheffield","2016-12-17",2,1.73569047485306,0,0,0,0,0,0,0,0,0,0,0,0,0,0,0,0,0,0,0,0,0,0,0,0,0,0,0,0,0,0,0,0,"pov"
"bectu/2016-12-17","2016-12-17","bectu","Organised","Strike","Before event day","No","No","No","No","No","Other","Ritzy and HPH strike, living wage","","strike","","2016-12-16",2,1.29937076568604,0,0,0,0,0,0,0,0,0,0,0,0,0,0,0,0,0,0,0,0,0,0,0,0,0,0,0,0,0,0,0,0,"pov"
"ASLEFunion/2017-01-03","2017-01-03","ASLEFunion","Organised","Protest","Before event day","Yes","No","No","No","No","Unknown","Oppose high rail fares","","day of action","","2016-11-22",5,2.81217261390607,1,1,1,1,1,0,0,0,0,0,0,0,0,0,0,0,0,0,1,0,0,0,0,0,0,0,0,0,0,0,0,0,"pov"
"GreenpeaceUK/2017-01-06","2017-01-06","GreenpeaceUK","Organised","Protest","After event","No","No","No","Yes","No","Public space","Oppose illegal air pollution","","protest, Mary Poppins blimp","outside Parliament","2017-01-06",3,1.71772928535938,0,0,0,0,0,0,0,0,0,0,0,0,0,0,0,0,0,0,0,0,0,0,0,0,0,0,0,0,0,0,0,0,"env"
"frackfreelancs/2017-01-06","2017-01-06","frackfreelancs","Organised","Protest","Before event day","Yes","Yes","No","No","No","Company site","Ban fracking","","road block, disrupt","Preston New Road, Cuadrilla site","2017-01-05",3,1.1895151771605,0,0,0,0,0,0,0,0,0,0,0,0,0,0,0,0,0,0,0,0,0,0,0,0,0,0,0,0,0,0,0,0,"env"
"friends_earth/2017-01-07","2017-01-07","friends_earth","Organised","Protest","After event","No","No","No","No","No","Unknown","Protect Sherwood, no to INEOS","300","","","2017-01-07",1,0.776043713,0,0,0,0,0,0,0,0,0,0,0,0,0,0,0,0,0,0,0,0,0,0,0,0,0,0,0,0,0,0,0,0,"env"
"UVWunion/2017-01-07","2017-01-07","UVWunion","Organised","Protest","Before event day","Yes","No","No","No","Yes","Company site","Oppose Harrods stealing staff tips","","protest","Harrods","2016-12-24",10,4.25765644013882,5,5,2,2,1,0,2,0,0,0,1,0,0,1,0,0,0,0,1,0,2,0,0,0,1,0,0,1,0,0,0,0,"pov"
"frackfreelancs/2017-01-10","2017-01-10","frackfreelancs","Organised","Protest","After event","No","No","No","No","No","Unknown","Oppose fracking","","protest","","2017-01-10",3,2.54888212680817,0,0,0,0,0,0,0,0,0,0,0,0,0,0,0,0,0,0,0,0,0,0,0,0,0,0,0,0,0,0,0,0,"env"
"unitetheunion/2017-01-10","2017-01-10","unitetheunion","Organised","Strike","Before event day","No","No","No","No","No","Other","BA low pay no way","","strike","","2017-01-04",14,8.82054987570342,8,8,4,4,1,0,0,0,0,0,0,0,1,0,0,1,0,5,1,0,0,0,0,0,0,0,1,0,0,1,0,5,"pov"
"NASUWT/2017-01-10","2017-01-10","NASUWT","Organised","Strike","Before event day","No","No","No","No","No","Other","New Charter Academy strike, Whitehaven Academy strike, Tameside teachers strike","","strike, strike, strike","NA","2017-01-09",3,1.70173618186067,0,0,0,0,0,0,0,0,0,0,0,0,0,0,0,0,0,0,0,0,0,0,0,0,0,0,0,0,0,0,0,0,"pov"
"frackfreelancs/2017-01-11","2017-01-11","frackfreelancs","Organised","Protest","After event","No","Yes","No","No","No","Company site","","","stopped truck, slow walk","Cuadrilla site, Preston New Road","2017-01-11",2,0.92185565084219,0,0,0,0,0,0,0,0,0,0,0,0,0,0,0,0,0,0,0,0,0,0,0,0,0,0,0,0,0,0,0,0,"env"
"keepnhspublic/2017-01-12","2017-01-12","keepnhspublic","Organised","Protest","Before event day","Yes","No","No","No","No","Political site","Government ineptitude running NHS","","protest","Department of Health","2017-01-10",5,1.76799675099252,0,0,0,0,0,0,0,0,0,0,0,0,0,0,0,0,0,0,0,0,0,0,0,0,0,0,0,0,0,0,0,0,"pov"
"campaigncc, CNDuk, reclaimthepower/2017-01-20","2017-01-20","campaigncc, CNDuk, reclaimthepower","Participated, Participated, Participated","Protest","Before event day","Yes","No","No","No","No","Embassy","Oppose Trump","","protest","US embassy","2016-12-28",16,7.00041628257368,3,3,2,2,0,1,1,0,0,0,1,0,0,0,0,0,0,0,0,1,1,0,0,0,1,0,0,0,0,0,0,0,"env"
"CNDuk/2017-01-21","2017-01-21","CNDuk","Participated","Protest","Before event day","Yes","No","No","No","No","Embassy","Womens March, No Trump Arms Race","1000s","march","US embassy","2017-01-17",17,13.4440455046445,0,0,0,0,0,0,0,0,0,0,0,0,0,0,0,0,0,0,0,0,0,0,0,0,0,0,0,0,0,0,0,0,"env"
"ActionAidUK, CitizensUK, unitetheunion/2017-01-21","2017-01-21","ActionAidUK, CitizensUK, unitetheunion","Participated, Participated, Participated","Protest","Before event day","Yes","No","No","No","No","Public space","Women's march","1000s","march","London","2017-01-17",24,17.7089130425123,1,4,0,2,1,0,0,0,0,0,0,0,0,0,0,0,0,0,4,0,0,0,0,0,0,0,0,0,0,0,0,0,"pov"
"unisontheunion/2017-01-25","2017-01-25","unisontheunion","Organised","Strike","After event","No","No","No","No","No","Other","Derby city school support staff strike","","strike","","2017-01-25",2,1.45076513290405,0,0,0,0,0,0,0,0,0,0,0,0,0,0,0,0,0,0,0,0,0,0,0,0,0,0,0,0,0,0,0,0,"pov"
"CoalActionUK, reclaimthepower/2017-01-28","2017-01-28","CoalActionUK, reclaimthepower","Organised, Organised","Protest","Before event day","Yes","No","No","No","No","Company site","Shut down aberthaw power station, green jobs now","100s","demonstration, march","Aberthaw, power station","2016-12-20",19,10.1100251038486,0,0,0,0,0,0,0,0,0,0,0,0,0,0,0,0,0,0,0,0,0,0,0,0,0,0,0,0,0,0,0,0,"env"
"NASUWT/2017-01-31","2017-01-31","NASUWT","Organised","Both","Before event day","No","No","No","No","No","Public space","NI teacher strike, strike 4 fair pay","","rally, strike","Northern Ireland","2017-01-05",7,5.26117050686887,2,2,1,1,0,0,0,0,2,0,0,0,0,0,0,0,0,0,0,0,0,0,2,0,0,0,0,0,0,0,0,0,"pov"
"CNDuk/2017-02-04","2017-02-04","CNDuk","Organised","Protest","Before event day","Yes","No","No","No","No","Embassy","Stand up to Trump","","march","US embassy to Downing street","2017-01-30",7,4.16145627982623,0,0,0,0,0,0,0,0,0,0,0,0,0,0,0,0,0,0,0,0,0,0,0,0,0,0,0,0,0,0,0,0,"env"
"FocusE15/2017-02-04","2017-02-04","FocusE15","Participated","Protest","Before event day","Yes","No","No","No","No","Public space","Oppose Trump Muslim ban","","march","London","2017-01-29",6,1.44706178456545,0,0,0,0,0,0,0,0,0,0,0,0,0,0,0,0,0,0,0,0,0,0,0,0,0,0,0,0,0,0,0,0,"pov"
"CoalActionUK, friends_earth/2017-02-08","2017-02-08","CoalActionUK, friends_earth","Organised, Participated","Protest","Before event day","Yes","No","No","Yes","No","Political site","Ditch coal now","","creative demonstration, live sculpture making","outside BEIS","2017-01-26",9,2.87835822820966,1,1,1,1,1,0,0,0,0,0,0,0,0,0,0,0,0,0,1,0,0,0,0,0,0,0,0,0,0,0,0,0,"env"
"pcs_union/2017-02-10","2017-02-10","pcs_union","Organised","Protest","On day, before event","Yes","No","No","No","No","Company site","oppose staff being sacked by email","200","protest","EHRC office, Glasgow, Manchester, Birmingham, London","2017-02-10",6,4.90493547916412,0,0,0,0,0,0,0,0,0,0,0,0,0,0,0,0,0,0,0,0,0,0,0,0,0,0,0,0,0,0,0,0,"pov"
"campaigncc, friends_earth/2017-02-20","2017-02-20","campaigncc, friends_earth","Participated, Participated","Protest","On day, before event","Yes","No","No","No","No","Public space","Stand up to Trump","","protest","Parliament square","2017-02-20",2,1.80726718868213,1,1,1,1,1,0,0,0,0,0,0,0,0,0,0,0,0,0,1,0,0,0,0,0,0,0,0,0,0,0,0,0,"env"
"unisontheunion, unitetheunion/2017-02-20","2017-02-20","unisontheunion, unitetheunion","Participated, Participated","Protest","Before event day","Yes","No","No","No","No","Public space","1 day without us, migrant rights","","day of action","Parliament Square","2017-02-10",24,15.191415764106,6,4,2,1,2,0,3,0,1,0,0,0,0,0,0,0,0,0,0,0,3,0,1,0,0,0,0,0,0,0,0,0,"pov"
"EquityUK/2017-02-21","2017-02-21","EquityUK","Organised","Protest","Before event day","Yes","No","No","No","No","Political site","Oppose arts cuts","","protest","Bristol City Council Meeting","2017-02-07",2,1.70897185842819,0,0,0,0,0,0,0,0,0,0,0,0,0,0,0,0,0,0,0,0,0,0,0,0,0,0,0,0,0,0,0,0,"pov"
"UVWunion/2017-02-24","2017-02-24","UVWunion","Organised","Protest","Before event day","Yes","No","No","No","No","Other","hold LSE to account for not acting on homophobic hate crimes on their campus","","protest","LSE","2017-02-15",5,4.27384483764417,0,0,0,0,0,0,0,0,0,0,0,0,0,0,0,0,0,0,0,0,0,0,0,0,0,0,0,0,0,0,0,0,"pov"
"GMB_union/2017-02-24","2017-02-24","GMB_union","Organised","Strike","On day, before event","No","No","No","No","No","Other","Topshop worker strike","","strike","","2017-02-24",3,1.44938096373563,0,0,0,0,0,0,0,0,0,0,0,0,0,0,0,0,0,0,0,0,0,0,0,0,0,0,0,0,0,0,0,0,"pov"
"frackfreelancs, friends_earth/2017-02-25","2017-02-25","frackfreelancs, friends_earth","Organised, Participated","Protest","Before event day","Yes","No","No","No","No","Company site","Don't frack Lancashire","","rally","Preston New Road","2017-02-14",11,3.1754138369106,0,0,0,0,0,0,0,0,0,0,0,0,0,0,0,0,0,0,0,0,0,0,0,0,0,0,0,0,0,0,0,0,"env"
"CitizensUK/2017-02-25","2017-02-25","CitizensUK","Organised","Protest","Before event day","Yes","No","No","No","No","Company site","Living wage","","protest","Adelphi hotel","2017-02-24",2,1.40586525201797,0,0,0,0,0,0,0,0,0,0,0,0,0,0,0,0,0,0,0,0,0,0,0,0,0,0,0,0,0,0,0,0,"pov"
"CNDuk/2017-03-04","2017-03-04","CNDuk","Participated","Protest","Before event day","Yes","No","No","No","No","Public space","Support NHS, NHS not trident","","march","","2017-02-27",11,3.63227332351325,0,0,0,0,0,0,0,0,0,0,0,0,0,0,0,0,0,0,0,0,0,0,0,0,0,0,0,0,0,0,0,0,"env"
"ASLEFunion, EquityUK, FocusE15, GMB_union, keepnhspublic, MidwivesRCM, NHSour, pcs_union, pplsassembly, theRCN, unisontheunion, unitetheunion, We_OwnIt/2017-03-04","2017-03-04","ASLEFunion, EquityUK, FocusE15, GMB_union, keepnhspublic, MidwivesRCM, NHSour, pcs_union, pplsassembly, theRCN, unisontheunion, unitetheunion, We_OwnIt","Participated, Participated, Participated, Organised, Organised, Organised, Organised, Participated, Organised, Participated, Participated, Organised, Organised","Protest","Before event day","Yes","No","No","No","No","Public space","Save the NHS","1000s","march","London","2017-01-21",315,237.721596300333,17,17,8,8,1,0,5,0,11,0,0,0,0,0,0,0,0,0,1,0,5,0,11,0,0,0,0,0,0,0,0,0,"pov"
"frackfreelancs/2017-03-08","2017-03-08","frackfreelancs","Organised","Protest","After event","No","No","No","No","Yes","Unknown","","","protest","","2017-03-08",3,1.65053597859705,0,0,0,0,0,0,0,0,0,0,0,0,0,0,0,0,0,0,0,0,0,0,0,0,0,0,0,0,0,0,0,0,"env"
"unitetheunion/2017-03-13","2017-03-13","unitetheunion","Organised","Protest","Before event day","Yes","No","No","No","No","Public space","protest against historical injustice against striking miners","","demonstration","","2017-02-27",25,19.9274517893158,0,0,0,0,0,0,0,0,0,0,0,0,0,0,0,0,0,0,0,0,0,0,0,0,0,0,0,0,0,0,0,0,"pov"
"IWGBunion/2017-03-14","2017-03-14","IWGBunion","Organised","Protest","After event","No","No","No","No","No","Public space","Protest against Deliveroo conditions","","protest","Brighton","2017-03-14",1,0.894373655319214,0,0,0,0,0,0,0,0,0,0,0,0,0,0,0,0,0,0,0,0,0,0,0,0,0,0,0,0,0,0,0,0,"pov"
"UVWunion/2017-03-15","2017-03-15","UVWunion","Organised","Both","Before event day","No","Yes","No","No","No","Other","LSE cleaner strike","","occupation, strike","LSE","2017-03-14",2,1.55087023973465,0,0,0,0,0,0,0,0,0,0,0,0,0,0,0,0,0,0,0,0,0,0,0,0,0,0,0,0,0,0,0,0,"pov"
"NASUWT/2017-03-16","2017-03-16","NASUWT","Organised","Strike","Before event day","No","No","No","No","No","Other","Ark Elvin Academy strike, potential redundancies","","strike, picket","","2017-03-16",3,2.15768122639362,0,0,0,0,0,0,0,0,0,0,0,0,0,0,0,0,0,0,0,0,0,0,0,0,0,0,0,0,0,0,0,0,"pov"
"EISUnion, unisontheunion, unitetheunion/2017-03-18","2017-03-18","EISUnion, unisontheunion, unitetheunion","Participated, Participated, Participated","Protest","Before event day","Yes","No","No","No","No","Public space","March against racism","","march","Cardiff, Glasgow, London","2017-03-02",13,10.7087980513786,3,3,1,1,2,0,1,0,0,0,0,0,0,0,0,0,0,0,2,0,1,0,0,0,0,0,0,0,0,0,0,0,"pov"
"bectu/2017-03-18","2017-03-18","bectu","Organised","Strike","Before event day","No","No","No","No","No","Other","cinema workers strike","","strike","","2017-03-04",4,2.14930656552315,1,1,1,1,0,0,1,0,0,0,0,0,0,0,0,0,0,0,0,0,1,0,0,0,0,0,0,0,0,0,0,0,"pov"
"reclaimthepower/2017-03-27","2017-03-27","reclaimthepower","Organised","Protest","Before event day","No","Yes","No","No","Yes","Company site","Break the Chain, oppose fracking","","block entrance","Carnforth quarry","2017-03-18",7,3.43633235812207,0,0,0,0,0,0,0,0,0,0,0,0,0,0,0,0,0,0,0,0,0,0,0,0,0,0,0,0,0,0,0,0,"env"
"planestupid/2017-03-28","2017-03-28","planestupid","Organised","Protest","After event","No","Yes","No","No","No","Company site","Stop charter flights","","occupation, blockade","Stansted","2017-03-28",6,3.69224012643099,2,2,2,2,2,0,0,0,0,0,0,0,0,0,0,0,0,0,2,0,0,0,0,0,0,0,0,0,0,0,0,0,"env"
"planestupid/2017-03-29","2017-03-29","planestupid","Organised","Protest","After event","No","Yes","No","No","Yes","Company site","Oppose mass deportation flight","","block flight take off","Stansted","2017-03-29",2,0.877742275147308,1,0,1,0,1,0,0,0,0,0,0,0,0,0,0,0,0,0,0,0,0,0,0,0,0,0,0,0,0,0,0,0,"env"
"reclaimthepower/2017-03-29","2017-03-29","reclaimthepower","Organised","Protest","After event","No","No","No","Yes","No","Company site","Oppose frackers bonus","","stunt, spray champagne, throw confetti","Centrica offices","2017-03-29",5,0.81718085706234,0,0,0,0,0,0,0,0,0,0,0,0,0,0,0,0,0,0,0,0,0,0,0,0,0,0,0,0,0,0,0,0,"env"
"Dis_PPL_Protest, unitetheunion/2017-03-30","2017-03-30","Dis_PPL_Protest, unitetheunion","Participated, Organised","Protest","Before event day","Yes","No","No","No","No","Unknown","No to benefit sanctions","","day of action, protest","","2017-02-22",80,51.2237419997948,1,1,0,0,1,0,0,0,0,0,0,0,0,0,0,0,0,0,1,0,0,0,0,0,0,0,0,0,0,0,0,0,"pov"
"reclaimthepower/2017-03-31","2017-03-31","reclaimthepower","Organised","Protest","After event","No","Yes","No","No","No","Company site","Break the chain, oppose fracking","2","blockade, reinforced arm tube","Bolton fracking business, AE Yates Ltd","2017-03-31",13,11.1422151921792,0,0,0,0,0,0,0,0,0,0,0,0,0,0,0,0,0,0,0,0,0,0,0,0,0,0,0,0,0,0,0,0,"env"
"pcs_union/2017-03-31","2017-03-31","pcs_union","Organised","Protest","Before event day","No","No","No","No","No","Public space","pay day protests, oppose public sector pay cap","","protest","across country","2017-03-22",10,8.61904335025269,0,0,0,0,0,0,0,0,0,0,0,0,0,0,0,0,0,0,0,0,0,0,0,0,0,0,0,0,0,0,0,0,"pov"
"reclaimthepower/2017-04-01","2017-04-01","reclaimthepower","Organised","Protest","After event","No","No","No","Yes","No","Company site","Keep it in the ground, oppose fracking","","semi-naked protest","UK Investor Show","2017-04-01",6,1.88640652968773,0,0,0,0,0,0,0,0,0,0,0,0,0,0,0,0,0,0,0,0,0,0,0,0,0,0,0,0,0,0,0,0,"env"
"radicalhousing/2017-04-01","2017-04-01","radicalhousing","Participated","Protest","Before event day","Yes","No","No","No","No","Public space","oppose housing benefits cut","","protest","outside Westminster","2017-03-30",2,1.45779454708099,0,0,0,0,0,0,0,0,0,0,0,0,0,0,0,0,0,0,0,0,0,0,0,0,0,0,0,0,0,0,0,0,"pov"
"reclaimthepower/2017-04-04","2017-04-04","reclaimthepower","Organised","Protest","After event","No","Yes","No","Yes","No","Company site","Break the chain, oppose fracking","3","blockade, dressed as wedding brides","St Brides PR firm","2017-04-04",2,1.75902563333511,0,0,0,0,0,0,0,0,0,0,0,0,0,0,0,0,0,0,0,0,0,0,0,0,0,0,0,0,0,0,0,0,"env"
"reclaimthepower/2017-04-05","2017-04-05","reclaimthepower","Organised","Protest","After event","No","No","No","Yes","No","Company site","Fossil fuel smackdown, oppose fracking","","creative protest, clown wrestling match","Barclays, Piccadilly circus","2017-04-05",2,0.886596474796534,0,0,0,0,0,0,0,0,0,0,0,0,0,0,0,0,0,0,0,0,0,0,0,0,0,0,0,0,0,0,0,0,"env"
"unitetheunion/2017-04-05","2017-04-05","unitetheunion","Organised","Protest","Before event day","No","No","No","No","No","Company site","BMW workers oppose pension robbery","","protest, demonstration","BMW sites, Swindon","2017-04-05",6,4.29649543729141,0,0,0,0,0,0,0,0,0,0,0,0,0,0,0,0,0,0,0,0,0,0,0,0,0,0,0,0,0,0,0,0,"pov"
"reclaimthepower/2017-04-07","2017-04-07","reclaimthepower","Organised","Protest","After event","No","Yes","No","No","No","Company site","Break the chain, oppose fracking","","blockade, climbed drill","PR Marriott","2017-04-07",5,3.64408434917039,0,0,0,0,0,0,0,0,0,0,0,0,0,0,0,0,0,0,0,0,0,0,0,0,0,0,0,0,0,0,0,0,"env"
"unitetheunion/2017-04-12","2017-04-12","unitetheunion","Organised","Protest","On day, before event","No","No","No","No","No","Public space","Pay the rate, oppose construction undercutting","","demonstration","Solihull, Rotherham","2017-04-12",7,2.50267794641755,0,0,0,0,0,0,0,0,0,0,0,0,0,0,0,0,0,0,0,0,0,0,0,0,0,0,0,0,0,0,0,0,"pov"
"CoalActionUK, F_F_Ryedale/2017-04-13","2017-04-13","CoalActionUK, F_F_Ryedale","Organised, Organised","Protest","Before event day","Yes","No","No","No","No","Company site","Oppose subsidies to polluters","","demonstration","Drax AGM, London and York","2017-03-24",3,1.82034751739119,0,0,0,0,0,0,0,0,0,0,0,0,0,0,0,0,0,0,0,0,0,0,0,0,0,0,0,0,0,0,0,0,"env"
"CNDuk/2017-04-19","2017-04-19","CNDuk","Organised","Protest","Before event day","Yes","No","No","No","No","Embassy","Oppose Trump nuclear war drive","","protest","US embassy","2017-04-16",3,0.669903665781022,0,0,0,0,0,0,0,0,0,0,0,0,0,0,0,0,0,0,0,0,0,0,0,0,0,0,0,0,0,0,0,0,"env"
"unitetheunion/2017-04-19","2017-04-19","unitetheunion","Organised","Strike","Before event day","No","No","No","No","No","Other","BMW strike over pension robbery","","strike","","2017-04-05",12,7.08536027421111,0,0,0,0,0,0,0,0,0,0,0,0,0,0,0,0,0,0,0,0,0,0,0,0,0,0,0,0,0,0,0,0,"pov"
"reclaimthepower/2017-04-21","2017-04-21","reclaimthepower","Organised","Protest","After event","No","Yes","No","Yes","No","Company site","Oppose opencast coal mining","","demonstration, shut down production, dressed as canaries","Fos-Y-Fran, coal mine","2017-04-21",3,1.89385636881992,0,0,0,0,0,0,0,0,0,0,0,0,0,0,0,0,0,0,0,0,0,0,0,0,0,0,0,0,0,0,0,0,"env"
"campaigncc/2017-04-22","2017-04-22","campaigncc","Participated","Protest","Before event day","Yes","No","No","No","No","Public space","Science march","","demonstration","London","2017-03-16",67,51.8600657579405,1,1,1,1,1,0,0,0,0,0,0,0,0,0,0,0,0,0,1,0,0,0,0,0,0,0,0,0,0,0,0,0,"env"
"IWGBunion/2017-04-25","2017-04-25","IWGBunion","Organised","Strike","Before event day","No","No","No","No","No","Other","UOL security officer strike, oppose zero hour contracts","","strike, picket","","2017-04-24",7,4.01862044638144,0,0,0,0,0,0,0,0,0,0,0,0,0,0,0,0,0,0,0,0,0,0,0,0,0,0,0,0,0,0,0,0,"pov"
"unitetheunion/2017-04-26","2017-04-26","unitetheunion","Organised","Strike","Before event day","No","No","No","No","No","Other","Sierra Windows workers strike","","strike","","2017-04-11",17,3.67865366462374,0,0,0,0,0,0,0,0,0,0,0,0,0,0,0,0,0,0,0,0,0,0,0,0,0,0,0,0,0,0,0,0,"pov"
"EISUnion/2017-04-27","2017-04-27","EISUnion","Organised","Both","Before event day","Yes","No","No","No","No","Public space","FELA, lecturers demand honour the deal","","rally, strike","Scottish Parliament","2017-04-25",6,4.41566014289856,2,2,2,2,0,0,0,0,0,0,0,0,1,1,0,0,0,0,0,0,0,0,0,0,0,0,1,1,0,0,0,0,"pov"
"campaigncc/2017-04-29","2017-04-29","campaigncc","Organised","Protest","Before event day","Yes","No","No","No","No","Public space","solidarity with US climate march","","protest","London","2017-02-20",71,8.52557856502312,0,0,0,0,0,0,0,0,0,0,0,0,0,0,0,0,0,0,0,0,0,0,0,0,0,0,0,0,0,0,0,0,"env"
"sccscot/2017-04-29","2017-04-29","sccscot","Participated","Protest","Before event day","Yes","No","No","No","No","Public space","Climate march","","march, rally","Edinburgh","2017-04-27",3,2.35648161172867,0,0,0,0,0,0,0,0,0,0,0,0,0,0,0,0,0,0,0,0,0,0,0,0,0,0,0,0,0,0,0,0,"env"
"pcs_union/2017-04-29","2017-04-29","pcs_union","Participated","Protest","Before event day","Yes","No","No","No","No","Public space","May day rally","","rally","Cardiff","2017-04-25",3,2.21424955129623,0,0,0,0,0,0,0,0,0,0,0,0,0,0,0,0,0,0,0,0,0,0,0,0,0,0,0,0,0,0,0,0,"pov"
"unitetheunion/2017-04-29","2017-04-29","unitetheunion","Participated","Protest","Before event day","No","No","No","No","No","Public space","Climate justice, green jobs","","march","Huddersfield","2017-04-06",2,1.08263406157494,0,0,0,0,0,0,0,0,0,0,0,0,0,0,0,0,0,0,0,0,0,0,0,0,0,0,0,0,0,0,0,0,"pov"
"ClassWar2015/2017-04-30","2017-04-30","ClassWar2015","Organised","Protest","Before event day","Yes","No","No","Yes","No","Company site","anti-election rally","","gallery preemptively closed, rally, performance","White Cube Bermondsey Street London (gallery)","2017-03-27",7,3.21265321224928,0,0,0,0,0,0,0,0,0,0,0,0,0,0,0,0,0,0,0,0,0,0,0,0,0,0,0,0,0,0,0,0,"pov"
"ASLEFunion, pcs_union, unitetheunion/2017-05-01","2017-05-01","ASLEFunion, pcs_union, unitetheunion","Participated, Participated, Participated","Protest","Before event day","Yes","No","No","No","No","Public space","May Day","","march, rally","London","2017-04-25",11,8.66974998240234,0,0,0,0,0,0,0,0,0,0,0,0,0,0,0,0,0,0,0,0,0,0,0,0,0,0,0,0,0,0,0,0,"pov"
"GreenpeaceUK/2017-05-03","2017-05-03","GreenpeaceUK","Organised","Protest","After event","No","Yes","No","No","No","Company site","Oppose fracking","","block","fracking site, Lancashire","2017-05-03",6,3.85043774552316,0,0,0,0,0,0,0,0,0,0,0,0,0,0,0,0,0,0,0,0,0,0,0,0,0,0,0,0,0,0,0,0,"env"
"EISUnion/2017-05-03","2017-05-03","EISUnion","Organised","Both","Before event day","Yes","No","No","No","No","Public space","FE lecturers, honour the deal","","strike, rally","George square","2017-05-02",5,3.89007061719894,1,0,0,0,0,0,0,0,0,0,0,0,1,0,0,0,0,0,0,0,0,0,0,0,0,0,0,0,0,0,0,0,"pov"
"unitetheunion/2017-05-03","2017-05-03","unitetheunion","Organised","Both","Before event day","No","No","No","No","No","Company site","BMW workers pension strike","","strike, protest","BMW site","2017-05-02",2,1.279158472909,0,0,0,0,0,0,0,0,0,0,0,0,0,0,0,0,0,0,0,0,0,0,0,0,0,0,0,0,0,0,0,0,"pov"
"ClassWar2015, UVWunion/2017-05-11","2017-05-11","ClassWar2015, UVWunion","Organised, Organised","Both","Before event day","No","No","Yes","No","No","Other","LSE cleaners strike","","strike, picket, graffiti","LSE","2017-05-01",13,9.41628146162625,0,0,0,0,0,0,0,0,0,0,0,0,0,0,0,0,0,0,0,0,0,0,0,0,0,0,0,0,0,0,0,0,"pov"
"EISUnion/2017-05-11","2017-05-11","EISUnion","Organised","Strike","Before event day","No","No","No","No","No","Other","FE lecturers, honour the deal","","strike, picket","","2017-03-29",4,2.30973547324538,0,0,0,0,0,0,0,0,0,0,0,0,0,0,0,0,0,0,0,0,0,0,0,0,0,0,0,0,0,0,0,0,"pov"
"pcs_union/2017-05-15","2017-05-15","pcs_union","Organised","Strike","Before event day","No","No","No","No","No","Other","EHRC strike, jobs, budgets & reinstatement of sacked staff","","strike","","2017-05-09",4,2.39827885430319,0,0,0,0,0,0,0,0,0,0,0,0,0,0,0,0,0,0,0,0,0,0,0,0,0,0,0,0,0,0,0,0,"pov"
"IWGBunion/2017-05-16","2017-05-16","IWGBunion","Organised","Strike","Before event day","No","No","No","No","No","Other","UOL security officers strike","","strike","","2017-05-15",3,2.37244462966919,0,0,0,0,0,0,0,0,0,0,0,0,0,0,0,0,0,0,0,0,0,0,0,0,0,0,0,0,0,0,0,0,"pov"
"UVWunion/2017-05-17","2017-05-17","UVWunion","Organised","Both","Before event day","No","No","No","No","No","Other","LSE cleaners and UOL security officers","","strike, march, picket","Senate House","2017-05-12",6,4.6135174036026,0,0,0,0,0,0,0,0,0,0,0,0,0,0,0,0,0,0,0,0,0,0,0,0,0,0,0,0,0,0,0,0,"pov"
"pplsassembly, ukstreetangels, unitetheunion/2017-05-18","2017-05-18","pplsassembly, ukstreetangels, unitetheunion","Organised, Organised, Organised","Protest","Before event day","Yes","No","No","No","No","Political site","Oppose Tory manifesto launch","","protest, march","Halifax tory manifesto event","2017-05-17",9,5.90633083781332,0,0,0,0,0,0,0,0,0,0,0,0,0,0,0,0,0,0,0,0,0,0,0,0,0,0,0,0,0,0,0,0,"pov"
"ClassWar2015/2017-05-29","2017-05-29","ClassWar2015","Organised","Protest","Before event day","No","No","No","No","No","Political site","Hunt tories not foxes","","march","Downing street","2017-05-24",1,0.952666223049164,0,0,0,0,0,0,0,0,0,0,0,0,0,0,0,0,0,0,0,0,0,0,0,0,0,0,0,0,0,0,0,0,"pov"
"campaigncc/2017-06-01","2017-06-01","campaigncc","Organised","Protest","Before event day","Yes","No","No","No","No","Other","Oppose Trump Paris announcement","","embassy protest","US embassy","2017-05-31",21,13.013312027277,0,0,0,0,0,0,0,0,0,0,0,0,0,0,0,0,0,0,0,0,0,0,0,0,0,0,0,0,0,0,0,0,"env"
"pcs_union/2017-06-02","2017-06-02","pcs_union","Organised","Strike","Before event day","No","No","No","No","No","Other","Jobcentre workers strike, oppose closure","","strike","","2017-05-31",4,2.02668210864067,0,0,0,0,0,0,0,0,0,0,0,0,0,0,0,0,0,0,0,0,0,0,0,0,0,0,0,0,0,0,0,0,"pov"
"Dis_PPL_Protest/2017-06-03","2017-06-03","Dis_PPL_Protest","Organised","Protest","Before event day","Yes","No","No","No","No","Public space","Trash the tories, Theresa May blood on hands, disabled people in poverty","","demonstration","Maidenhead","2017-05-19",4,2.20275063113,0,0,0,0,0,0,0,0,0,0,0,0,0,0,0,0,0,0,0,0,0,0,0,0,0,0,0,0,0,0,0,0,"pov"
"bectu/2017-06-04","2017-06-04","bectu","Organised","Both","Before event day","Yes","No","No","No","No","Company site","cinema workers living wage","","demonstration, strike","Picturehouse","2017-06-04",3,2.54998761415482,0,0,0,0,0,0,0,0,0,0,0,0,0,0,0,0,0,0,0,0,0,0,0,0,0,0,0,0,0,0,0,0,"pov"
"reclaimthepower/2017-06-12","2017-06-12","reclaimthepower","Organised","Protest","After event","No","Yes","No","No","No","Company site","Oppose oil drilling site","2","block","road to oil drilling site","2017-06-12",1,0.545693695545197,0,0,0,0,0,0,0,0,0,0,0,0,0,0,0,0,0,0,0,0,0,0,0,0,0,0,0,0,0,0,0,0,"env"
"radicalhousing/2017-06-16","2017-06-16","radicalhousing","Organised","Protest","Before event day","Yes","No","No","No","No","Political site","Justice for Grenfell","","demonstration","MHCLG","2017-06-15",4,2.61983835697174,2,2,2,2,0,0,0,0,0,2,0,0,0,0,0,0,0,0,0,0,0,0,0,2,0,0,0,0,0,0,0,0,"pov"
"IWGBunion/2017-06-22","2017-06-22","IWGBunion","Organised","Strike","Before event day","No","No","No","No","No","Other","UOL security officer strike","","strike","","2017-06-20",2,1.34469810136537,0,0,0,0,0,0,0,0,0,0,0,0,0,0,0,0,0,0,0,0,0,0,0,0,0,0,0,0,0,0,0,0,"pov"
"pcs_union/2017-06-24","2017-06-24","pcs_union","Participated","Protest","Before event day","Yes","No","No","No","No","Public space","anti-cuts demonstration, tories out","","demonstration","Glasgow","2017-05-10",27,8.84685309933585,1,1,1,0,1,0,0,0,0,0,0,0,0,0,0,0,0,0,0,0,0,0,0,0,0,0,0,0,0,1,0,0,"pov"
"theRCN/2017-06-27","2017-06-27","theRCN","Organised","Protest","On day, before event","No","No","No","No","No","Political site","Scrap the cap on nursing pay","","protest","Department of Health","2017-06-27",8,5.01693606791737,6,6,4,4,5,0,0,0,1,0,0,0,0,0,0,0,0,0,5,0,0,0,1,0,0,0,0,0,0,0,0,0,"pov"
"fbunational, OccupyLondon, pcs_union, pplsassembly, resistunite, Ukuncut, unisontheunion, unitetheunion/2017-07-01","2017-07-01","fbunational, OccupyLondon, pcs_union, pplsassembly, resistunite, Ukuncut, unisontheunion, unitetheunion","Participated, Participated, Organised, Organised, Organised, Participated, Participated, Organised","Protest","Before event day","Yes","No","No","No","No","Public space","Tories out","10000s","march, demonstration","London","2017-06-16",152,112.555151425843,18,15,6,5,2,0,1,0,2,0,6,0,1,5,0,0,0,1,2,0,1,0,2,0,4,0,0,5,0,0,0,1,"pov"
"F_F_Ryedale, reclaimthepower/2017-07-03","2017-07-03","F_F_Ryedale, reclaimthepower","Participated, Organised","Protest","After event","No","Yes","No","No","No","Company site","Rolling resistance, oppose fracking","","Lock on, block site entrance","Cuadrilla works entrance","2017-07-03",4,0.844042450532108,0,0,0,0,0,0,0,0,0,0,0,0,0,0,0,0,0,0,0,0,0,0,0,0,0,0,0,0,0,0,0,0,"env"
"reclaimthepower/2017-07-04","2017-07-04","reclaimthepower","Organised","Protest","After event","No","Yes","No","No","No","Company site","Oppose fracking","","lock on","Preston New Road","2017-07-04",4,1.10182467801808,0,0,0,0,0,0,0,0,0,0,0,0,0,0,0,0,0,0,0,0,0,0,0,0,0,0,0,0,0,0,0,0,"env"
"StopKillingLDN/2017-07-05","2017-07-05","StopKillingLDN","Organised","Protest","Before event day","No","Yes","No","No","No","Public space","demand action on air pollution","","road block","Marylebone road","2017-06-18",7,5.04285918194276,0,0,0,0,0,0,0,0,0,0,0,0,0,0,0,0,0,0,0,0,0,0,0,0,0,0,0,0,0,0,0,0,"env"
"reclaimthepower/2017-07-06","2017-07-06","reclaimthepower","Participated","Protest","After event","No","Yes","No","No","No","Company site","Oppose fracking","4","lock on","Preston New Road","2017-07-06",1,0.772958934307098,1,1,1,1,0,0,1,0,0,0,0,0,0,0,0,0,0,0,0,0,1,0,0,0,0,0,0,0,0,0,0,0,"env"
"reclaimthepower/2017-07-07","2017-07-07","reclaimthepower","Organised","Protest","Before event day","Yes","No","No","No","No","Company site","Anti fracking","150+","peaceful demonstration","Preston New Road","2017-06-15",3,2.05902576446533,0,0,0,0,0,0,0,0,0,0,0,0,0,0,0,0,0,0,0,0,0,0,0,0,0,0,0,0,0,0,0,0,"env"
"bectu, MidwivesRCM/2017-07-08","2017-07-08","bectu, MidwivesRCM","Participated, Participated","Protest","Before event day","Yes","No","No","No","No","Public space","Pride","","march","London","2017-07-06",8,3.70703702419996,0,0,0,0,0,0,0,0,0,0,0,0,0,0,0,0,0,0,0,0,0,0,0,0,0,0,0,0,0,0,0,0,"pov"
"FocusE15/2017-07-09","2017-07-09","FocusE15","Organised","Protest","Before event day","Yes","No","No","No","No","Political site","How safe are our homes","","demonstration","Newham Mayor's show","2017-07-02",8,5.26048666990468,0,0,0,0,0,0,0,0,0,0,0,0,0,0,0,0,0,0,0,0,0,0,0,0,0,0,0,0,0,0,0,0,"pov"
"reclaimthepower/2017-07-11","2017-07-11","reclaimthepower","Organised","Protest","After event","No","Yes","No","No","Yes","Company site","Oppose fracking, Rolling resistance","3","lock on","Preston New Road","2017-07-11",3,0.904522921315613,0,0,0,0,0,0,0,0,0,0,0,0,0,0,0,0,0,0,0,0,0,0,0,0,0,0,0,0,0,0,0,0,"env"
"reclaimthepower/2017-07-12","2017-07-12","reclaimthepower","Organised","Protest","After event","No","Yes","No","No","No","Company site","Oppose fracking, Rolling Resistance","100+","lock on","Preston New Road","2017-07-12",7,2.4824472892526,0,0,0,0,0,0,0,0,0,0,0,0,0,0,0,0,0,0,0,0,0,0,0,0,0,0,0,0,0,0,0,0,"env"
"reclaimthepower/2017-07-13","2017-07-13","reclaimthepower","Organised","Protest","After event","No","Yes","No","No","No","Company site","Oppose fracking, Rolling Resistance","","block, lock on","PR Marriott, Cuadrilla fracking site","2017-07-13",4,1.70232741919311,0,0,0,0,0,0,0,0,0,0,0,0,0,0,0,0,0,0,0,0,0,0,0,0,0,0,0,0,0,0,0,0,"env"
"Dis_PPL_Protest/2017-07-14","2017-07-14","Dis_PPL_Protest","Organised","Protest","Before event day","Yes","No","No","Yes","No","Entertainment/cultural","Cuts kill","","alternative opening ceremony outside Paralympics","outside stadium hosting paralympics","2017-07-03",4,2.70427393913269,0,0,0,0,0,0,0,0,0,0,0,0,0,0,0,0,0,0,0,0,0,0,0,0,0,0,0,0,0,0,0,0,"pov"
"resistunite, unitetheunion/2017-07-15","2017-07-15","resistunite, unitetheunion","Participated, Organised","Both","Before event day","Yes","No","No","No","No","Public space","Serco workers strike for better pay","100s","march, rally, strike","Mile End","2017-07-04",21,12.2638127570175,1,1,1,1,0,0,0,0,0,0,1,0,0,0,0,0,0,0,0,0,0,0,0,0,1,0,0,0,0,0,0,0,"pov"
"EquityUK/2017-07-16","2017-07-16","EquityUK","Participated","Protest","Before event day","No","No","No","No","No","Public space","Tolpuddle Martyrs' Festival","","procession","","2017-07-01",3,2.55580389480914,0,0,0,0,0,0,0,0,0,0,0,0,0,0,0,0,0,0,0,0,0,0,0,0,0,0,0,0,0,0,0,0,"pov"
"pcs_union/2017-07-17","2017-07-17","pcs_union","Organised","Strike","Before event day","No","No","No","No","No","Other","Jobcentre strike","","strike","","2017-07-14",2,1.55812233686447,0,0,0,0,0,0,0,0,0,0,0,0,0,0,0,0,0,0,0,0,0,0,0,0,0,0,0,0,0,0,0,0,"pov"
"reclaimthepower/2017-07-18","2017-07-18","reclaimthepower","Organised","Protest","After event","No","Yes","No","No","Yes","Company site","Not here not anywhere, rolling resistance","","lock on","Preston New Road fracking site","2017-07-18",5,2.23283443189381,0,0,0,0,0,0,0,0,0,0,0,0,0,0,0,0,0,0,0,0,0,0,0,0,0,0,0,0,0,0,0,0,"env"
"StopKillingLDN/2017-07-19","2017-07-19","StopKillingLDN","Organised","Protest","After event","No","Yes","No","No","Yes","Company site","Oppose fracking","","lock on","Preston New Road","2017-07-19",6,4.77781313700296,0,0,0,0,0,0,0,0,0,0,0,0,0,0,0,0,0,0,0,0,0,0,0,0,0,0,0,0,0,0,0,0,"env"
"reclaimthepower/2017-07-19","2017-07-19","reclaimthepower","Organised","Protest","After event","No","Yes","No","No","Yes","Company site","Oppose fracking, Rolling Resistance","<15","lock-on","Preston New Road, fracking site","2017-07-19",6,0.440374941,0,0,0,0,0,0,0,0,0,0,0,0,0,0,0,0,0,0,0,0,0,0,0,0,0,0,0,0,0,0,0,0,"env"
"reclaimthepower/2017-07-20","2017-07-20","reclaimthepower","Organised","Protest","Before event day","Yes","Yes","No","No","No","Other","Oppose fracking, Rolling Resistance, Oppose fracking, Rolling Resistance Ride","8","lock on, bike ride, rally","Preston New Road, Manchester to Blackpool","2017-06-19",13,2.08291273586248,0,0,0,0,0,0,0,0,0,0,0,0,0,0,0,0,0,0,0,0,0,0,0,0,0,0,0,0,0,0,0,0,"env"
"reclaimthepower/2017-07-21","2017-07-21","reclaimthepower","Organised","Protest","Before event day","Yes","No","No","No","No","Public space","Food growers against fracking","","mass action","Lancashire","2017-06-15",6,1.67213270474594,0,0,0,0,0,0,0,0,0,0,0,0,0,0,0,0,0,0,0,0,0,0,0,0,0,0,0,0,0,0,0,0,"env"
"reclaimthepower/2017-07-24","2017-07-24","reclaimthepower","Organised","Protest","After event","No","Yes","No","No","No","Company site","Oppose fracking","70+","lock on","Preston New Road","2017-07-24",4,1.56557460129261,0,0,0,0,0,0,0,0,0,0,0,0,0,0,0,0,0,0,0,0,0,0,0,0,0,0,0,0,0,0,0,0,"env"
"FocusE15/2017-07-24","2017-07-24","FocusE15","Organised","Protest","Before event day","Yes","No","No","No","No","Political site","Mothers fight back, Keep us in Newham","","demonstration","Newham Council Housing Service","2017-07-19",6,4.38792756177921,0,0,0,0,0,0,0,0,0,0,0,0,0,0,0,0,0,0,0,0,0,0,0,0,0,0,0,0,0,0,0,0,"pov"
"unitetheunion/2017-07-25","2017-07-25","unitetheunion","Organised","Strike","Before event day","No","No","No","No","No","Other","Bank of England strike","","strike","","2017-07-25",4,2.42221567034721,2,2,2,2,1,0,1,0,0,0,0,0,0,0,0,0,0,0,1,0,1,0,0,0,0,0,0,0,0,0,0,0,"pov"
"theRCN/2017-07-27","2017-07-27","theRCN","Organised","Protest","Before event day","Yes","No","No","No","No","Public space","Scrap the cap","","protest, rally","London","2017-07-20",9,5.28867408260703,1,1,1,1,1,0,0,0,0,0,0,0,0,0,0,0,0,0,1,0,0,0,0,0,0,0,0,0,0,0,0,0,"pov"
"reclaimthepower/2017-07-28","2017-07-28","reclaimthepower","Organised","Protest","Before event day","Yes","No","No","Yes","No","Company site","Carnival for a Frack Free Future","","party protest","Preston New Road","2017-06-15",5,0.377277746781269,1,1,1,1,0,0,0,0,0,0,0,0,0,0,0,0,0,1,0,0,0,0,0,0,0,0,0,0,0,0,0,1,"env"
"pcs_union/2017-07-31","2017-07-31","pcs_union","Participated","Protest","Before event day","Yes","No","No","No","No","Public space","pay day protests, oppose public sector pay cap","","protest","across UK","2017-07-20",35,29.1569810519613,0,0,0,0,0,0,0,0,0,0,0,0,0,0,0,0,0,0,0,0,0,0,0,0,0,0,0,0,0,0,0,0,"pov"
"StopKillingLDN/2017-08-01","2017-08-01","StopKillingLDN","Organised","Protest","Before event day","Yes","Yes","No","Yes","No","Public space","Stop killing londoners","","road block, dress up and dance","Baker Street, York Gate, Marylebone","2017-07-20",7,5.41289262428365,0,0,0,0,0,0,0,0,0,0,0,0,0,0,0,0,0,0,0,0,0,0,0,0,0,0,0,0,0,0,0,0,"env"
"reclaimthepower/2017-08-02","2017-08-02","reclaimthepower","Organised","Protest","After event","No","Yes","No","No","Yes","Company site","Oppose fracking","","lock on","Preston New Road","2017-08-02",1,0.705258786678314,0,0,0,0,0,0,0,0,0,0,0,0,0,0,0,0,0,0,0,0,0,0,0,0,0,0,0,0,0,0,0,0,"env"
"bectu/2017-08-05","2017-08-05","bectu","Organised","Strike","Before event day","No","No","No","No","No","Other","cinema worker strikes","","strike","","2017-08-01",4,1.75607309528598,1,1,0,0,0,0,0,0,0,0,1,0,0,0,0,0,0,0,0,0,0,0,0,0,1,0,0,0,0,0,0,0,"pov"
"FocusE15/2017-08-12","2017-08-12","FocusE15","Organised","Protest","Before event day","Yes","No","No","No","No","Public space","Safe and secure housing","","march","Newham","2017-07-28",16,11.6142477395832,0,0,0,0,0,0,0,0,0,0,0,0,0,0,0,0,0,0,0,0,0,0,0,0,0,0,0,0,0,0,0,0,"pov"
"pcs_union/2017-08-14","2017-08-14","pcs_union","Organised","Strike","Before event day","No","No","No","No","No","Other","jobcentre strike","","strike, picket","","2017-08-16",2,1.67217779159546,0,0,0,0,0,0,0,0,0,0,0,0,0,0,0,0,0,0,0,0,0,0,0,0,0,0,0,0,0,0,0,0,"pov"
"pcs_union/2017-08-17","2017-08-17","pcs_union","Organised","Both","Before event day","Yes","No","No","No","No","Public space","jobcentre strike rally","","rally, strike","Whitley Bay","2017-08-08",9,4.18011759221554,0,0,0,0,0,0,0,0,0,0,0,0,0,0,0,0,0,0,0,0,0,0,0,0,0,0,0,0,0,0,0,0,"pov"
"GreenpeaceUK/2017-08-21","2017-08-21","GreenpeaceUK","Organised","Protest","After event","No","No","No","Yes","No","Company site","Oppose BP drilling by Amazon reef","","activists carry giant coloured tropical fish inflatables","Central London, BP offices","2017-08-21",6,0.760549347459487,2,2,2,2,0,0,0,0,1,0,0,1,0,0,0,0,0,0,0,0,0,0,1,0,0,1,0,0,0,0,0,0,"env"
"pcs_union/2017-08-25","2017-08-25","pcs_union","Organised","Protest","Before event day","Yes","No","No","No","No","Unknown","Oppose closure of Coatbridge Benefits Centre","","protest","","2017-08-15",10,8.45623815047345,4,4,1,1,4,0,0,0,0,0,0,0,0,0,0,0,0,0,4,0,0,0,0,0,0,0,0,0,0,0,0,0,"pov"
"pcs_union/2017-08-31","2017-08-31","pcs_union","Organised","Protest","Before event day","Yes","No","No","No","No","Unknown","Pay protests at HMRC, Home Office and MoJ, scrap the cap","","protest","across the country","2017-08-19",15,9.75057517426478,0,0,0,0,0,0,0,0,0,0,0,0,0,0,0,0,0,0,0,0,0,0,0,0,0,0,0,0,0,0,0,0,"pov"
"UVWunion/2017-09-02","2017-09-02","UVWunion","Participated","Protest","Before event day","No","No","No","No","No","Company site","McStrike","","protest","McDonalds HQ","2017-09-01",2,1.75331103801727,0,0,0,0,0,0,0,0,0,0,0,0,0,0,0,0,0,0,0,0,0,0,0,0,0,0,0,0,0,0,0,0,"pov"
"pcs_union/2017-09-03","2017-09-03","pcs_union","Organised","Both","Before event day","Yes","No","No","No","No","Unknown","Burston Strike School Rally","","rally, strike","","2017-09-02",2,1.64051127433777,0,0,0,0,0,0,0,0,0,0,0,0,0,0,0,0,0,0,0,0,0,0,0,0,0,0,0,0,0,0,0,0,"pov"
"CNDuk/2017-09-06","2017-09-06","CNDuk","Participated","Protest","After event","No","No","No","No","No","Company site","Stop DSEI","","protest","arms fair, Excel centre London","2017-09-06",3,0.859910836773355,0,0,0,0,0,0,0,0,0,0,0,0,0,0,0,0,0,0,0,0,0,0,0,0,0,0,0,0,0,0,0,0,"env"
"theRCN/2017-09-06","2017-09-06","theRCN","Organised","Protest","Before event day","Yes","No","No","No","No","Public space","Scrap the cap","","rally","Parliament Square","2017-08-07",69,47.3831996764936,17,17,13,13,2,1,3,1,3,1,0,0,0,1,1,0,0,4,2,1,3,1,3,1,0,0,0,1,1,0,0,4,"pov"
"unitetheunion/2017-09-06","2017-09-06","unitetheunion","Organised","Protest","Before event day","Yes","No","No","No","No","Company site","Sports Direct Shame, oppose zero hour contracts","","demonstration","Sports Direct","2017-09-05",12,8.30233814529745,0,0,0,0,0,0,0,0,0,0,0,0,0,0,0,0,0,0,0,0,0,0,0,0,0,0,0,0,0,0,0,0,"pov"
"StopKillingLDN/2017-09-07","2017-09-07","StopKillingLDN","Organised","Protest","Before event day","Yes","Yes","No","No","No","Public space","Oppose air pollution","","road block","York Gate/Marylebone Rd","2017-08-07",3,1.89052067332275,0,0,0,0,0,0,0,0,0,0,0,0,0,0,0,0,0,0,0,0,0,0,0,0,0,0,0,0,0,0,0,0,"env"
"BALPApilots/2017-09-08","2017-09-08","BALPApilots","Organised","Strike","Before event day","No","No","No","No","No","Other","Thomas Cook pilot strike","","strike","","2017-08-21",5,3.11543981730938,12,10,9,7,2,0,0,2,1,1,0,0,1,1,0,0,0,4,2,0,0,2,0,1,0,0,1,1,0,0,0,3,"pov"
"pcs_union, unitetheunion/2017-09-09","2017-09-09","pcs_union, unitetheunion","Organised, Organised","Protest","Before event day","Yes","No","No","No","No","Public space","End austerity","","march, rally","Bristol, Cardiff","2017-09-04",12,9.71968840048043,0,0,0,0,0,0,0,0,0,0,0,0,0,0,0,0,0,0,0,0,0,0,0,0,0,0,0,0,0,0,0,0,"pov"
"F_F_Ryedale/2017-09-13","2017-09-13","F_F_Ryedale","Organised","Protest","Before event day","Yes","No","No","Yes","No","Company site","Oppose fracking","","candlelit vigil","Kirby Misperton","2017-09-12",4,3.44649881124497,0,0,0,0,0,0,0,0,0,0,0,0,0,0,0,0,0,0,0,0,0,0,0,0,0,0,0,0,0,0,0,0,"env"
"StopKillingLDN/2017-09-14","2017-09-14","StopKillingLDN","Organised","Protest","Before event day","Yes","Yes","No","No","No","Public space","Oppose air pollution","","road block","Brixton, London","2017-09-07",9,5.47132037860927,0,0,0,0,0,0,0,0,0,0,0,0,0,0,0,0,0,0,0,0,0,0,0,0,0,0,0,0,0,0,0,0,"env"
"unitetheunion/2017-09-17","2017-09-17","unitetheunion","Participated","Both","Before event day","Yes","No","No","No","No","Public space","Refuse workers bin strike","","demonstration","Birmingham","2017-09-12",8,6.72008740901947,1,1,1,1,0,0,0,0,0,1,0,0,0,0,0,0,0,0,0,0,0,0,0,1,0,0,0,0,0,0,0,0,"pov"
"StopKillingLDN/2017-09-21","2017-09-21","StopKillingLDN","Organised","Protest","Before event day","Yes","Yes","No","No","No","Public space","Oppose air pollution","","road block","Trafalgar square","2017-09-14",7,4.43191396427424,0,0,0,0,0,0,0,0,0,0,0,0,0,0,0,0,0,0,0,0,0,0,0,0,0,0,0,0,0,0,0,0,"env"
"GreenpeaceUK/2017-09-21","2017-09-21","GreenpeaceUK","Organised","Protest","After event","No","Yes","No","No","No","Company site","Oppose Volkswagon pollution","60+","block ship","","2017-09-21",6,1.95548485631311,6,6,6,6,2,0,0,0,0,2,1,0,1,0,0,0,0,0,2,0,0,0,0,2,1,0,1,0,0,0,0,0,"env"
"StopKillingLDN/2017-09-22","2017-09-22","StopKillingLDN","Organised","Protest","Before event day","Yes","Yes","No","Yes","No","Public space","Oppose air pollution","","road block disco","Manor House","2017-09-06",2,1.67691653966904,0,0,0,0,0,0,0,0,0,0,0,0,0,0,0,0,0,0,0,0,0,0,0,0,0,0,0,0,0,0,0,0,"env"
"BALPApilots/2017-09-23","2017-09-23","BALPApilots","Organised","Strike","Before event day","No","No","No","No","No","Other","Thomas Cook pilot strike","","strike","","2017-09-22",2,1.4857589006424,9,4,3,1,4,0,0,1,1,2,0,0,0,0,0,0,0,1,1,0,0,0,1,1,0,0,0,0,0,0,0,1,"pov"
"IWGBunion/2017-09-27","2017-09-27","IWGBunion","Organised","Protest","Before event day","Yes","No","No","No","No","Political site","Against precarious labour","","","TfL offices","2017-09-18",8,3.05360411540365,2,2,0,0,0,0,0,0,0,0,0,0,0,0,2,0,0,0,0,0,0,0,0,0,0,0,0,0,2,0,0,0,"pov"
"CNDuk/2017-09-28","2017-09-28","CNDuk","Organised","Protest","Before event day","Yes","No","No","No","No","Political site","Say No to Nuclear War","","demonstration","Downing Street","2017-09-27",3,2.65512508153915,0,0,0,0,0,0,0,0,0,0,0,0,0,0,0,0,0,0,0,0,0,0,0,0,0,0,0,0,0,0,0,0,"env"
"pcs_union/2017-09-29","2017-09-29","pcs_union","Organised","Protest","Before event day","Yes","No","No","No","No","Unknown","Pay day protest, scrap the cap","1000s","protest","","2017-09-18",15,11.7582783549069,0,0,0,0,0,0,0,0,0,0,0,0,0,0,0,0,0,0,0,0,0,0,0,0,0,0,0,0,0,0,0,0,"pov"
"pcs_union, pplsassembly, unitetheunion/2017-10-01","2017-10-01","pcs_union, pplsassembly, unitetheunion","Organised, Organised, Participated","Protest","Before event day","Yes","No","No","No","No","Political site","Tories out, end zero hour contracts, anti austerity","","demonstration, rally","Tory party conference, Manchester","2017-08-21",62,42.2399159971387,11,9,9,8,5,0,1,0,1,0,1,0,0,2,0,0,0,1,4,0,1,0,1,0,1,0,0,2,0,0,0,0,"pov"
"campaigncc/2017-10-02","2017-10-02","campaigncc","Organised","Protest","Before event day","Yes","No","No","Yes","No","Political site","Oppose fracking","","protest, mr frackhead puppet","Tory party conference","2017-09-27",2,1.46760022640228,0,0,0,0,0,0,0,0,0,0,0,0,0,0,0,0,0,0,0,0,0,0,0,0,0,0,0,0,0,0,0,0,"env"
"BALPApilots/2017-10-06","2017-10-06","BALPApilots","Organised","Strike","Before event day","No","No","No","No","No","Other","Thomas Cook pilot strike","","industrial action, strike","","2017-09-23",3,1.54297737810397,5,4,0,0,4,0,0,0,0,1,0,0,0,0,0,0,0,0,3,0,0,0,0,1,0,0,0,0,0,0,0,0,"pov"
"bectu/2017-10-08","2017-10-08","bectu","Organised","Strike","On day, before event","No","No","No","No","No","Other","cinema workers strike","","strike, picket","","2017-10-08",3,1.62538522481918,0,0,0,0,0,0,0,0,0,0,0,0,0,0,0,0,0,0,0,0,0,0,0,0,0,0,0,0,0,0,0,0,"pov"
"pcs_union/2017-10-14","2017-10-14","pcs_union","Organised","Protest","Before event day","Yes","No","No","No","No","Public space","Scrap the cap","","rally","Norwich","2017-10-10",6,2.00890914323281,1,1,0,0,0,0,1,0,0,0,0,0,0,0,0,0,0,0,0,0,1,0,0,0,0,0,0,0,0,0,0,0,"pov"
"radicalhousing/2017-10-14","2017-10-14","radicalhousing","Organised","Protest","Before event day","Yes","No","No","Yes","No","Public space","Justice for Grenfell","","silent march","","2017-10-13",2,1.71940523372552,0,0,0,0,0,0,0,0,0,0,0,0,0,0,0,0,0,0,0,0,0,0,0,0,0,0,0,0,0,0,0,0,"pov"
"unitetheunion/2017-10-16","2017-10-16","unitetheunion","Organised","Protest","After event","No","No","No","No","No","Company site","Stop wage theft, against zero hours contracts","","protest","outside Bloomberg","2017-10-16",3,2.38402479887009,0,0,0,0,0,0,0,0,0,0,0,0,0,0,0,0,0,0,0,0,0,0,0,0,0,0,0,0,0,0,0,0,"pov"
"fbunational, GMB_union, MidwivesRCM, NEUnion, pcs_union, resistunite, the_TUC, unitetheunion/2017-10-17","2017-10-17","fbunational, GMB_union, MidwivesRCM, NEUnion, pcs_union, resistunite, the_TUC, unitetheunion","Participated, Organised, Participated, Participated, Organised, Participated, Organised, Organised","Protest","Before event day","Yes","No","No","No","No","Public space","Britain needs a pay rise, scrap the cap","","rally","London, Parliament Square","2017-09-11",124,67.3811368180279,5,5,1,1,1,0,0,0,2,0,0,0,1,0,0,0,0,1,1,0,0,0,2,0,0,0,1,0,0,0,0,1,"pov"
"pcs_union/2017-10-21","2017-10-21","pcs_union","Organised","Protest","Before event day","Yes","No","No","No","No","Public space","Oppose closure of HMRC office","","rally","Stockton","2017-10-09",12,7.2121078195609,0,0,0,0,0,0,0,0,0,0,0,0,0,0,0,0,0,0,0,0,0,0,0,0,0,0,0,0,0,0,0,0,"pov"
"pcs_union/2017-10-23","2017-10-23","pcs_union","Organised","Protest","Before event day","Yes","No","No","No","No","Public space","Scrap the cap","","rally","The Peace Gardens, Sheffield","2017-10-18",8,5.83949976454697,0,0,0,0,0,0,0,0,0,0,0,0,0,0,0,0,0,0,0,0,0,0,0,0,0,0,0,0,0,0,0,0,"pov"
"NEUnion/2017-10-24","2017-10-24","NEUnion","Organised","Protest","Before event day","Yes","No","No","No","No","Public space","Oppose school cuts","100s","rally, mass lobby","Parliament","2017-09-12",40,21.8117891615896,0,0,0,0,0,0,0,0,0,0,0,0,0,0,0,0,0,0,0,0,0,0,0,0,0,0,0,0,0,0,0,0,"pov"
"pcs_union/2017-10-24","2017-10-24","pcs_union","Organised","Protest","Before event day","Yes","No","No","No","No","Public space","Scrap the cap","","rally","Queen Victoria Square, Hull","2017-10-19",7,4.35167566231976,0,0,0,0,0,0,0,0,0,0,0,0,0,0,0,0,0,0,0,0,0,0,0,0,0,0,0,0,0,0,0,0,"pov"
"talkfracking/2017-10-25","2017-10-25","talkfracking","Organised","Protest","Before event day","Yes","No","No","No","No","Unknown","Frackoween, oppose fracking","","demonstration","Woodsetts","2017-10-24",3,0.993543196469544,0,0,0,0,0,0,0,0,0,0,0,0,0,0,0,0,0,0,0,0,0,0,0,0,0,0,0,0,0,0,0,0,"env"
"ClassWar2015/2017-10-25","2017-10-25","ClassWar2015","Organised","Protest","After event","No","No","No","No","No","Political site","Grenfell","","protest","Kensington and Chelsea council","2017-10-25",1,0.920547605,0,0,0,0,0,0,0,0,0,0,0,0,0,0,0,0,0,0,0,0,0,0,0,0,0,0,0,0,0,0,0,0,"pov"
"StopKillingLDN/2017-10-30","2017-10-30","StopKillingLDN","Organised","Protest","After event","No","Yes","No","No","No","Public space","Oppose air pollution","","road block","Tower Bridge","2017-10-30",3,1.75622573157193,0,0,0,0,0,0,0,0,0,0,0,0,0,0,0,0,0,0,0,0,0,0,0,0,0,0,0,0,0,0,0,0,"env"
"unitetheunion/2017-10-30","2017-10-30","unitetheunion","Organised","Strike","After event","No","No","No","No","No","Other","Capita strike, pensions, Arriva workers, bus strike, pay","","strike, strike","","2017-10-30",5,2.02883020015746,1,0,1,0,0,0,1,0,0,0,0,0,0,0,0,0,0,0,0,0,0,0,0,0,0,0,0,0,0,0,0,0,"pov"
"reclaimthepower/2017-10-31","2017-10-31","reclaimthepower","Participated","Protest","Before event day","Yes","No","No","No","No","Company site","Oppose fracking","","party protest, sing along","KM8 frack site, Kirby Misperton","2017-10-30",3,0.930609606203072,0,0,0,0,0,0,0,0,0,0,0,0,0,0,0,0,0,0,0,0,0,0,0,0,0,0,0,0,0,0,0,0,"env"
"unitetheunion/2017-10-31","2017-10-31","unitetheunion","Organised","Protest","Before event day","Yes","No","No","No","No","Unknown","Death of justice","","rally","","2017-08-22",40,32.0872755646809,1,1,1,1,0,0,1,0,0,0,0,0,0,0,0,0,0,0,0,0,1,0,0,0,0,0,0,0,0,0,0,0,"pov"
"pcs_union/2017-10-31","2017-10-31","pcs_union","Organised","Protest","Before event day","Yes","No","No","No","No","Unknown","Pay day protest","","protest","","2017-07-26",14,10.3297812976709,0,0,0,0,0,0,0,0,0,0,0,0,0,0,0,0,0,0,0,0,0,0,0,0,0,0,0,0,0,0,0,0,"pov"
"IWGBunion/2017-10-31","2017-10-31","IWGBunion","Organised","Protest","After event","No","Yes","No","No","No","Company site","Oppose sacking of Ferrari show room cleaners","","surprise protest, block road, bang drums","Ferrari store","2017-10-31",2,1.6854647397995,0,0,0,0,0,0,0,0,0,0,0,0,0,0,0,0,0,0,0,0,0,0,0,0,0,0,0,0,0,0,0,0,"pov"
"StopKillingLDN/2017-11-02","2017-11-02","StopKillingLDN","Organised","Protest","After event","Yes","No","Yes","No","No","Public space","Oppose air pollution","","spray painting","outside City Hall","2017-11-02",1,0.571055829524994,2,2,2,2,0,0,0,0,0,0,0,0,0,0,0,2,0,0,0,0,0,0,0,0,0,0,0,0,0,2,0,0,"env"
"StopKillingLDN/2017-11-03","2017-11-03","StopKillingLDN","Organised","Protest","After event","No","Yes","No","No","No","Public space","Cut air pollution","","protest, road block","Trafalgar Square","2017-11-03",2,1.777741372811,0,0,0,0,0,0,0,0,0,0,0,0,0,0,0,0,0,0,0,0,0,0,0,0,0,0,0,0,0,0,0,0,"env"
"unitetheunion/2017-11-04","2017-11-04","unitetheunion","Participated","Protest","Before event day","Yes","No","No","No","No","Public space","Make it right for Palestine","","demonstration","London","2017-10-19",20,16.5465894635994,0,0,0,0,0,0,0,0,0,0,0,0,0,0,0,0,0,0,0,0,0,0,0,0,0,0,0,0,0,0,0,0,"pov"
"StopKillingLDN/2017-11-05","2017-11-05","StopKillingLDN","Organised","Protest","After event","No","No","No","Yes","No","Political site","Oppose air pollution","4","spray paint","City Hall","2017-11-05",1,0.864345490932465,0,0,0,0,0,0,0,0,0,0,0,0,0,0,0,0,0,0,0,0,0,0,0,0,0,0,0,0,0,0,0,0,"env"
"F_F_Ryedale/2017-11-06","2017-11-06","F_F_Ryedale","Organised","Protest","After event","No","Yes","No","No","No","Other","Ban fracking","12","chained on","Pickering conservative club","2017-11-06",3,1.18641991913319,0,0,0,0,0,0,0,0,0,0,0,0,0,0,0,0,0,0,0,0,0,0,0,0,0,0,0,0,0,0,0,0,"env"
"pcs_union/2017-11-10","2017-11-10","pcs_union","Organised","Both","On day, before event","Yes","No","No","No","No","Unknown","jobcentre strike","","strike, picket, protest","Sheffield","2017-11-10",3,1.82374416300189,0,0,0,0,0,0,0,0,0,0,0,0,0,0,0,0,0,0,0,0,0,0,0,0,0,0,0,0,0,0,0,0,"pov"
"reclaimthepower/2017-11-14","2017-11-14","reclaimthepower","Organised","Protest","Before event day","Yes","No","No","No","No","Company site","Stop Funding Gas Pipelines","","demonstration","European Bank of Reconstruction and Development, London","2017-11-10",2,1.03995080292225,0,0,0,0,0,0,0,0,0,0,0,0,0,0,0,0,0,0,0,0,0,0,0,0,0,0,0,0,0,0,0,0,"env"
"CoalActionUK/2017-11-15","2017-11-15","CoalActionUK","Participated","Protest","After event","No","No","No","No","No","Company site","Ditch coal","<10","demonstration","AIG and Lloyds HQ","2017-11-15",4,2.64647774036493,0,0,0,0,0,0,0,0,0,0,0,0,0,0,0,0,0,0,0,0,0,0,0,0,0,0,0,0,0,0,0,0,"env"
"campaigncc/2017-11-16","2017-11-16","campaigncc","Participated","Protest","After event","No","Yes","No","No","No","Political site","Demand action on air pollution","<50","interrupt Mayor question time, shouting in unison, banner","City Hall","2017-11-16",1,0.904798269271851,0,0,0,0,0,0,0,0,0,0,0,0,0,0,0,0,0,0,0,0,0,0,0,0,0,0,0,0,0,0,0,0,"env"
"GMB_union/2017-11-16","2017-11-16","GMB_union","Organised","Protest","Before event day","Yes","No","No","No","No","Public space","demand support for bifab (oil and gas company) to save workers jobs","100s","march","to Scottish Parliament","2017-11-15",5,3.85049092769623,1,1,1,1,0,0,0,0,0,0,0,0,0,1,0,0,0,0,0,0,0,0,0,0,0,0,0,1,0,0,0,0,"pov"
"IWGBunion/2017-11-21","2017-11-21","IWGBunion","Organised","Protest","Before event day","Yes","No","No","No","No","Other","Oppose outsourced worker conditions, insource labour","","protest, demonstration","University of London","2017-10-27",29,18.5374797023048,1,0,1,0,1,0,0,0,0,0,0,0,0,0,0,0,0,0,0,0,0,0,0,0,0,0,0,0,0,0,0,0,"pov"
"keepnhspublic, pplsassembly/2017-11-21","2017-11-21","keepnhspublic, pplsassembly","Organised, Organised","Protest","Before event day","Yes","No","No","No","No","Political site","Stop the Universal Credit crisis, budget protest","","rally","Downing street","2017-11-10",21,11.6228840197791,0,0,0,0,0,0,0,0,0,0,0,0,0,0,0,0,0,0,0,0,0,0,0,0,0,0,0,0,0,0,0,0,"pov"
"HousingActionSL/2017-11-21","2017-11-21","HousingActionSL","Organised","Protest","Before event day","Yes","No","No","No","No","Court","Homes not borders, oppose deportation of rough sleepers","","demonstration, protest","Royal Courts of Justice","2017-11-16",7,2.41322361648059,0,0,0,0,0,0,0,0,0,0,0,0,0,0,0,0,0,0,0,0,0,0,0,0,0,0,0,0,0,0,0,0,"pov"
"We_OwnIt/2017-11-23","2017-11-23","We_OwnIt","Participated","Protest","Before event day","Yes","No","No","No","No","Public space","Labour rally against austerity, post budget rally, support public ownership","","rally","","2017-11-07",4,1.86347386292639,0,1,0,1,0,0,0,0,0,0,0,0,0,0,0,0,0,0,1,0,0,0,0,0,0,0,0,0,0,0,0,0,"pov"
"EISUnion/2017-11-25","2017-11-25","EISUnion","Organised","Protest","Before event day","Yes","No","No","No","No","Public space","counter demo to hard right rally, anti racism","","rally","Holyrood","2017-10-25",7,6.46714651584625,0,0,0,0,0,0,0,0,0,0,0,0,0,0,0,0,0,0,0,0,0,0,0,0,0,0,0,0,0,0,0,0,"pov"
"pcs_union, unitetheunion/2017-12-02","2017-12-02","pcs_union, unitetheunion","Organised, Organised","Protest","Before event day","Yes","No","No","No","No","Other","Fix university credit, oppose austerity","","day of action, protest","Politician's home (and other locations)","2017-11-13",38,32.7579142669535,0,0,0,0,0,0,0,0,0,0,0,0,0,0,0,0,0,0,0,0,0,0,0,0,0,0,0,0,0,0,0,0,"pov"
"CClimateAction/2017-12-04","2017-12-04","CClimateAction","Organised","Protest","Before event day","No","No","No","Yes","No","Political site","","","vigil","BEIS","2017-12-04",2,1.62356078579318,0,0,0,0,0,0,0,0,0,0,0,0,0,0,0,0,0,0,0,0,0,0,0,0,0,0,0,0,0,0,0,0,"env"
"pcs_union/2017-12-04","2017-12-04","pcs_union","Organised","Strike","Before event day","No","No","No","No","No","Other","DVSA strike, T&Cs","","strike, picket","","2017-11-30",53,18.277159317108,12,12,5,5,2,0,2,1,1,1,1,0,0,1,0,0,0,3,2,0,2,1,1,1,1,0,0,1,0,0,0,3,"pov"
"POAUnion/2017-12-05","2017-12-05","POAUnion","Organised","Protest","Before event day","Yes","No","No","No","No","Public space","Prison union rally","","rally, lobby","Parliament","2017-11-16",3,2.50380778312683,0,0,0,0,0,0,0,0,0,0,0,0,0,0,0,0,0,0,0,0,0,0,0,0,0,0,0,0,0,0,0,0,"pov"
"GMB_union/2017-12-05","2017-12-05","GMB_union","Organised","Protest","Before event day","No","No","No","No","No","Company site","DPD workers, pay cuts and enforced hours","","demonstration","DPD depots","2017-12-04",1,0.931742072105408,0,0,0,0,0,0,0,0,0,0,0,0,0,0,0,0,0,0,0,0,0,0,0,0,0,0,0,0,0,0,0,0,"pov"
"unitetheunion/2017-12-06","2017-12-06","unitetheunion","Organised","Protest","Before event day","Yes","No","No","No","No","Public space","End blacklisting","","day of action, lobby","Parliament","2017-11-17",18,15.145865477175,0,0,0,0,0,0,0,0,0,0,0,0,0,0,0,0,0,0,0,0,0,0,0,0,0,0,0,0,0,0,0,0,"pov"
"unitetheunion/2017-12-08","2017-12-08","unitetheunion","Organised","Protest","Before event day","Yes","No","No","Yes","No","Political site","Scrap the cap","","protest, dress up as pay pinch grinch","HM treasury","2017-11-30",7,4.99711760916974,0,0,0,0,0,0,0,0,0,0,0,0,0,0,0,0,0,0,0,0,0,0,0,0,0,0,0,0,0,0,0,0,"pov"
"HousingActionSL/2017-12-14","2017-12-14","HousingActionSL","Participated","Protest","Before event day","Yes","No","No","Yes","No","Public space","Justice for Grenfell","","silent march","","2017-12-08",4,2.67200498282909,0,0,0,0,0,0,0,0,0,0,0,0,0,0,0,0,0,0,0,0,0,0,0,0,0,0,0,0,0,0,0,0,"pov"
"UVWunion/2017-12-14","2017-12-14","UVWunion","Organised","Protest","Before event day","Yes","No","No","No","No","Company site","cleaners demand living wage","","demonstration","Lee Hecht Harrison offices","2017-12-10",2,1.80450910329819,0,0,0,0,0,0,0,0,0,0,0,0,0,0,0,0,0,0,0,0,0,0,0,0,0,0,0,0,0,0,0,0,"pov"
"StopKillingLDN/2017-12-18","2017-12-18","StopKillingLDN","Organised","Protest","Before event day","Yes","Yes","No","No","No","Public space","Oppose air pollution","","road block","West London","2017-12-13",1,0.876849174499512,0,0,0,0,0,0,0,0,0,0,0,0,0,0,0,0,0,0,0,0,0,0,0,0,0,0,0,0,0,0,0,0,"env"
"GMB_union/2017-12-19","2017-12-19","GMB_union","Organised","Protest","Before event day","Yes","No","No","No","No","Company site","Oppose ISS (firm) treatment of workers, oppose casual worker agreements","","day of action, protest","South London hospitals","2017-12-06",13,9.18998341260253,0,0,0,0,0,0,0,0,0,0,0,0,0,0,0,0,0,0,0,0,0,0,0,0,0,0,0,0,0,0,0,0,"pov"
"pcs_union/2017-12-21","2017-12-21","pcs_union","Organised","Strike","Before event day","No","No","No","No","No","Other","DWP worker strike, redundancies","","strike","","2017-12-18",4,2.23956605792046,0,0,0,0,0,0,0,0,0,0,0,0,0,0,0,0,0,0,0,0,0,0,0,0,0,0,0,0,0,0,0,0,"pov"
"frackfreelancs/2018-01-05","2018-01-05","frackfreelancs","Organised","Protest","On day, before event","No","No","No","No","No","Company site","Locals oppose fracking","250","rally, protest","Cuadrilla site, Preston New Road","2018-01-05",2,1.23980766534805,0,0,0,0,0,0,0,0,0,0,0,0,0,0,0,0,0,0,0,0,0,0,0,0,0,0,0,0,0,0,0,0,"env"
"reclaimthepower/2018-01-09","2018-01-09","reclaimthepower","Organised","Protest","After event","No","Yes","No","No","No","Company site","Oppose fracking","1","climb on top of delivery vehicle","Cuadrilla fracking site","2018-01-09",1,0.330334007740021,0,0,0,0,0,0,0,0,0,0,0,0,0,0,0,0,0,0,0,0,0,0,0,0,0,0,0,0,0,0,0,0,"env"
"F_F_Ryedale/2018-01-11","2018-01-11","F_F_Ryedale","Organised","Protest","On day, before event","Yes","No","No","No","No","Political site","Oppose fracking, motion to support protection against fracking being discussed","","demonstration","Ryedale district council offices","2018-01-11",1,0.681896090507507,0,0,0,0,0,0,0,0,0,0,0,0,0,0,0,0,0,0,0,0,0,0,0,0,0,0,0,0,0,0,0,0,"env"
"HousingActionSL/2018-01-16","2018-01-16","HousingActionSL","Participated","Protest","Before event day","Yes","No","No","No","No","Public space","Save elephant and castle shopping centre","","protest","Elephant and Castle","2018-01-09",6,3.45121071527686,0,0,0,0,0,0,0,0,0,0,0,0,0,0,0,0,0,0,0,0,0,0,0,0,0,0,0,0,0,0,0,0,"pov"
"We_OwnIt/2018-01-18","2018-01-18","We_OwnIt","Organised","Protest","Before event day","Yes","No","No","No","No","Public space","Oppose bail out of East Coast train line, bring it into public ownership","","protest","King's cross station","2018-01-12",74,56.2397804998249,0,0,0,0,0,0,0,0,0,0,0,0,0,0,0,0,0,0,0,0,0,0,0,0,0,0,0,0,0,0,0,0,"pov"
"bectu/2018-01-20","2018-01-20","bectu","Organised","Strike","Before event day","No","No","No","No","No","Other","Picture house strike","","strike","","2018-01-12",3,1.90787270673582,0,0,0,0,0,0,0,0,0,0,0,0,0,0,0,0,0,0,0,0,0,0,0,0,0,0,0,0,0,0,0,0,"pov"
"IWGBunion/2018-01-25","2018-01-25","IWGBunion","Organised","Both","Before event day","Yes","No","No","No","No","Other","Bring workers in house UoL","","protest, strike","Senate House","2018-01-08",20,14.4954704650396,0,0,0,0,0,0,0,0,0,0,0,0,0,0,0,0,0,0,0,0,0,0,0,0,0,0,0,0,0,0,0,0,"pov"
"unitetheunion/2018-01-26","2018-01-26","unitetheunion","Participated","Protest","On day, before event","Yes","No","No","No","No","Public space","Fund the NHS, Fix the NHS","","demonstration, rally","Manchester","2018-01-26",5,2.05231897856744,1,0,1,0,0,0,0,0,1,0,0,0,0,0,0,0,0,0,0,0,0,0,0,0,0,0,0,0,0,0,0,0,"pov"
"GreenpeaceUK/2018-01-27","2018-01-27","GreenpeaceUK","Organised","Protest","After event","No","No","No","Yes","No","Public space","Protect Antarctic",">10","activists dressed as penguins dance","'through the city', Glasgow","2018-01-27",8,0.572691189694405,0,0,0,0,0,0,0,0,0,0,0,0,0,0,0,0,0,0,0,0,0,0,0,0,0,0,0,0,0,0,0,0,"env"
"pcs_union/2018-01-31","2018-01-31","pcs_union","Organised","Protest","Before event day","Yes","No","No","No","No","Company site","Pay day protest, scrap the cap","","protest","workplaces","2018-01-17",26,21.5152693174107,0,0,0,0,0,0,0,0,0,0,0,0,0,0,0,0,0,0,0,0,0,0,0,0,0,0,0,0,0,0,0,0,"pov"
"CNDuk/2018-02-03","2018-02-03","CNDuk","Participated","Protest","Before event day","Yes","No","No","No","No","Public space","NHS in crisis: fix it now, NHS not Trident","","demonstration","Gower street, London","2018-02-01",1,0.951532542705536,0,0,0,0,0,0,0,0,0,0,0,0,0,0,0,0,0,0,0,0,0,0,0,0,0,0,0,0,0,0,0,0,"env"
"Dis_PPL_Protest, keepnhspublic, NEUnion, OccupyLondon, pcs_union, pplsassembly, theRCN, Ukuncut, unisontheunion, unitetheunion/2018-02-03","2018-02-03","Dis_PPL_Protest, keepnhspublic, NEUnion, OccupyLondon, pcs_union, pplsassembly, theRCN, Ukuncut, unisontheunion, unitetheunion","Participated, Participated, Participated, Participated, Participated, Organised, Participated, Participated, Participated, Participated","Protest","Before event day","Yes","No","No","No","No","Public space","Save our NHS","","march, rally, protest","London","2018-01-09",199,165.791077157473,26,26,10,10,3,1,2,0,18,0,1,0,0,1,0,0,0,0,3,1,2,0,18,0,1,0,0,1,0,0,0,0,"pov"
"NASUWT/2018-02-07","2018-02-07","NASUWT","Organised","Strike","Before event day","No","No","No","No","No","Other","Teacher strike Friesland School in Derbyshire","","strike","","2018-02-06",1,0.881032943725586,0,0,0,0,0,0,0,0,0,0,0,0,0,0,0,0,0,0,0,0,0,0,0,0,0,0,0,0,0,0,0,0,"pov"
"ClassWar2015/2018-02-08","2018-02-08","ClassWar2015","Organised","Protest","After event","No","No","No","No","No","Company site","Oppose Qatari royals","","protest","the Shard","2018-02-08",5,2.75249431680197,1,1,0,0,0,0,1,0,0,0,0,0,0,0,0,0,0,0,0,0,1,0,0,0,0,0,0,0,0,0,0,0,"pov"
"pcs_union/2018-02-14","2018-02-14","pcs_union","Organised","Protest","Before event day","Yes","No","No","No","No","Public space","Pay rally, scrap public sector pay cap","","rally","Stanley Road, Plymouth, nationwide","2018-01-17",19,11.6324575392622,0,0,0,0,0,0,0,0,0,0,0,0,0,0,0,0,0,0,0,0,0,0,0,0,0,0,0,0,0,0,0,0,"pov"
"talkfracking/2018-02-15","2018-02-15","talkfracking","Organised","Protest","After event","No","No","No","Yes","No","Company site","Oppose fracking","<10","pop-up fashion show","INEOS HQ","2018-02-15",3,0.757493960671127,0,0,0,0,0,0,0,0,0,0,0,0,0,0,0,0,0,0,0,0,0,0,0,0,0,0,0,0,0,0,0,0,"env"
"pcs_union/2018-02-15","2018-02-15","pcs_union","Organised","Protest","Before event day","Yes","No","No","No","No","Public space","Pay protest","","protest","Benton Park View","2018-02-12",4,1.76682974084808,0,0,0,0,0,0,0,0,0,0,0,0,0,0,0,0,0,0,0,0,0,0,0,0,0,0,0,0,0,0,0,0,"pov"
"unitetheunion/2018-02-16","2018-02-16","unitetheunion","Organised","Protest","Before event day","Yes","No","No","No","No","Public space","Oppose health bosses' tax avoidance and outsourcing","","protest, demonstration","Gloucester ","2018-02-16",6,1.99112698435373,0,0,0,0,0,0,0,0,0,0,0,0,0,0,0,0,0,0,0,0,0,0,0,0,0,0,0,0,0,0,0,0,"pov"
"bectu/2018-02-17","2018-02-17","bectu","Organised","Strike","Before event day","No","No","No","No","No","Other","cinema workers strike","","strike","","2018-02-06",2,1.45480722158389,0,0,0,0,0,0,0,0,0,0,0,0,0,0,0,0,0,0,0,0,0,0,0,0,0,0,0,0,0,0,0,0,"pov"
"SistersUncut/2018-02-18","2018-02-18","SistersUncut","Organised","Protest","After event","No","Yes","No","Yes","No","Entertainment/cultural","draw attention to domestic violence policies","","lie down on red carpet","BAFTAs","2018-02-18",4,3.12392744421959,4,4,4,4,2,0,2,0,0,0,0,0,0,0,0,0,0,0,2,0,2,0,0,0,0,0,0,0,0,0,0,0,"pov"
"pcs_union/2018-02-19","2018-02-19","pcs_union","Organised","Strike","Before event day","No","No","No","No","No","Other","Babcock Armour Centre strike","","strike","","2018-02-15",5,2.9371552169323,0,0,0,0,0,0,0,0,0,0,0,0,0,0,0,0,0,0,0,0,0,0,0,0,0,0,0,0,0,0,0,0,"pov"
"UCL_UCU/2018-02-22","2018-02-22","UCL_UCU","Organised","Strike","After event","No","No","No","No","No","Other","UCU strike","","strike, picket","","2018-02-22",6,2.32572867392825,48,42,26,21,8,0,4,0,3,0,3,0,5,12,7,0,0,6,8,0,4,0,3,0,3,0,5,8,5,0,0,6,"pov"
"ClassWar2015/2018-02-24","2018-02-24","ClassWar2015","Organised","Protest","Before event day","Yes","No","No","No","No","Public space","Anti-gentrification","","rally","park near City Hall","2018-02-11",3,2.54884505244919,0,0,0,0,0,0,0,0,0,0,0,0,0,0,0,0,0,0,0,0,0,0,0,0,0,0,0,0,0,0,0,0,"pov"
"IWGBunion, UCL_UCU/2018-02-26","2018-02-26","IWGBunion, UCL_UCU","Participated, Organised","Both","Before event day","Yes","No","No","No","No","Political site","","100s","demonstration","in front of UUK","2018-02-23",10,6.62946058060684,6,2,3,1,2,0,0,0,0,0,1,0,0,2,1,0,0,0,1,0,0,0,0,0,0,0,0,1,0,0,0,0,"pov"
"StopKillingLDN/2018-02-27","2018-02-27","StopKillingLDN","Organised","Protest","Before event day","Yes","Yes","No","Yes","No","Public space","Anti pollution","","road block, dancing","Tower bridge","2018-02-10",2,1.1094593256712,0,0,0,0,0,0,0,0,0,0,0,0,0,0,0,0,0,0,0,0,0,0,0,0,0,0,0,0,0,0,0,0,"env"
"FrackFreeScarb/2018-03-04","2018-03-04","FrackFreeScarb","Organised","Protest","Before event day","Yes","No","No","No","No","Public space","Oppose INEOS","","march, rally","Scarborough","2018-03-03",2,1.05258893966675,0,0,0,0,0,0,0,0,0,0,0,0,0,0,0,0,0,0,0,0,0,0,0,0,0,0,0,0,0,0,0,0,"env"
"unisontheunion/2018-03-04","2018-03-04","unisontheunion","Participated","Protest","Before event day","Yes","No","No","No","No","Public space","March for Women","","march, demonstration","Trafalgar Square","2018-02-19",5,4.33818173408508,0,0,0,0,0,0,0,0,0,0,0,0,0,0,0,0,0,0,0,0,0,0,0,0,0,0,0,0,0,0,0,0,"pov"
"UCL_UCU/2018-03-05","2018-03-05","UCL_UCU","Organised","Strike","Before event day","No","No","No","No","No","Other","UCU strike","","strike, picket","","2018-03-02",7,3.45119169335573,6,6,1,1,1,0,1,0,0,0,0,0,1,2,1,0,0,0,1,0,1,0,0,0,0,0,1,2,1,0,0,0,"pov"
"pcs_union/2018-03-06","2018-03-06","pcs_union","Organised","Protest","Before event day","Yes","No","No","No","No","Political site","Pay rally","","rally","House of Commons","2018-02-26",19,15.4723683515144,0,0,0,0,0,0,0,0,0,0,0,0,0,0,0,0,0,0,0,0,0,0,0,0,0,0,0,0,0,0,0,0,"pov"
"IWGBunion/2018-03-06","2018-03-06","IWGBunion","Organised","Protest","Before event day","Yes","No","No","No","No","Company site","Oppose outsourcing and zero hour contracts, UoL","","protest","The Brewery, graduation dinner event","2018-02-27",10,8.28726024191234,0,0,0,0,0,0,0,0,0,0,0,0,0,0,0,0,0,0,0,0,0,0,0,0,0,0,0,0,0,0,0,0,"pov"
"UCL_UCU/2018-03-08","2018-03-08","UCL_UCU","Organised","Both","On day, before event","No","No","No","No","No","Political site","UCU strike","","noisy protest, strike, picket","UUK offices","2018-03-08",8,4.5444400908961,5,4,3,2,1,0,2,0,0,0,1,0,0,0,1,0,0,0,1,0,1,0,0,0,1,0,0,0,1,0,0,0,"pov"
"IWGBunion/2018-03-10","2018-03-10","IWGBunion","Organised","Protest","Before event day","Yes","No","No","No","No","Other","Oppose sacking of cleaners RCM","","protest","Royal College of Music","2018-03-08",1,0.925580143928528,0,0,0,0,0,0,0,0,0,0,0,0,0,0,0,0,0,0,0,0,0,0,0,0,0,0,0,0,0,0,0,0,"pov"
"UCL_UCU/2018-03-14","2018-03-14","UCL_UCU","Organised","Both","Before event day","Yes","No","No","No","No","Public space","UCU strike, march for education","","march, strike, demonstration, picket","Malet place","2018-03-13",8,6.01294443007123,5,5,1,1,3,0,1,0,0,0,0,0,0,1,0,0,0,0,3,0,1,0,0,0,0,0,0,1,0,0,0,0,"pov"
"reclaimthepower/2018-03-15","2018-03-15","reclaimthepower","Organised","Protest","After event","No","Yes","No","No","No","Company site","Oppose fracking","","blocking entrance","Preston New Road, ","2018-03-15",2,1.78486895561218,0,0,0,0,0,0,0,0,0,0,0,0,0,0,0,0,0,0,0,0,0,0,0,0,0,0,0,0,0,0,0,0,"env"
"reclaimthepower/2018-03-16","2018-03-16","reclaimthepower","Organised","Protest","Before event day","Yes","No","No","Yes","No","Company site","Jig at the Rig","","mass dance off, demonstration","Preston New Road, Cuadrilla site","2018-02-15",22,7.42276344646361,0,0,0,0,0,0,0,0,0,0,0,0,0,0,0,0,0,0,0,0,0,0,0,0,0,0,0,0,0,0,0,0,"env"
"UCL_UCU/2018-03-16","2018-03-16","UCL_UCU","Organised","Both","Before event day","No","No","No","No","No","Other","UCU strike end of action show of strength","","gathering, show of strength, strike","UCL main quad","2018-03-15",10,6.70787421613932,16,10,3,3,5,0,0,0,0,0,1,0,0,8,2,0,0,0,2,0,0,0,0,0,1,0,0,6,1,0,0,0,"pov"
"friends_earth/2018-03-17","2018-03-17","friends_earth","Participated","Protest","Before event day","Yes","No","No","No","No","Public space","UN Anti-Racism Day demonstration","","demonstration","Portland place, London","2018-03-14",2,1.94476872682571,0,0,0,0,0,0,0,0,0,0,0,0,0,0,0,0,0,0,0,0,0,0,0,0,0,0,0,0,0,0,0,0,"env"
"pcs_union, the_TUC/2018-03-17","2018-03-17","pcs_union, the_TUC","Organised, Participated","Protest","Before event day","Yes","No","No","No","No","Public space","March against racism","1000s","march","London","2018-03-13",13,11.539951145794,3,3,3,3,3,0,0,0,0,0,0,0,0,0,0,0,0,0,3,0,0,0,0,0,0,0,0,0,0,0,0,0,"pov"
"pcs_union/2018-03-20","2018-03-20","pcs_union","Organised","Protest","Before event day","Yes","No","No","No","No","Entertainment/cultural","oppose outsourcing British Museum","","rally","British Museum","2018-03-16",12,11.0659525394197,0,0,0,0,0,0,0,0,0,0,0,0,0,0,0,0,0,0,0,0,0,0,0,0,0,0,0,0,0,0,0,0,"pov"
"unitetheunion/2018-03-23","2018-03-23","unitetheunion","Organised","Protest","Before event day","Yes","No","No","No","No","Company site","Gosport (defence site) wage robbery","","demonstration","Gosport (defence site)","2018-03-21",2,1.69820493459702,0,0,0,0,0,0,0,0,0,0,0,0,0,0,0,0,0,0,0,0,0,0,0,0,0,0,0,0,0,0,0,0,"pov"
"friends_earth/2018-03-24","2018-03-24","friends_earth","Organised","Protest","On day, before event","Yes","No","No","Yes","No","Public space","Save Sherwood, International Day of Forests","","pop street performance","Sheffield","2018-03-24",5,0.933053046803383,1,1,1,1,0,0,1,0,0,0,0,0,0,0,0,0,0,0,0,0,1,0,0,0,0,0,0,0,0,0,0,0,"env"
"unitetheunion/2018-03-28","2018-03-28","unitetheunion","Organised","Strike","Before event day","No","No","No","No","No","Other","Dial-a-ride workers strike, Bromley library strike","","strike, picket, strike","","2018-03-27",6,3.54838105275815,1,1,1,1,0,0,1,0,0,0,0,0,0,0,0,0,0,0,0,0,1,0,0,0,0,0,0,0,0,0,0,0,"pov"
"UVWunion/2018-03-28","2018-03-28","UVWunion","Organised","Strike","Before event day","No","No","No","No","No","Other","Recycling plant wild cat strike","","wildcat strike","","2018-03-27",4,2.9792652130127,1,0,1,0,0,0,1,0,0,0,0,0,0,0,0,0,0,0,0,0,0,0,0,0,0,0,0,0,0,0,0,0,"pov"
"pcs_union/2018-03-29","2018-03-29","pcs_union","Organised","Protest","Before event day","Yes","No","No","No","No","Company site","Pay day protests, scrap the cap","","protest","workplaces","2018-03-21",27,10.0277946887123,0,0,0,0,0,0,0,0,0,0,0,0,0,0,0,0,0,0,0,0,0,0,0,0,0,0,0,0,0,0,0,0,"pov"
"planestupid/2018-04-09","2018-04-09","planestupid","Participated","Protest","On day, before event","Yes","No","No","No","No","Embassy","Solidarity demo with La ZAD","","demonstration","French Consulate","2018-04-09",2,1.81831455230713,0,0,0,0,0,0,0,0,0,0,0,0,0,0,0,0,0,0,0,0,0,0,0,0,0,0,0,0,0,0,0,0,"env"
"campaigncc/2018-04-10","2018-04-10","campaigncc","Organised","Protest","Before event day","Yes","No","No","Yes","No","Unknown","UN climate shipping talks protest","","protest, flashmob, drumming circle, family friendly","","2018-04-06",6,3.1201961008324,0,0,0,0,0,0,0,0,0,0,0,0,0,0,0,0,0,0,0,0,0,0,0,0,0,0,0,0,0,0,0,0,"env"
"frackfreelancs/2018-04-10","2018-04-10","frackfreelancs","Organised","Protest","Before event day","Yes","No","No","No","No","Entertainment/cultural","against Cuadrilla","","rally","Blackpool FC","2018-03-13",6,1.91915109181068,1,1,0,0,0,0,1,0,0,0,0,0,0,0,0,0,0,0,0,0,1,0,0,0,0,0,0,0,0,0,0,0,"env"
"We_OwnIt/2018-04-10","2018-04-10","We_OwnIt","Organised","Protest","After event","No","No","No","No","No","Public space","Bring East Coast into public ownership","","demonstration","Kings Cross","2018-04-10",4,1.46870502829552,0,0,0,0,0,0,0,0,0,0,0,0,0,0,0,0,0,0,0,0,0,0,0,0,0,0,0,0,0,0,0,0,"pov"
"CNDuk/2018-04-13","2018-04-13","CNDuk","Organised","Protest","Before event day","Yes","No","No","No","No","Political site","oppose bombing of Syria","","protest","Downing street","2018-04-12",2,1.73375624418259,0,0,0,0,0,0,0,0,0,0,0,0,0,0,0,0,0,0,0,0,0,0,0,0,0,0,0,0,0,0,0,0,"env"
"ASLEFunion/2018-04-13","2018-04-13","ASLEFunion","Organised","Strike","Before event day","No","No","No","No","No","Other","Tube strike","","strike","","2018-04-09",4,2.0684230774641,0,0,0,0,0,0,0,0,0,0,0,0,0,0,0,0,0,0,0,0,0,0,0,0,0,0,0,0,0,0,0,0,"pov"
"CNDuk/2018-04-16","2018-04-16","CNDuk","Organised","Protest","On day, before event","Yes","No","No","No","No","Public space","oppose military intervention in Syria","","protest","outside Parliament, Parliament square","2018-04-16",2,1.76859384775162,0,0,0,0,0,0,0,0,0,0,0,0,0,0,0,0,0,0,0,0,0,0,0,0,0,0,0,0,0,0,0,0,"env"
"NASUWT/2018-04-17","2018-04-17","NASUWT","Organised","Strike","After event","No","No","No","No","No","Other","Chepstow Comprehensive School strike, management practices, working conditions","","strike","","2018-04-17",2,1.43316429853439,0,0,0,0,0,0,0,0,0,0,0,0,0,0,0,0,0,0,0,0,0,0,0,0,0,0,0,0,0,0,0,0,"pov"
"unitetheunion/2018-04-17","2018-04-17","unitetheunion","Organised","Protest","After event","No","No","No","No","No","Company site","Demand construction company adhere to national sector agreements on pay and conditions","","protest","Deeside construction site","2018-04-17",4,1.13058229537462,0,0,0,0,0,0,0,0,0,0,0,0,0,0,0,0,0,0,0,0,0,0,0,0,0,0,0,0,0,0,0,0,"pov"
"pcs_union/2018-04-18","2018-04-18","pcs_union","Organised","Protest","Before event day","Yes","No","No","No","No","Entertainment/cultural","Support workers employed by collapsed Carillion, bring staff in house","","protest","British Museum","2018-04-10",24,19.3216490713499,0,0,0,0,0,0,0,0,0,0,0,0,0,0,0,0,0,0,0,0,0,0,0,0,0,0,0,0,0,0,0,0,"pov"
"Dis_PPL_Protest/2018-04-18","2018-04-18","Dis_PPL_Protest","Organised","Protest","Before event day","No","Yes","No","Yes","No","Political site","Oppose universal credit","","occupation, set up crime scene, demonstration","Parliament central lobby","2018-03-25",12,7.8152817640348,0,0,0,0,0,0,0,0,0,0,0,0,0,0,0,0,0,0,0,0,0,0,0,0,0,0,0,0,0,0,0,0,"pov"
"unitetheunion/2018-04-18","2018-04-18","unitetheunion","Organised","Protest","Before event day","Yes","No","No","Yes","No","Political site","Time for justice, oppose legal aid cuts","","vigil","outside MoJ","2018-04-13",8,4.66681503472979,0,0,0,0,0,0,0,0,0,0,0,0,0,0,0,0,0,0,0,0,0,0,0,0,0,0,0,0,0,0,0,0,"pov"
"NEUnion/2018-04-22","2018-04-22","NEUnion","Organised","Protest","Before event day","Yes","No","No","No","No","Unknown","Oppose education cuts","","weekend of action","nationwide","2018-03-20",40,33.935121387883,0,0,0,0,0,0,0,0,0,0,0,0,0,0,0,0,0,0,0,0,0,0,0,0,0,0,0,0,0,0,0,0,"pov"
"UCL_UCU/2018-04-23","2018-04-23","UCL_UCU","Organised","Strike","Before event day","No","No","No","No","No","Other","UCU strike","","strike","","2018-03-22",2,1.5221608877182,0,0,0,0,0,0,0,0,0,0,0,0,0,0,0,0,0,0,0,0,0,0,0,0,0,0,0,0,0,0,0,0,"pov"
"IWGBunion/2018-04-25","2018-04-25","IWGBunion","Organised","Both","Before event day","Yes","No","No","No","No","Other","End outsourcing UoL","100+","protest, strike","Senate House","2018-03-22",20,16.7683295007596,0,0,0,0,0,0,0,0,0,0,0,0,0,0,0,0,0,0,0,0,0,0,0,0,0,0,0,0,0,0,0,0,"pov"
"GMB_union/2018-04-28","2018-04-28","GMB_union","Organised","Protest","Before event day","Yes","No","No","No","No","Public space","oppose school cuts","","rally","Birmingham","2018-04-26",5,1.5410587862134,0,0,0,0,0,0,0,0,0,0,0,0,0,0,0,0,0,0,0,0,0,0,0,0,0,0,0,0,0,0,0,0,"pov"
"pcs_union/2018-05-01","2018-05-01","pcs_union","Participated","Protest","Before event day","Yes","No","No","No","No","Public space","May day","","march, rally","London","2018-04-26",28,5.35751638143432,0,0,0,0,0,0,0,0,0,0,0,0,0,0,0,0,0,0,0,0,0,0,0,0,0,0,0,0,0,0,0,0,"pov"
"HousingActionSL/2018-05-03","2018-05-03","HousingActionSL","Organised","Protest","After event","No","No","No","No","No","Public space","Oppose overcrowding","","protest","Lambeth civic centre","2018-05-03",4,3.29590135784717,0,0,0,0,0,0,0,0,0,0,0,0,0,0,0,0,0,0,0,0,0,0,0,0,0,0,0,0,0,0,0,0,"pov"
"NEUnion/2018-05-04","2018-05-04","NEUnion","Organised","Protest","Before event day","No","No","No","No","No","Company site","oppose Pearson investment in Low fee private schools provider Bridge","","demonstration","Pearson AGM","2018-05-02",2,1.851487159729,0,0,0,0,0,0,0,0,0,0,0,0,0,0,0,0,0,0,0,0,0,0,0,0,0,0,0,0,0,0,0,0,"pov"
"CoalActionUK/2018-05-05","2018-05-05","CoalActionUK","Organised","Protest","After event","No","No","No","No","No","Public space","Oppose new opencast coal extraction","","out in full force to say no","Durham","2018-05-05",2,0.875959761919312,0,0,0,0,0,0,0,0,0,0,0,0,0,0,0,0,0,0,0,0,0,0,0,0,0,0,0,0,0,0,0,0,"env"
"CoalActionUK/2018-05-09","2018-05-09","CoalActionUK","Organised","Protest","After event","No","No","No","No","No","Political site","Oppose plans to 'destroy' Pont Valley, Durham","<20","action","MHCLG","2018-05-09",1,0.753629803657532,0,0,0,0,0,0,0,0,0,0,0,0,0,0,0,0,0,0,0,0,0,0,0,0,0,0,0,0,0,0,0,0,"env"
"pcs_union/2018-05-09","2018-05-09","pcs_union","Organised","Protest","Before event day","No","No","No","No","No","Public space","Oppose cuts and privatisation in museums and galleries","","rally","Parliament","2018-04-07",12,3.36843966576953,0,0,0,0,0,0,0,0,0,0,0,0,0,0,0,0,0,0,0,0,0,0,0,0,0,0,0,0,0,0,0,0,"pov"
"bectu/2018-05-09","2018-05-09","bectu","Organised","Strike","Before event day","No","No","No","No","No","Other","Al Jazeera strike, pay","","strike","","2018-03-14",5,2.81437059491873,1,1,0,0,0,0,1,0,0,0,0,0,0,0,0,0,0,0,0,0,1,0,0,0,0,0,0,0,0,0,0,0,"pov"
"reclaimthepower/2018-05-10","2018-05-10","reclaimthepower","Organised","Protest","After event","No","No","No","No","No","Company site","Unfriend coal","2","protest, hold banner","Aviva AGM","2018-05-10",1,0.952690660953522,0,0,0,0,0,0,0,0,0,0,0,0,0,0,0,0,0,0,0,0,0,0,0,0,0,0,0,0,0,0,0,0,"env"
"CNDuk/2018-05-11","2018-05-11","CNDuk","Participated","Protest","Before event day","Yes","No","No","No","No","Embassy","solidarity with Palestine","","protest","Israeli embassy","2018-05-09",2,1.74867075681686,0,0,0,0,0,0,0,0,0,0,0,0,0,0,0,0,0,0,0,0,0,0,0,0,0,0,0,0,0,0,0,0,"env"
"pcs_union/2018-05-11","2018-05-11","pcs_union","Organised","Both","Before event day","No","No","No","No","No","Public space","Advisory, Conciliation and Arbitration Service workers strike","","strike, rally","Piccadilly Gate, Manchester","2018-05-04",12,9.15792787813184,1,1,1,1,0,0,0,1,0,0,0,0,0,0,0,0,0,0,0,0,0,1,0,0,0,0,0,0,0,0,0,0,"pov"
"CNDuk/2018-05-12","2018-05-12","CNDuk","Participated","Protest","Before event day","Yes","No","No","No","No","Public space","TUC new deal rally","","march, demonstration, rally","London","2018-04-19",4,3.36803263410645,0,0,0,0,0,0,0,0,0,0,0,0,0,0,0,0,0,0,0,0,0,0,0,0,0,0,0,0,0,0,0,0,"env"
"EquityUK, fbunational, MidwivesRCM, NASUWT, NEUnion, pcs_union, pplsassembly, the_TUC, unisontheunion, unitetheunion/2018-05-12","2018-05-12","EquityUK, fbunational, MidwivesRCM, NASUWT, NEUnion, pcs_union, pplsassembly, the_TUC, unisontheunion, unitetheunion","Participated, Participated, Participated, Participated, Participated, Participated, Participated, Organised, Participated, Participated","Protest","Before event day","Yes","No","No","No","No","Public space","TUC new deal, March for the alternative","","march, demonstration, rally","London","2018-04-04",343,284.006059899846,30,28,22,20,4,0,4,0,9,0,0,0,0,0,0,2,1,10,2,0,4,0,9,0,0,0,0,0,0,2,1,10,"pov"
"CNDuk/2018-05-15","2018-05-15","CNDuk","Organised","Protest","Before event day","Yes","No","No","No","No","Political site","Oppose Israeli forces shooting Gazans","","protest","Downing street","2018-05-14",2,1.8079628944397,0,0,0,0,0,0,0,0,0,0,0,0,0,0,0,0,0,0,0,0,0,0,0,0,0,0,0,0,0,0,0,0,"env"
"TridentPlough/2018-05-16","2018-05-16","TridentPlough","Organised","Protest","After event","No","No","No","Yes","No","Political site","Scrap trident","","performance","central lobby Parliament (during PMQs)","2018-05-16",1,0.814401924610138,0,0,0,0,0,0,0,0,0,0,0,0,0,0,0,0,0,0,0,0,0,0,0,0,0,0,0,0,0,0,0,0,"env"
"unitetheunion/2018-05-18","2018-05-18","unitetheunion","Organised","Both","Before event day","Yes","No","No","No","No","Public space","TGI Fridays strike","","strike, protest","Milton Keynes, Covent Garden","2018-05-04",15,9.52684697508812,3,3,3,3,2,0,0,0,0,0,1,0,0,0,0,0,0,0,2,0,0,0,0,0,1,0,0,0,0,0,0,0,"pov"
"FrackFreeScarb/2018-05-19","2018-05-19","FrackFreeScarb","Organised","Protest","After event","No","No","No","No","No","Public space","Oppose fracking","","demonstration","Manchester","2018-05-19",1,0.933271765708923,0,0,0,0,0,0,0,0,0,0,0,0,0,0,0,0,0,0,0,0,0,0,0,0,0,0,0,0,0,0,0,0,"env"
"friends_earth/2018-05-21","2018-05-21","friends_earth","Organised","Protest","Before event day","Yes","No","No","Yes","No","Company site","Oppose BP environmental recklessness","","vigil","BP AGM","2018-04-11",3,0.993435285743469,0,0,0,0,0,0,0,0,0,0,0,0,0,0,0,0,0,0,0,0,0,0,0,0,0,0,0,0,0,0,0,0,"env"
"unitetheunion/2018-05-24","2018-05-24","unitetheunion","Organised","Protest","Before event day","Yes","No","No","No","No","Unknown","Stop Universal Credit","","day of action","Aberystwyth, Truro, Ealing, Leeds, Liverpool","2018-03-26",26,21.8815750772708,0,0,0,0,0,0,0,0,0,0,0,0,0,0,0,0,0,0,0,0,0,0,0,0,0,0,0,0,0,0,0,0,"pov"
"unitetheunion/2018-05-30","2018-05-30","unitetheunion","Organised","Both","After event","No","No","No","No","No","Other","Deeside's Parc Adfer construction site worker exploitation, strike and protest, Luton airport staff demand fair pay","","strike, protest, strike","Deeside's Parc Adfer construction site","2018-05-30",3,1.69567076165817,0,0,0,0,0,0,0,0,0,0,0,0,0,0,0,0,0,0,0,0,0,0,0,0,0,0,0,0,0,0,0,0,"pov"
"frackfreelancs/2018-05-31","2018-05-31","frackfreelancs","Participated","Protest","On day, before event","Yes","No","No","No","No","Court","oppose assault on peaceful protest","","demonstration","Manchester Civil Justice Centre","2018-05-31",2,0.848665047450714,0,0,0,0,0,0,0,0,0,0,0,0,0,0,0,0,0,0,0,0,0,0,0,0,0,0,0,0,0,0,0,0,"env"
"pcs_union/2018-05-31","2018-05-31","pcs_union","Organised","Protest","Before event day","Yes","No","No","No","No","Unknown","Pay day protests","","protest","","2018-05-22",14,12.349802195853,0,0,0,0,0,0,0,0,0,0,0,0,0,0,0,0,0,0,0,0,0,0,0,0,0,0,0,0,0,0,0,0,"pov"
"unitetheunion/2018-06-01","2018-06-01","unitetheunion","Organised","Strike","On day, before event","No","No","No","No","No","Other","TGI Friday strike","","strike, picket","","2018-06-01",6,2.34318731714886,1,0,1,0,0,0,1,0,0,0,0,0,0,0,0,0,0,0,0,0,0,0,0,0,0,0,0,0,0,0,0,0,"pov"
"bectu/2018-06-02","2018-06-02","bectu","Organised","Strike","Before event day","No","No","No","No","No","Other","Cinema workers strike","","strike","","2018-05-31",3,2.05993360280991,0,0,0,0,0,0,0,0,0,0,0,0,0,0,0,0,0,0,0,0,0,0,0,0,0,0,0,0,0,0,0,0,"pov"
"VoteNoHeathrow/2018-06-04","2018-06-04","VoteNoHeathrow","Organised","Protest","After event","No","No","Yes","No","Yes","Political site","Vote not Heathrow","8","graffiti","Labour HQ","2018-06-04",4,1.22282195474793,0,0,0,0,0,0,0,0,0,0,0,0,0,0,0,0,0,0,0,0,0,0,0,0,0,0,0,0,0,0,0,0,"env"
"talkfracking/2018-06-05","2018-06-05","talkfracking","Organised","Protest","After event","No","No","No","No","No","Political site","Oppose fracking, break free from plastic","","demonstration","Downing Street","2018-06-05",4,1.85320679093442,0,0,0,0,0,0,0,0,0,0,0,0,0,0,0,0,0,0,0,0,0,0,0,0,0,0,0,0,0,0,0,0,"env"
"IWGBunion/2018-06-06","2018-06-06","IWGBunion","Organised","Both","Before event day","Yes","No","No","No","No","Other","End outsourcing and neoliberalisation UoL","","strike, demonstration","Senate House","2018-05-15",11,9.35858875411762,0,0,0,0,0,0,0,0,0,0,0,0,0,0,0,0,0,0,0,0,0,0,0,0,0,0,0,0,0,0,0,0,"pov"
"unitetheunion/2018-06-08","2018-06-08","unitetheunion","Organised","Strike","After event","No","No","No","No","No","Other","TGI Fridays strike","","strike","","2018-06-08",4,1.92429474718407,1,1,0,0,0,0,1,0,0,0,0,0,0,0,0,0,0,0,0,0,1,0,0,0,0,0,0,0,0,0,0,0,"pov"
"VoteNoHeathrow/2018-06-09","2018-06-09","VoteNoHeathrow","Organised","Protest","After event","No","No","No","No","No","Other","Vote no Heathrow","","hunger strike","Unite the union","2018-06-09",3,2.35659402608872,0,0,0,0,0,0,0,0,0,0,0,0,0,0,0,0,0,0,0,0,0,0,0,0,0,0,0,0,0,0,0,0,"env"
"ArtNotOil/2018-06-11","2018-06-11","ArtNotOil","Organised","Protest","After event","No","No","No","Yes","No","Entertainment/cultural","Oppose BP sponsorship","2","singing","BP Portrait award","2018-06-11",18,0.449831777223309,0,0,0,0,0,0,0,0,0,0,0,0,0,0,0,0,0,0,0,0,0,0,0,0,0,0,0,0,0,0,0,0,"env"
"FrackOffLondon/2018-06-13","2018-06-13","FrackOffLondon","Organised","Protest","After event","No","Yes","No","No","No","Political site","Oppose fracking","<10","lock on","BEIS","2018-06-13",2,1.73920941352844,0,0,0,0,0,0,0,0,0,0,0,0,0,0,0,0,0,0,0,0,0,0,0,0,0,0,0,0,0,0,0,0,"env"
"radicalhousing/2018-06-14","2018-06-14","radicalhousing","Participated","Protest","After event","No","No","No","Yes","No","Public space","Justice for Grenfell","","silent march","","2018-06-14",4,1.31779567527766,0,0,0,0,0,0,0,0,0,0,0,0,0,0,0,0,0,0,0,0,0,0,0,0,0,0,0,0,0,0,0,0,"pov"
"unitetheunion/2018-06-16","2018-06-16","unitetheunion","Organised","Protest","Before event day","Yes","No","No","No","No","Public space","Orgreave justice, Truth and Justice rally","","rally","Sheffield","2018-04-25",33,14.8620359673393,2,1,1,0,0,0,2,0,0,0,0,0,0,0,0,0,0,0,0,0,1,0,0,0,0,0,0,0,0,0,0,0,"pov"
"fbunational, pcs_union/2018-06-16","2018-06-16","fbunational, pcs_union","Organised, Participated","Protest","Before event day","Yes","No","No","No","No","Political site","Justice for Grenfell","","march","Downing Street","2018-05-24",29,9.2300499142846,1,0,0,0,0,0,1,0,0,0,0,0,0,0,0,0,0,0,0,0,0,0,0,0,0,0,0,0,0,0,0,0,"pov"
"TridentPlough/2018-06-20","2018-06-20","TridentPlough","Organised","Protest","After event","No","No","No","No","No","Political site","","","action","Parliament","2018-06-20",2,0.894989516722748,0,0,0,0,0,0,0,0,0,0,0,0,0,0,0,0,0,0,0,0,0,0,0,0,0,0,0,0,0,0,0,0,"env"
"CClimateAction/2018-06-20","2018-06-20","CClimateAction","Organised","Protest","After event","No","No","No","Yes","No","Company site","oppose fracking","","prayer vigil","potential fracking site, Tinker lane, Notts","2018-06-20",2,1.03584082424641,0,0,0,0,0,0,0,0,0,0,0,0,0,0,0,0,0,0,0,0,0,0,0,0,0,0,0,0,0,0,0,0,"env"
"VoteNoHeathrow/2018-06-22","2018-06-22","VoteNoHeathrow","Organised","Protest","After event","No","Yes","No","No","No","Public space","Vote no Heathrow","","road block","Parliament Square","2018-06-22",4,1.8847141712904,0,0,0,0,0,0,0,0,0,0,0,0,0,0,0,0,0,0,0,0,0,0,0,0,0,0,0,0,0,0,0,0,"env"
"VoteNoHeathrow/2018-06-23","2018-06-23","VoteNoHeathrow","Organised","Protest","Before event day","Yes","No","No","No","No","Public space","Vote no Heathrow","","rally","Parliament square","2018-06-17",7,2.34910754537656,0,0,0,0,0,0,0,0,0,0,0,0,0,0,0,0,0,0,0,0,0,0,0,0,0,0,0,0,0,0,0,0,"env"
"VoteNoHeathrow/2018-06-25","2018-06-25","VoteNoHeathrow","Organised","Protest","After event","No","No","No","Yes","No","Political site","Vote no Heathrow, Lords heathrow vote","","die in","Parliament central lobby","2018-06-25",40,4.28747714046676,2,2,2,2,0,1,1,0,0,0,0,0,0,0,0,0,0,0,0,1,1,0,0,0,0,0,0,0,0,0,0,0,"env"
"reclaimthepower/2018-06-27","2018-06-27","reclaimthepower","Organised","Protest","Before event day","Yes","Yes","No","No","No","Company site","Block around the clock, oppose fracking","","block","Cuadrilla site","2018-05-30",3,0.98782210073761,0,0,0,0,0,0,0,0,0,0,0,0,0,0,0,0,0,0,0,0,0,0,0,0,0,0,0,0,0,0,0,0,"env"
"NASUWT/2018-06-27","2018-06-27","NASUWT","Organised","Strike","Before event day","No","No","No","No","No","Other","Lowestoft Sixth Form College strike, restructuring plans","","strike","","2018-06-26",2,1.64980471134186,0,0,0,0,0,0,0,0,0,0,0,0,0,0,0,0,0,0,0,0,0,0,0,0,0,0,0,0,0,0,0,0,"pov"
"reclaimthepower/2018-06-28","2018-06-28","reclaimthepower","Organised","Protest","Before event day","Yes","Yes","No","No","No","Company site","Block around the clock, oppose fracking","","block","Preston New Road, Cuadrilla site","2018-06-27",3,1.04527374915779,0,0,0,0,0,0,0,0,0,0,0,0,0,0,0,0,0,0,0,0,0,0,0,0,0,0,0,0,0,0,0,0,"env"
"reclaimthepower/2018-06-30","2018-06-30","reclaimthepower","Organised","Protest","Before event day","Yes","No","No","No","No","Public space","Block around the clock, oppose fracking","","march","Blackpool promenade","2018-06-29",3,2.568363904953,0,0,0,0,0,0,0,0,0,0,0,0,0,0,0,0,0,0,0,0,0,0,0,0,0,0,0,0,0,0,0,0,"env"
"GMB_union, keepnhspublic, MidwivesRCM, NHSour, pplsassembly, the_TUC, TheBMA, theRCN, unisontheunion, unitetheunion/2018-06-30","2018-06-30","GMB_union, keepnhspublic, MidwivesRCM, NHSour, pplsassembly, the_TUC, TheBMA, theRCN, unisontheunion, unitetheunion","Participated, Organised, Participated, Organised, Organised, Participated, Organised, Participated, Organised, Organised","Protest","Before event day","Yes","No","No","No","No","Public space","Save the NHS, free for all forever, our NHS","","demonstration, march, rally","London","2018-05-09",232,172.718081029339,19,15,8,4,5,0,3,0,11,0,0,0,0,0,0,0,0,0,2,0,3,0,10,0,0,0,0,0,0,0,0,0,"pov"
"HousingActionSL/2018-07-03","2018-07-03","HousingActionSL","Participated","Protest","After event","No","No","No","No","No","Public space","oppose plans for Elephant and Castle shopping centre","","protest","Southwark council town hall","2018-07-03",6,4.84004890936786,0,0,0,0,0,0,0,0,0,0,0,0,0,0,0,0,0,0,0,0,0,0,0,0,0,0,0,0,0,0,0,0,"pov"
"unitetheunion/2018-07-04","2018-07-04","unitetheunion","Organised","Protest","Before event day","Yes","No","No","No","No","Company site","Fair pay and fair tips at TGI Fridays","","protest","TGI restaurants","2018-07-02",25,12.0989599450571,0,0,0,0,0,0,0,0,0,0,0,0,0,0,0,0,0,0,0,0,0,0,0,0,0,0,0,0,0,0,0,0,"pov"
"We_OwnIt/2018-07-06","2018-07-06","We_OwnIt","Organised","Protest","Before event day","Yes","No","No","Yes","No","Public space","Support public ownership of water","","splash mob, circus theme","Southbank","2018-06-27",9,2.24684719741344,2,1,2,1,0,0,1,1,0,0,0,0,0,0,0,0,0,0,0,0,0,1,0,0,0,0,0,0,0,0,0,0,"pov"
"ASLEFunion, MidwivesRCM, NEUnion/2018-07-07","2018-07-07","ASLEFunion, MidwivesRCM, NEUnion","Participated, Participated, Participated","Protest","Before event day","Yes","No","No","No","No","Public space","Pride","","march","London","2018-05-23",27,11.5173266679966,5,1,3,1,3,0,2,0,0,0,0,0,0,0,0,0,0,0,1,0,0,0,0,0,0,0,0,0,0,0,0,0,"pov"
"unitetheunion/2018-07-07","2018-07-07","unitetheunion","Participated","Protest","Before event day","Yes","No","No","No","No","Public space","anti fascism","","march","Leeds","2018-07-02",12,6.06272762347369,1,0,0,0,1,0,0,0,0,0,0,0,0,0,0,0,0,0,0,0,0,0,0,0,0,0,0,0,0,0,0,0,"pov"
"IWGBunion/2018-07-10","2018-07-10","IWGBunion","Organised","Protest","Before event day","Yes","No","No","No","No","Other","UoL cleaners protest for equality, leading women, oppose outsourcing","","protest, rally","Senate House","2018-07-02",6,2.51428751662225,0,0,0,0,0,0,0,0,0,0,0,0,0,0,0,0,0,0,0,0,0,0,0,0,0,0,0,0,0,0,0,0,"pov"
"unitetheunion/2018-07-10","2018-07-10","unitetheunion","Organised","Strike","Before event day","No","No","No","No","No","Other","Homes and communities agency staff strike, pay","","strike","","2018-07-09",5,2.04442212018913,0,0,0,0,0,0,0,0,0,0,0,0,0,0,0,0,0,0,0,0,0,0,0,0,0,0,0,0,0,0,0,0,"pov"
"campaigncc, CNDuk/2018-07-12","2018-07-12","campaigncc, CNDuk","Participated, Participated","Protest","Before event day","Yes","No","No","Yes","No","Public space","Trump climate genocide","","banner drop, mass protests","Thames, opposite Parliament","2018-07-09",9,5.16894222718104,3,1,0,0,1,0,2,0,0,0,0,0,0,0,0,0,0,0,0,0,1,0,0,0,0,0,0,0,0,0,0,0,"env"
"campaigncc, CNDuk, friends_earth/2018-07-13","2018-07-13","campaigncc, CNDuk, friends_earth","Participated, Participated, Participated","Protest","Before event day","Yes","No","No","No","No","Public space","national march against Trump","","march, mass protests","","2018-06-20",62,32.1956167113981,16,16,12,12,6,0,4,0,0,1,1,0,2,1,0,1,0,0,6,0,4,0,0,1,1,0,2,1,0,1,0,0,"env"
"ActionAidUK, GMB_union, pcs_union, pplsassembly, the_TUC, unisontheunion, unitetheunion/2018-07-13","2018-07-13","ActionAidUK, GMB_union, pcs_union, pplsassembly, the_TUC, unisontheunion, unitetheunion","Participated, Organised, Participated, Participated, Organised, Participated, Participated","Protest","Before event day","Yes","No","No","No","No","Public space","oppose Trump","10000s","march, demonstration","London","2018-07-05",76,43.4861595558804,10,6,1,1,5,0,2,0,2,0,0,0,0,1,0,0,0,0,2,0,2,0,2,0,0,0,0,0,0,0,0,0,"pov"
"EISUnion/2018-07-14","2018-07-14","EISUnion","Participated","Protest","Before event day","Yes","No","No","No","No","Public space","Scotland against Trump","","demonstration","Edinburgh","2018-05-22",9,5.55823451280594,3,0,0,0,2,0,1,0,0,0,0,0,0,0,0,0,0,0,0,0,0,0,0,0,0,0,0,0,0,0,0,0,"pov"
"pcs_union/2018-07-14","2018-07-14","pcs_union","Participated","Protest","Before event day","Yes","No","No","No","No","Public space","anti fascism","","demonstration","London","2018-07-05",10,3.53429540976671,2,1,0,0,1,0,1,0,0,0,0,0,0,0,0,0,0,0,1,0,0,0,0,0,0,0,0,0,0,0,0,0,"pov"
"unitetheunion/2018-07-17","2018-07-17","unitetheunion","Organised","Protest","Before event day","No","No","No","Yes","No","Public space","Brexit chaos gambling away UK jobs","","protest, giant roulette wheel","Parliament","2018-07-16",8,4.34233678093982,0,0,0,0,0,0,0,0,0,0,0,0,0,0,0,0,0,0,0,0,0,0,0,0,0,0,0,0,0,0,0,0,"pov"
"GreenpeaceUK/2018-07-19","2018-07-19","GreenpeaceUK","Organised","Protest","After event","No","No","No","Yes","No","Company site","Oppose Barclays dirty funding decisions","<20","subvertising, scaling building","Barclays HQ, Canary Wharf","2018-07-19",1,0.955100417,0,0,0,0,0,0,0,0,0,0,0,0,0,0,0,0,0,0,0,0,0,0,0,0,0,0,0,0,0,0,0,0,"env"
"unitetheunion/2018-07-20","2018-07-20","unitetheunion","Organised","Strike","After event","No","No","No","No","No","Other","Sheffield supertram staff strike, pay","","","","2018-07-20",14,2.32225435913205,1,1,0,0,1,0,0,0,0,0,0,0,0,0,0,0,0,0,1,0,0,0,0,0,0,0,0,0,0,0,0,0,"pov"
"UVWunion/2018-08-07","2018-08-07","UVWunion","Organised","Both","Before event day","No","Yes","No","No","No","Political site","cleaners strike","","strike, occupation","Council meeting","2018-08-02",10,7.16542290176202,2,2,2,2,0,0,1,1,0,0,0,0,0,0,0,0,0,0,0,0,1,1,0,0,0,0,0,0,0,0,0,0,"pov"
"GreenpeaceUK/2018-08-20","2018-08-20","GreenpeaceUK","Organised","Protest","After event","No","Yes","No","Yes","No","Company site","Oppose volkswagon emissions","50","shutting down, set up fake clinic","Volkswagon UK HQ","2018-08-20",6,3.40441300817049,2,2,2,2,0,0,0,0,0,0,0,1,1,0,0,0,0,0,0,0,0,0,0,0,0,1,1,0,0,0,0,0,"env"
"unitetheunion/2018-08-24","2018-08-24","unitetheunion","Participated","Strike","Before event day","No","No","No","No","No","Other","TGI Fridays strike","","strike","","2018-08-23",6,3.93892490882385,0,0,0,0,0,0,0,0,0,0,0,0,0,0,0,0,0,0,0,0,0,0,0,0,0,0,0,0,0,0,0,0,"pov"
"unisontheunion/2018-08-29","2018-08-29","unisontheunion","Organised","Strike","After event","No","No","No","No","No","Other","Homecare workers strike","","strike","","2018-08-29",2,1.67772191731409,0,0,0,0,0,0,0,0,0,0,0,0,0,0,0,0,0,0,0,0,0,0,0,0,0,0,0,0,0,0,0,0,"pov"
"ExtinctionR/2018-08-30","2018-08-30","ExtinctionR","Organised","Protest","Before event day","Yes","Yes","No","No","No","Public space","Demand action on climate change","","road block","near Trafalgar Square","2018-08-20",10,5.95983726571933,0,0,0,0,0,0,0,0,0,0,0,0,0,0,0,0,0,0,0,0,0,0,0,0,0,0,0,0,0,0,0,0,"env"
"frackfreelancs/2018-08-31","2018-08-31","frackfreelancs","Organised","Protest","Before event day","Yes","No","No","No","No","Company site","Oppose fracking","'Brilliant turnout'","join local campaigners","Preston New Road, Great Altcar","2018-06-28",3,0.332630977034569,0,0,0,0,0,0,0,0,0,0,0,0,0,0,0,0,0,0,0,0,0,0,0,0,0,0,0,0,0,0,0,0,"env"
"pcs_union/2018-09-02","2018-09-02","pcs_union","Participated","Protest","Before event day","Yes","No","No","No","No","Public space","Burston Strike School Rally","1000s","rally","","2018-08-24",5,4.40020936727524,0,0,0,0,0,0,0,0,0,0,0,0,0,0,0,0,0,0,0,0,0,0,0,0,0,0,0,0,0,0,0,0,"pov"
"pcs_union/2018-09-05","2018-09-05","pcs_union","Organised","Protest","Before event day","Yes","No","No","No","No","Political site","Living wage demo","","demonstration","MoJ, BEIS","2018-09-03",3,2.55503702163696,0,0,0,0,0,0,0,0,0,0,0,0,0,0,0,0,0,0,0,0,0,0,0,0,0,0,0,0,0,0,0,0,"pov"
"GMB_union/2018-09-06","2018-09-06","GMB_union","Organised","Protest","After event","No","No","No","No","No","Company site","Amazon dangerous workplace","","protest","Amazon warehouse","2018-09-06",4,3.35819667577744,1,1,1,1,0,1,0,0,0,0,0,0,0,0,0,0,0,0,0,1,0,0,0,0,0,0,0,0,0,0,0,0,"pov"
"FrackOffLondon/2018-09-12","2018-09-12","FrackOffLondon","Organised","Protest","Before event day","Yes","No","No","No","No","Public space","Oppose fracking",">100","protest","Parliament Square","2018-09-05",20,8.31158360226259,0,0,0,0,0,0,0,0,0,0,0,0,0,0,0,0,0,0,0,0,0,0,0,0,0,0,0,0,0,0,0,0,"env"
"IWGBunion/2018-09-13","2018-09-13","IWGBunion","Participated","Protest","Before event day","Yes","No","No","No","No","Political site","Minicab drivers worker rights","","demonstration","City Hall","2018-09-11",4,3.60376614332199,0,0,0,0,0,0,0,0,0,0,0,0,0,0,0,0,0,0,0,0,0,0,0,0,0,0,0,0,0,0,0,0,"pov"
"unitetheunion/2018-09-15","2018-09-15","unitetheunion","Organised","Protest","Before event day","Yes","No","No","No","No","Political site","Bailed out, sold out, change finance, Tory party conference protest","","protest, rally","Tory party conference","2018-09-05",36,17.2046038589205,0,0,0,0,0,0,0,0,0,0,0,0,0,0,0,0,0,0,0,0,0,0,0,0,0,0,0,0,0,0,0,0,"pov"
"MidwivesRCM/2018-09-15","2018-09-15","MidwivesRCM","Participated","Protest","Before event day","Yes","No","No","No","No","Public space","People's Vote","","rally","","2018-09-12",3,2.59655267000198,0,0,0,0,0,0,0,0,0,0,0,0,0,0,0,0,0,0,0,0,0,0,0,0,0,0,0,0,0,0,0,0,"pov"
"ExtinctionR, friends_earth/2018-09-22","2018-09-22","ExtinctionR, friends_earth","Participated, Participated","Protest","Before event day","Yes","No","No","No","No","Public space","People's walk for wildlife","","walk, march","London","2018-09-10",28,7.62257267979224,1,1,0,0,0,0,1,0,0,0,0,0,0,0,0,0,0,0,0,0,1,0,0,0,0,0,0,0,0,0,0,0,"env"
"CNDuk/2018-09-22","2018-09-22","CNDuk","Organised","Protest","After event","No","No","No","No","No","Company site","Nae Nukes Rally","","rally","Faslane","2018-09-22",3,1.17399329355551,0,0,0,0,0,0,0,0,0,0,0,0,0,0,0,0,0,0,0,0,0,0,0,0,0,0,0,0,0,0,0,0,"env"
"keepnhspublic/2018-09-22","2018-09-22","keepnhspublic","Organised","Protest","Before event day","Yes","No","No","No","No","Public space","Save the Liverpool Women's Hospital","","demonstration, march","from hospital to Labour conference","2018-09-19",6,4.55581334978342,0,0,0,0,0,0,0,0,0,0,0,0,0,0,0,0,0,0,0,0,0,0,0,0,0,0,0,0,0,0,0,0,"pov"
"GMB_union/2018-09-23","2018-09-23","GMB_union","Participated","Protest","Before event day","Yes","No","No","No","No","Public space","March for the Many, Brexit vote","","march","Liverpool","2018-09-21",1,0.95687061548233,2,3,1,2,1,0,1,0,0,0,0,0,0,0,0,0,0,0,1,0,2,0,0,0,0,0,0,0,0,0,0,0,"pov"
"campaigncc/2018-09-24","2018-09-24","campaigncc","Participated","Protest","Before event day","Yes","No","No","Yes","No","Company site","oppose coal mine expansion","","solidarity protest, vigil","RWE office","2018-09-20",3,2.59187829494476,0,0,0,0,0,0,0,0,0,0,0,0,0,0,0,0,0,0,0,0,0,0,0,0,0,0,0,0,0,0,0,0,"env"
"pcs_union/2018-09-24","2018-09-24","pcs_union","Organised","Protest","Before event day","Yes","No","No","No","No","Public space","End austerity","","rally","Liverpool","2018-08-25",24,11.1313222469264,1,0,1,0,0,0,1,0,0,0,0,0,0,0,0,0,0,0,0,0,0,0,0,0,0,0,0,0,0,0,0,0,"pov"
"frackfreelancs/2018-09-25","2018-09-25","frackfreelancs","Organised","Protest","Before event day","Yes","No","No","No","No","Court","solidarity with frack free four","","demonstration","Preston Court","2018-09-24",3,1.04552614694135,0,0,0,0,0,0,0,0,0,0,0,0,0,0,0,0,0,0,0,0,0,0,0,0,0,0,0,0,0,0,0,0,"env"
"NEUnion, WorthLessFF/2018-09-28","2018-09-28","NEUnion, WorthLessFF","Participated, Organised","Protest","Before event day","No","No","No","No","No","Political site","School teachers march, oppose school cuts","1000","march","Downing street","2018-09-25",12,7.11990393689359,5,5,3,3,1,0,1,0,3,0,0,0,0,0,0,0,0,0,1,0,1,0,3,0,0,0,0,0,0,0,0,0,"pov"
"pcs_union, unitetheunion/2018-09-29","2018-09-29","pcs_union, unitetheunion","Participated, Participated","Protest","Before event day","Yes","No","No","No","No","Public space","end austerity","","protest, demonstration","Tory party conference, Birmingham","2018-09-05",33,28.1914496421814,0,0,0,0,0,0,0,0,0,0,0,0,0,0,0,0,0,0,0,0,0,0,0,0,0,0,0,0,0,0,0,0,"pov"
"planestupid/2018-10-01","2018-10-01","planestupid","Participated","Protest","Before event day","Yes","No","No","No","No","Court","solidarity with Stansted 15","","demonstration","Chelmsford Crown Court","2018-09-28",3,1.97539275877417,0,0,0,0,0,0,0,0,0,0,0,0,0,0,0,0,0,0,0,0,0,0,0,0,0,0,0,0,0,0,0,0,"env"
"frackfreelancs/2018-10-01","2018-10-01","frackfreelancs","Organised","Protest","After event","No","Yes","No","No","No","Company site","oppose Cuadrilla fracking","5","lock on","Cuadrilla site","2018-10-01",2,0.983063332890533,0,0,0,0,0,0,0,0,0,0,0,0,0,0,0,0,0,0,0,0,0,0,0,0,0,0,0,0,0,0,0,0,"env"
"planestupid, VoteNoHeathrow/2018-10-04","2018-10-04","planestupid, VoteNoHeathrow","Organised, Organised","Protest","Before event day","Yes","No","No","No","No","Court","Gov court challenge over Heathrow","","music, speeches, solidarity","Royal Courts of Justice","2018-09-17",5,2.09467470258121,0,0,0,0,0,0,0,0,0,0,0,0,0,0,0,0,0,0,0,0,0,0,0,0,0,0,0,0,0,0,0,0,"env"
"IWGBunion, unitetheunion/2018-10-04","2018-10-04","IWGBunion, unitetheunion","Organised, Participated","Both","Before event day","No","Yes","No","No","No","Company site","Fast food strike","","occupation","Uber HQ","2018-10-03",11,7.53647145712473,3,3,3,3,0,0,1,0,0,0,0,1,0,0,0,0,0,1,0,0,1,0,0,0,0,1,0,0,0,0,0,1,"pov"
"radicalhousing/2018-10-04","2018-10-04","radicalhousing","Participated","Protest","Before event day","Yes","No","No","No","No","Political site","Stop sale of social rent homes, run housing associations democratically","","protest","London Assembly","2018-09-27",1,0.954782664775848,0,0,0,0,0,0,0,0,0,0,0,0,0,0,0,0,0,0,0,0,0,0,0,0,0,0,0,0,0,0,0,0,"pov"
"FrackOffLondon, friends_earth/2018-10-08","2018-10-08","FrackOffLondon, friends_earth","Organised, Participated","Protest","After event","No","No","No","Yes","No","Political site","Oppose fracking","","set up fake fracking rig","BEIS","2018-10-08",10,4.92296651989384,0,0,0,0,0,0,0,0,0,0,0,0,0,0,0,0,0,0,0,0,0,0,0,0,0,0,0,0,0,0,0,0,"env"
"IWGBunion/2018-10-09","2018-10-09","IWGBunion","Organised","Both","Before event day","Yes","No","No","No","No","Company site","Uber driver strike","","demonstration, strike","Uber HQ","2018-10-05",5,4.36630594730377,3,3,3,3,1,0,2,0,0,0,0,0,0,0,0,0,0,0,1,0,2,0,0,0,0,0,0,0,0,0,0,0,"pov"
"talkfracking/2018-10-10","2018-10-10","talkfracking","Organised","Protest","Before event day","No","No","No","Yes","No","Other","ban INEOS from Americas cup event","","dress up as penguin, dolphin, fish and seagull","World sailing in London","2018-10-07",3,0.434242993593216,0,0,0,0,0,0,0,0,0,0,0,0,0,0,0,0,0,0,0,0,0,0,0,0,0,0,0,0,0,0,0,0,"env"
"unisontheunion/2018-10-11","2018-10-11","unisontheunion","Organised","Strike","Before event day","No","No","No","No","No","Other","Bolton hospital staff strike, NHS pay","","strike","","2018-10-10",2,1.29597514867783,0,0,0,0,0,0,0,0,0,0,0,0,0,0,0,0,0,0,0,0,0,0,0,0,0,0,0,0,0,0,0,0,"pov"
"reclaimthepower/2018-10-15","2018-10-15","reclaimthepower","Organised","Protest","After event","No","Yes","No","No","No","Company site","Oppose fracking","","blockade","Cuadrilla site, Blackpool","2018-10-15",8,3.76411146107093,7,7,7,7,3,0,1,0,1,1,1,0,0,0,0,0,0,0,3,0,1,0,1,1,1,0,0,0,0,0,0,0,"env"
"talkfracking/2018-10-16","2018-10-16","talkfracking","Organised","Protest","After event","No","No","No","No","No","Company site","Oppose fracking","","","Preston new road, Cuadrilla site","2018-10-16",4,0.985844061085877,0,0,0,0,0,0,0,0,0,0,0,0,0,0,0,0,0,0,0,0,0,0,0,0,0,0,0,0,0,0,0,0,"env"
"ExtinctionR/2018-10-17","2018-10-17","ExtinctionR","Organised","Protest","After event","No","Yes","No","No","No","Other","demand environmental NGOs take bolder stance","","occupation","Greenpeace HQ","2018-10-17",4,3.66620779037476,0,0,0,0,0,0,0,0,0,0,0,0,0,0,0,0,0,0,0,0,0,0,0,0,0,0,0,0,0,0,0,0,"env"
"campaigncc/2018-10-17","2018-10-17","campaigncc","Participated","Protest","Before event day","No","No","No","No","No","Public space","call for safe re-cladding","","demonstration","London","2018-09-11",4,1.77778717466941,0,0,0,0,0,0,0,0,0,0,0,0,0,0,0,0,0,0,0,0,0,0,0,0,0,0,0,0,0,0,0,0,"env"
"FrackOffLondon, friends_earth/2018-10-17","2018-10-17","FrackOffLondon, friends_earth","Organised, Organised","Protest","On day, before event","No","No","No","No","No","Court","End coal, save Druridge","","stand in solidarity","Royal Courts of Justice","2018-10-17",10,2.25931373793169,5,5,5,5,0,0,2,0,0,0,0,0,0,0,0,1,0,2,0,0,2,0,0,0,0,0,0,0,0,1,0,2,"env"
"NEUnion, nusuk, unisontheunion/2018-10-17","2018-10-17","NEUnion, nusuk, unisontheunion","Organised, Organised, Participated","Protest","Before event day","Yes","No","No","No","No","Public space","Invest in further education","","march","Parliament","2018-10-02",18,11.6054522357881,1,0,1,0,1,0,0,0,0,0,0,0,0,0,0,0,0,0,0,0,0,0,0,0,0,0,0,0,0,0,0,0,"pov"
"ExtinctionR, frackfreelancs, FrackOffLondon/2018-10-20","2018-10-20","ExtinctionR, frackfreelancs, FrackOffLondon","Participated, Organised, Participated","Protest","Before event day","Yes","No","No","No","No","Public space","National climate crisis rally","1000s","rally","Preston New Road, Lancashire, Maple Farm","2018-10-11",41,21.6508665836874,5,5,1,1,0,0,3,0,1,0,0,0,1,0,0,0,0,0,0,0,3,0,1,0,0,0,1,0,0,0,0,0,"env"
"nusuk/2018-10-20","2018-10-20","nusuk","Participated","Protest","Before event day","Yes","No","No","No","No","Public space","People's vote","","march","Central London","2018-07-12",15,12.311274141111,21,8,8,3,17,0,2,0,0,0,0,0,0,0,0,0,0,2,6,0,1,0,0,0,0,0,0,0,0,0,0,1,"pov"
"ClassWar2015/2018-10-20","2018-10-20","ClassWar2015","Organised","Protest","Before event day","Yes","No","No","No","No","Other","F*** Brexit, F*** Remain, lets have a revolution","","action, rally","central London, 55 Tufton Street","2018-10-03",2,1.77446836233139,2,4,1,3,1,0,1,0,0,0,0,0,0,0,0,0,0,0,3,0,1,0,0,0,0,0,0,0,0,0,0,0,"pov"
"GMB_union, unisontheunion/2018-10-23","2018-10-23","GMB_union, unisontheunion","Participated, Organised","Both","Before event day","No","No","No","No","No","Public space","Equal pay strike, women's strike","1000s","strike, picket, take to streets","Glasgow","2018-10-21",10,6.32084283232689,25,24,19,18,3,0,2,0,0,4,0,4,2,5,1,0,2,2,2,0,2,0,0,4,0,4,2,5,1,0,2,2,"pov"
"TridentPlough/2018-10-24","2018-10-24","TridentPlough","Organised","Protest","After event","No","Yes","No","No","Yes","Company site","anti trident","5","blockade, locked to cars, arm tubes","AWE Burghfield nuclear bomb factory","2018-10-24",2,1.76822269,0,0,0,0,0,0,0,0,0,0,0,0,0,0,0,0,0,0,0,0,0,0,0,0,0,0,0,0,0,0,0,0,"env"
"keepnhspublic, We_OwnIt/2018-10-26","2018-10-26","keepnhspublic, We_OwnIt","Organised, Organised","Protest","Before event day","Yes","No","No","No","No","Public space","stop the dis-integration of health and social care","","rally","outside Parliament","2018-10-12",13,5.70442805726547,0,0,0,0,0,0,0,0,0,0,0,0,0,0,0,0,0,0,0,0,0,0,0,0,0,0,0,0,0,0,0,0,"pov"
"EISUnion/2018-10-27","2018-10-27","EISUnion","Organised","Protest","Before event day","Yes","No","No","No","No","Public space","value education, value teachers","30000","demonstration","Glasgow","2018-09-03",56,45.9671201418984,5,4,5,4,0,0,0,0,0,2,0,0,1,2,0,0,0,0,0,0,0,0,0,2,0,0,1,1,0,0,0,0,"pov"
"IWGBunion/2018-10-30","2018-10-30","IWGBunion","Organised","Protest","Before event day","Yes","No","No","No","No","Court","Precarious workers march, oppose Uber","100s","march","Court of Appeal","2018-09-21",18,15.422426461722,5,5,3,3,3,0,1,0,0,0,0,0,0,1,0,0,0,0,3,0,1,0,0,0,0,0,0,1,0,0,0,0,"pov"
"CClimateAction, ExtinctionR/2018-10-31","2018-10-31","CClimateAction, ExtinctionR","Organised, Organised","Protest","Before event day","Yes","Yes","No","No","Yes","Public space","Declaration of Rebellion","1000s","mass civil disobedience, road block, unauthorised rally","Parliament square","2018-09-02",135,51.6539965103943,10,8,7,5,5,0,5,0,0,0,0,0,0,0,0,0,0,0,3,0,5,0,0,0,0,0,0,0,0,0,0,0,"env"
"NASUWT/2018-10-31","2018-10-31","NASUWT","Organised","Strike","Before event day","No","No","No","No","No","Other","Moorside High School strike, pay and management","","strike","","2018-10-30",4,3.22728353695724,0,0,0,0,0,0,0,0,0,0,0,0,0,0,0,0,0,0,0,0,0,0,0,0,0,0,0,0,0,0,0,0,"pov"
"SistersUncut/2018-11-01","2018-11-01","SistersUncut","Organised","Protest","Before event day","Yes","No","No","Yes","No","Political site","sexual violence victims should not be investigated","","action, deliver 30000 pieces of paper","Crown Prosecution Service, Parliament Square","2018-09-27",11,4.92148747534396,4,4,4,4,2,0,1,0,0,0,0,0,0,0,0,0,0,1,2,0,1,0,0,0,0,0,0,0,0,0,0,1,"pov"
"ExtinctionR/2018-11-02","2018-11-02","ExtinctionR","Participated","Protest","Before event day","Yes","No","No","No","No","Public space","Climate strike","","climate strike","Parliament sqare","2018-11-01",2,1.20403066277504,0,0,0,0,0,0,0,0,0,0,0,0,0,0,0,0,0,0,0,0,0,0,0,0,0,0,0,0,0,0,0,0,"env"
"pcs_union, unisontheunion, unitetheunion/2018-11-03","2018-11-03","pcs_union, unisontheunion, unitetheunion","Participated, Organised, Organised","Protest","Before event day","Yes","No","No","No","No","Public space","Save our libraries","","demonstration","central London","2018-10-09",32,25.0980193272495,1,1,0,0,0,0,1,0,0,0,0,0,0,0,0,0,0,0,0,0,1,0,0,0,0,0,0,0,0,0,0,0,"pov"
"campaigncc/2018-11-05","2018-11-05","campaigncc","Organised","Protest","Before event day","Yes","No","No","No","No","Other","Solidarity with Stansted 15","","court solidary demonstration","Chelmsfield court","2018-11-01",1,0.888791441917419,0,0,0,0,0,0,0,0,0,0,0,0,0,0,0,0,0,0,0,0,0,0,0,0,0,0,0,0,0,0,0,0,"env"
"unitetheunion/2018-11-06","2018-11-06","unitetheunion","Organised","Protest","Before event day","Yes","No","No","No","No","Public space","Living wage for luton airport workers","","protest","Luton town hall","2018-11-05",5,4.3222793340683,0,0,0,0,0,0,0,0,0,0,0,0,0,0,0,0,0,0,0,0,0,0,0,0,0,0,0,0,0,0,0,0,"pov"
"ASLEFunion/2018-11-07","2018-11-07","ASLEFunion","Organised","Strike","After event","No","No","No","No","No","Other","Tube strike","","strike","","2018-11-07",2,1.32871866226196,4,4,2,2,1,0,0,0,0,0,0,0,0,0,0,1,0,2,1,0,0,0,0,0,0,0,0,0,0,1,0,2,"pov"
"unitetheunion/2018-11-08","2018-11-08","unitetheunion","Organised","Strike","Before event day","No","No","No","No","No","Other","Prysmian Cables strike, Clece Care Services strike, pay","","strike, strike","","2018-11-06",3,1.39446466796738,0,0,0,0,0,0,0,0,0,0,0,0,0,0,0,0,0,0,0,0,0,0,0,0,0,0,0,0,0,0,0,0,"pov"
"ExtinctionR/2018-11-09","2018-11-09","ExtinctionR","Participated","Protest","Before event day","Yes","No","No","No","No","Public space","Climate strike","","climate strike","Parliament square","2018-11-02",5,1.30431708979184,0,0,0,0,0,0,0,0,0,0,0,0,0,0,0,0,0,0,0,0,0,0,0,0,0,0,0,0,0,0,0,0,"env"
"GMB_union/2018-11-09","2018-11-09","GMB_union","Organised","Protest","After event","No","No","No","No","No","Company site","Amazon work conditions","","outside demanding","Amazon warehouse","2018-11-09",1,0.90004688501358,0,0,0,0,0,0,0,0,0,0,0,0,0,0,0,0,0,0,0,0,0,0,0,0,0,0,0,0,0,0,0,0,"pov"
"CClimateAction, ExtinctionR/2018-11-12","2018-11-12","CClimateAction, ExtinctionR","Participated, Organised","Protest","Before event day","Yes","Yes","No","Yes","Yes","Other","Samba Band Rolling Roadblocks","","occupation, glued on, samba, road block","BEIS, Bristol","2018-10-22",25,18.7607847226985,2,2,2,2,0,1,1,0,0,0,0,0,0,0,0,0,0,0,0,1,1,0,0,0,0,0,0,0,0,0,0,0,"env"
"ExtinctionR/2018-11-13","2018-11-13","ExtinctionR","Organised","Protest","Before event day","No","Yes","Yes","No","No","Political site","Days of action, oppose climate inaction","","Graffiti, action","BEIS","2018-11-12",4,1.81496867567669,0,0,0,0,0,0,0,0,0,0,0,0,0,0,0,0,0,0,0,0,0,0,0,0,0,0,0,0,0,0,0,0,"env"
"CClimateAction, ExtinctionR/2018-11-14","2018-11-14","CClimateAction, ExtinctionR","Organised, Organised","Protest","After event","No","Yes","No","No","Yes","Political site","climate emergency","","block access, banner drop","Downing street","2018-11-14",22,12.3274728352663,5,3,5,3,2,0,2,0,0,1,0,0,0,0,0,0,0,0,0,0,2,0,0,1,0,0,0,0,0,0,0,0,"env"
"CClimateAction, ExtinctionR/2018-11-15","2018-11-15","CClimateAction, ExtinctionR","Organised, Organised","Protest","Before event day","Yes","Yes","No","Yes","Yes","Embassy","Action on climate change","","block road, lock on, party","Brazilian embassy","2018-11-14",17,7.14516280983953,0,0,0,0,0,0,0,0,0,0,0,0,0,0,0,0,0,0,0,0,0,0,0,0,0,0,0,0,0,0,0,0,"env"
"CClimateAction, ExtinctionR/2018-11-17","2018-11-17","CClimateAction, ExtinctionR","Organised, Organised","Protest","Before event day","Yes","Yes","No","No","Yes","Public space","Rebellion day","","civil disobedience, demonstrate, occupation, disruptive actions","bridges in London, Parliament square","2018-10-08",118,58.1691791375493,26,21,21,18,5,0,11,0,1,2,2,0,0,3,0,1,0,1,4,0,8,0,1,2,2,0,0,2,0,1,0,1,"env"
"CNDuk/2018-11-17","2018-11-17","CNDuk","Participated","Protest","Before event day","Yes","No","No","No","No","Public space","National Unity Demonstration Against Fascism and Racism","","demonstration","All Saints Church, Langham Place, London","2018-11-14",4,3.73034286405798,0,0,0,0,0,0,0,0,0,0,0,0,0,0,0,0,0,0,0,0,0,0,0,0,0,0,0,0,0,0,0,0,"env"
"pcs_union, the_TUC, unitetheunion/2018-11-17","2018-11-17","pcs_union, the_TUC, unitetheunion","Participated, Organised, Organised","Protest","Before event day","Yes","No","No","No","No","Public space","Anti racism","1000s","demonstration","London","2018-10-13",50,43.9016808486981,6,0,4,0,2,0,3,0,0,0,0,0,0,1,0,0,0,0,0,0,0,0,0,0,0,0,0,0,0,0,0,0,"pov"
"FocusE15/2018-11-19","2018-11-19","FocusE15","Organised","Protest","Before event day","Yes","No","No","No","No","Other","Housing (oppose Robin Wales)","","demonstration","Policy Exchange","2018-11-17",3,1.7277598231312,0,0,0,0,0,0,0,0,0,0,0,0,0,0,0,0,0,0,0,0,0,0,0,0,0,0,0,0,0,0,0,0,"pov"
"UVWunion/2018-11-19","2018-11-19","UVWunion","Organised","Protest","Before event day","Yes","No","No","No","No","Political site","living wage for cleaners","","protest","MoJ private drinks reception","2018-11-08",1,0.936820149421692,0,0,0,0,0,0,0,0,0,0,0,0,0,0,0,0,0,0,0,0,0,0,0,0,0,0,0,0,0,0,0,0,"pov"
"NEUnion/2018-11-20","2018-11-20","NEUnion","Organised","Protest","Before event day","Yes","No","No","No","No","Public space","March for education","","march","Westminster","2018-11-02",21,15.8803575111114,0,0,0,0,0,0,0,0,0,0,0,0,0,0,0,0,0,0,0,0,0,0,0,0,0,0,0,0,0,0,0,0,"pov"
"IWGBunion/2018-11-20","2018-11-20","IWGBunion","Organised","Protest","Before event day","Yes","No","No","No","No","Other","UoL end outsourcing","","demonstration","Senate House","2018-11-08",1,0.937924981117249,0,0,0,0,0,0,0,0,0,0,0,0,0,0,0,0,0,0,0,0,0,0,0,0,0,0,0,0,0,0,0,0,"pov"
"CClimateAction, ExtinctionR/2018-11-21","2018-11-21","CClimateAction, ExtinctionR","Participated, Organised","Protest","Before event day","Yes","Yes","No","No","No","Public space","action on climate change","","swarming roadblocks","central London","2018-11-18",11,5.07603934643615,8,5,8,5,1,0,1,0,0,0,2,0,0,3,0,0,0,1,1,0,0,0,0,0,0,0,0,3,0,0,0,1,"env"
"NEUnion/2018-11-21","2018-11-21","NEUnion","Organised","Protest","Before event day","Yes","No","No","No","No","Public space","March for Education","","march","Coventry","2018-11-12",1,0.888726711273193,0,0,0,0,0,0,0,0,0,0,0,0,0,0,0,0,0,0,0,0,0,0,0,0,0,0,0,0,0,0,0,0,"pov"
"CClimateAction, ExtinctionR/2018-11-22","2018-11-22","CClimateAction, ExtinctionR","Participated, Organised","Protest","After event","No","Yes","No","No","No","Public space","Action on climate change","","swarming, block traffic","London at Victoria, Earl's Court, Westminster, London Bridge and Elephant & Castle","2018-11-22",13,4.53942797345713,0,0,0,0,0,0,0,0,0,0,0,0,0,0,0,0,0,0,0,0,0,0,0,0,0,0,0,0,0,0,0,0,"env"
"CClimateAction, ExtinctionR/2018-11-23","2018-11-23","CClimateAction, ExtinctionR","Organised, Organised","Protest","After event","No","Yes","No","No","No","Public space","Action on climate change","","swarming protest, lock on, roadblocks","York, London, Oxford circus","2018-11-23",13,8.69619158649021,1,1,1,1,0,0,1,0,0,0,0,0,0,0,0,0,0,0,0,0,1,0,0,0,0,0,0,0,0,0,0,0,"env"
"CClimateAction, ExtinctionR/2018-11-24","2018-11-24","CClimateAction, ExtinctionR","Participated, Organised","Protest","Before event day","Yes","Yes","No","Yes","No","Public space","Rebellion day 2","1000s","funeral march, civil disobedience, march, die in, block roads","Parliament square, Manchester","2018-11-18",31,15.9349532466084,14,9,10,9,2,0,6,0,1,2,1,0,0,0,0,1,0,1,1,0,2,0,1,2,1,0,0,0,0,1,0,1,"env"
"ActionAidUK/2018-11-25","2018-11-25","ActionAidUK","Organised","Protest","Before event day","Yes","No","No","Yes","No","Public space","My body is mine, eliminate violence against women","","freeze flashmob","London, Oxford","2018-11-22",8,6.39087969095007,0,0,0,0,0,0,0,0,0,0,0,0,0,0,0,0,0,0,0,0,0,0,0,0,0,0,0,0,0,0,0,0,"pov"
"GreenpeaceUK/2018-11-27","2018-11-27","GreenpeaceUK","Organised","Protest","After event","No","No","No","No","No","Company site","ditch diesel","10","outside event, call on","car industry gala","2018-11-27",2,0.956768721342086,1,1,1,1,1,0,0,0,0,0,0,0,0,0,0,0,0,0,1,0,0,0,0,0,0,0,0,0,0,0,0,0,"env"
"pplsassembly/2018-11-28","2018-11-28","pplsassembly","Organised","Protest","Before event day","Yes","No","No","No","No","Public space","Britain is broken","","rally","London","2018-11-27",4,2.4964851140976,0,0,0,0,0,0,0,0,0,0,0,0,0,0,0,0,0,0,0,0,0,0,0,0,0,0,0,0,0,0,0,0,"pov"
"campaigncc, CClimateAction, ExtinctionR, F_F_Ryedale, FrackFreeScarb, friends_earth, GreenpeaceUK/2018-12-01","2018-12-01","campaigncc, CClimateAction, ExtinctionR, F_F_Ryedale, FrackFreeScarb, friends_earth, GreenpeaceUK","Organised, Organised, Participated, Participated, Participated, Participated, Participated","Protest","Before event day","Yes","No","No","No","No","Public space","National climate march, Together for Climate Justice march","","march, demonstration, rally","Downing Street, London, Polish embassy, Brazilian embassy, Oxford Circus","2018-10-23",111,80.397784408775,2,0,0,0,0,0,1,0,0,0,1,0,0,0,0,0,0,0,0,0,0,0,0,0,0,0,0,0,0,0,0,0,"env"
"unitetheunion/2018-12-01","2018-12-01","unitetheunion","Organised","Protest","Before event day","Yes","No","No","No","No","Public space","Stop universal credit","","day of action","nationwide","2018-11-14",27,19.4328719742846,0,0,0,0,0,0,0,0,0,0,0,0,0,0,0,0,0,0,0,0,0,0,0,0,0,0,0,0,0,0,0,0,"pov"
"nusuk/2018-12-01","2018-12-01","nusuk","Organised","Protest","Before event day","Yes","No","No","No","No","Unknown","Shut down Yarls Wood","","demonstration","","2018-11-24",4,1.87717487669316,0,0,0,0,0,0,0,0,0,0,0,0,0,0,0,0,0,0,0,0,0,0,0,0,0,0,0,0,0,0,0,0,"pov"
"ExtinctionR/2018-12-04","2018-12-04","ExtinctionR","Organised","Protest","After event","No","Yes","No","No","No","Political site","Oppose road building","","disrupt meeting","Norwich council consultation","2018-12-04",1,0.887339353561401,0,0,0,0,0,0,0,0,0,0,0,0,0,0,0,0,0,0,0,0,0,0,0,0,0,0,0,0,0,0,0,0,"env"
"GreenpeaceUK/2018-12-05","2018-12-05","GreenpeaceUK","Organised","Protest","After event","No","No","No","Yes","No","Company site","Oppose Barclays funding tar sands pipeline","","Added temporary sign saying ""the dirty bank"" under Barclays logo","Barclays outlet","2018-12-05",3,0.383437267952766,1,1,1,1,0,0,1,0,0,0,0,0,0,0,0,0,0,0,0,0,1,0,0,0,0,0,0,0,0,0,0,0,"env"
"CitizensUK/2018-12-05","2018-12-05","CitizensUK","Organised","Protest","On day, before event","No","No","No","No","No","Public space","recognise misogyny as a hate crime","","rally","","2018-12-05",2,1.68037962913513,0,0,0,0,0,0,0,0,0,0,0,0,0,0,0,0,0,0,0,0,0,0,0,0,0,0,0,0,0,0,0,0,"pov"
"ExtinctionR/2018-12-07","2018-12-07","ExtinctionR","Participated","Protest","Before event day","Yes","No","No","No","No","Political site","Solidarity with school strike","","banners","Downing street","2018-12-04",6,2.75831738902971,0,0,0,0,0,0,0,0,0,0,0,0,0,0,0,0,0,0,0,0,0,0,0,0,0,0,0,0,0,0,0,0,"env"
"ExtinctionR/2018-12-08","2018-12-08","ExtinctionR","Organised","Protest","Before event day","Yes","No","No","Yes","No","Public space","take action ecological crisis","","symbolic funeral procession","Yeovil, Somerset","2018-12-07",10,4.69495844206324,2,2,2,2,1,0,1,0,0,0,0,0,0,0,0,0,0,0,1,0,1,0,0,0,0,0,0,0,0,0,0,0,"env"
"unitetheunion/2018-12-08","2018-12-08","unitetheunion","Organised","Protest","After event","No","No","No","No","No","Public space","KWL workers sick pay protest","","protest","Community Enterprise Centre in Cottingham Road","2018-12-08",2,0.925123006105423,0,0,0,0,0,0,0,0,0,0,0,0,0,0,0,0,0,0,0,0,0,0,0,0,0,0,0,0,0,0,0,0,"pov"
"ExtinctionR/2018-12-11","2018-12-11","ExtinctionR","Organised","Protest","Before event day","Yes","No","No","Yes","No","Other","Rebellion day, declare climate emergency, solidarity with stansted 15, no Brexit on a dead planet, Brexit meaningful vote","","gather, rally, vigil","outside council, Trowbridge, Home office, Parliament square","2018-12-07",17,4.18536972655082,2,2,2,2,0,0,2,0,0,0,0,0,0,0,0,0,0,0,0,0,2,0,0,0,0,0,0,0,0,0,0,0,"env"
"planestupid/2018-12-11","2018-12-11","planestupid","Organised","Protest","Before event day","Yes","No","No","No","No","Political site","oppose deportations","","demonstration","Home office","2018-12-10",5,3.06425914545712,0,0,0,0,0,0,0,0,0,0,0,0,0,0,0,0,0,0,0,0,0,0,0,0,0,0,0,0,0,0,0,0,"env"
"ExtinctionR/2018-12-14","2018-12-14","ExtinctionR","Participated","Protest","Before event day","Yes","No","No","Yes","No","Unknown","Global climate strike","","climate strike","","2018-12-11",12,4.86096213689055,2,0,2,0,0,0,2,0,0,0,0,0,0,0,0,0,0,0,0,0,0,0,0,0,0,0,0,0,0,0,0,0,"env"
"ExtinctionR/2018-12-15","2018-12-15","ExtinctionR","Organised","Protest","Before event day","Yes","Yes","No","Yes","Yes","Public space","tackle air pollution, regional rebellion day, Regional rebellion day, Regional rebellion day, Regional rebellion day, Regional rebellion day","","demonstration, action, lying down, funeral march, rally","Southampton, Cambridge, Bristol, shopping malls, Cardiff, city centre, Glasgow, Buchanan Street","2018-12-06",21,10.4910803366484,1,1,1,1,0,0,1,0,0,0,0,0,0,0,0,0,0,0,0,0,1,0,0,0,0,0,0,0,0,0,0,0,"env"
"fbunational/2018-12-15","2018-12-15","fbunational","Organised","Protest","Before event day","Yes","No","No","No","No","Public space","oppose cuts to fire service","","march, rally","Woking","2018-12-12",2,1.78836071523282,0,0,0,0,0,0,0,0,0,0,0,0,0,0,0,0,0,0,0,0,0,0,0,0,0,0,0,0,0,0,0,0,"pov"
"unitetheunion/2018-12-20","2018-12-20","unitetheunion","Organised","Strike","Before event day","No","No","No","No","No","Other","Print workers strike, pay","","strike","","2018-12-19",7,2.07443338255557,0,0,0,0,0,0,0,0,0,0,0,0,0,0,0,0,0,0,0,0,0,0,0,0,0,0,0,0,0,0,0,0,"pov"
"ExtinctionR/2018-12-21","2018-12-21","ExtinctionR","Organised","Protest","Before event day","Yes","No","No","No","No","Company site","BBC tell the truth","","peaceful demonstration","outside BBC sites, Sheffield, Manchester, Birmingham, Glasgow, London","2018-12-13",39,12.4040165336259,8,6,6,5,2,0,3,0,0,1,1,0,1,0,0,0,0,0,1,0,2,0,0,1,1,0,1,0,0,0,0,0,"env"
"pcs_union/2018-12-21","2018-12-21","pcs_union","Organised","Strike","Before event day","No","No","No","No","No","Other","Historic Royal palaces staff walkout","","walkout","","2018-12-18",5,3.27381562986148,6,6,4,4,1,0,1,1,1,0,0,0,1,1,0,0,0,0,1,0,1,1,1,0,0,0,1,1,0,0,0,0,"pov"
"ExtinctionR/2018-12-26","2018-12-26","ExtinctionR","Organised","Protest","Before event day","Yes","No","No","Yes","No","Public space","XMAS De-Zombification Action","","dress up","Oxford Circus tube station","2018-12-22",2,1.84478479623795,0,0,0,0,0,0,0,0,0,0,0,0,0,0,0,0,0,0,0,0,0,0,0,0,0,0,0,0,0,0,0,0,"env"
"ExtinctionR/2018-12-28","2018-12-28","ExtinctionR","Organised","Protest","Before event day","Yes","Yes","No","No","No","Company site","oppose evictions in Bangladesh for coal mine","","blockade, disrupt","GCM AGM","2018-12-18",9,4.31456225599835,1,0,0,0,0,0,1,0,0,0,0,0,0,0,0,0,0,0,0,0,0,0,0,0,0,0,0,0,0,0,0,0,"env"
"ExtinctionR/2019-01-01","2019-01-01","ExtinctionR","Organised","Protest","Before event day","Yes","No","No","Yes","No","Embassy","Jair Bolsanaro inauguration","","die in","Brazilian embassy","2018-12-27",7,2.13080416641961,0,0,0,0,0,0,0,0,0,0,0,0,0,0,0,0,0,0,0,0,0,0,0,0,0,0,0,0,0,0,0,0,"env"
"ExtinctionR/2019-01-02","2019-01-02","ExtinctionR","Organised","Protest","Before event day","Yes","No","No","No","No","Court","Arrestee Court Solidarity Protest","","protest","Westminster Magistrates' Court","2018-12-29",7,2.26055837731793,0,0,0,0,0,0,0,0,0,0,0,0,0,0,0,0,0,0,0,0,0,0,0,0,0,0,0,0,0,0,0,0,"env"
"We_OwnIt/2019-01-02","2019-01-02","We_OwnIt","Organised","Protest","Before event day","Yes","No","No","No","No","Public space","Oppose rail fare rises, public ownership of rail","","protest","Kings Cross, train stations","2018-12-12",6,3.51061318814754,0,0,0,0,0,0,0,0,0,0,0,0,0,0,0,0,0,0,0,0,0,0,0,0,0,0,0,0,0,0,0,0,"pov"
"ExtinctionR/2019-01-04","2019-01-04","ExtinctionR","Organised","Protest","On day, before event","Yes","No","No","No","No","Other","court solidary protest","","court solidary protest","Westminster magistrates court","2019-01-04",2,0.931795060634613,0,0,0,0,0,0,0,0,0,0,0,0,0,0,0,0,0,0,0,0,0,0,0,0,0,0,0,0,0,0,0,0,"env"
"ExtinctionR/2019-01-05","2019-01-05","ExtinctionR","Organised","Protest","Before event day","Yes","Yes","No","No","No","Public space","declare climate emergency","","halt traffic","Caterbury","2018-12-22",9,3.83154069818004,0,0,0,0,0,0,0,0,0,0,0,0,0,0,0,0,0,0,0,0,0,0,0,0,0,0,0,0,0,0,0,0,"env"
"unitetheunion/2019-01-06","2019-01-06","unitetheunion","Organised","Strike","Before event day","No","No","No","No","No","Other","Bus driver strike","","strike","","2018-12-20",3,1.69396175431387,0,0,0,0,0,0,0,0,0,0,0,0,0,0,0,0,0,0,0,0,0,0,0,0,0,0,0,0,0,0,0,0,"pov"
"FrackFreeScarb/2019-01-07","2019-01-07","FrackFreeScarb","Organised","Protest","After event","No","No","No","No","No","Political site","declare climate emergency","","action","Scarborough council","2019-01-07",3,0.990364080495223,0,0,0,0,0,0,0,0,0,0,0,0,0,0,0,0,0,0,0,0,0,0,0,0,0,0,0,0,0,0,0,0,"env"
"ExtinctionR/2019-01-08","2019-01-08","ExtinctionR","Organised","Protest","Before event day","Yes","Yes","No","Yes","No","Other","Oppose Gloucestershire incinerator, Solidarity with Wet'suwet'en","","stop traffic, burn money, protest","Gloucestershire, Canada House, Trafalgar Square","2019-01-07",6,1.47321956938358,2,2,2,2,2,0,0,0,0,0,0,0,0,0,0,0,0,0,2,0,0,0,0,0,0,0,0,0,0,0,0,0,"env"
"FrackFreeScarb/2019-01-08","2019-01-08","FrackFreeScarb","Organised","Protest","After event","No","No","No","No","No","Company site","Oppose fracking","","protest","West Newton fracking site","2019-01-08",1,0.760426939,0,0,0,0,0,0,0,0,0,0,0,0,0,0,0,0,0,0,0,0,0,0,0,0,0,0,0,0,0,0,0,0,"env"
"ExtinctionR/2019-01-09","2019-01-09","ExtinctionR","Participated","Protest","Before event day","Yes","No","No","No","No","Embassy","Solidarity with Wet'su'weten against fracking pipeline","","peaceful protest","Canada House Trafalgar Square","2018-12-22",8,1.95388022508444,0,0,0,0,0,0,0,0,0,0,0,0,0,0,0,0,0,0,0,0,0,0,0,0,0,0,0,0,0,0,0,0,"env"
"ExtinctionR/2019-01-12","2019-01-12","ExtinctionR","Organised","Protest","Before event day","Yes","No","No","Yes","No","Public space","Zero carbon 2025","","rally, march, funeral march","Isle of Wight, Glastonbury, Somerset, England","2018-12-23",25,9.52337195294198,3,1,3,1,3,0,0,0,0,0,0,0,0,0,0,0,0,0,1,0,0,0,0,0,0,0,0,0,0,0,0,0,"env"
"campaigncc/2019-01-12","2019-01-12","campaigncc","Organised","Protest","Before event day","Yes","No","No","No","No","Other","Oppose Bolsonaro","","protest","Brazilian embassy","2019-01-04",2,1.53941172361374,0,0,0,0,0,0,0,0,0,0,0,0,0,0,0,0,0,0,0,0,0,0,0,0,0,0,0,0,0,0,0,0,"env"
"fbunational, pplsassembly, unitetheunion/2019-01-12","2019-01-12","fbunational, pplsassembly, unitetheunion","Organised, Organised, Participated","Protest","Before event day","Yes","No","No","No","No","Public space","Britain is Broken, Time to get the Tories out","","demonstration","London","2019-01-04",32,26.2270219475031,9,8,7,6,1,1,3,0,2,0,0,0,0,0,0,0,0,2,1,1,3,0,2,0,0,0,0,0,0,0,0,1,"pov"
"ClassWar2015/2019-01-12","2019-01-12","ClassWar2015","Organised","Protest","Before event day","Yes","No","No","No","No","Public space","Anti police","","demonstration","Portland Place","2018-12-23",3,1.77349922478171,1,1,1,1,0,0,0,0,0,0,0,0,0,0,0,0,0,1,0,0,0,0,0,0,0,0,0,0,0,0,0,1,"pov"
"IWGBunion/2019-01-14","2019-01-14","IWGBunion","Organised","Protest","Before event day","No","Yes","No","No","No","Political site","minicab protest at congestion charge","100s","protest with cars, demonstrations, bridge blocked","TfL","2019-01-10",11,6.98556048381514,0,0,0,0,0,0,0,0,0,0,0,0,0,0,0,0,0,0,0,0,0,0,0,0,0,0,0,0,0,0,0,0,"pov"
"pcs_union/2019-01-14","2019-01-14","pcs_union","Organised","Protest","Before event day","Yes","No","No","No","No","Public space","Pay campaign rallies","","rally","nationwide","2019-01-09",4,3.11850553825644,0,0,0,0,0,0,0,0,0,0,0,0,0,0,0,0,0,0,0,0,0,0,0,0,0,0,0,0,0,0,0,0,"pov"
"EarthStrikeUK, ExtinctionR, Strike4Youth/2019-01-15","2019-01-15","EarthStrikeUK, ExtinctionR, Strike4Youth","Organised, Organised, Participated","Protest","Before event day","Yes","Yes","No","No","No","Public space","Climate protest, Cambridge Earth Strike Critical Mass Demonstration","","protest, slow cycling","Parliament square, Bristol, Scottish parliament, Cambridge","2019-01-05",29,13.5097015317495,3,1,1,1,3,0,0,0,0,0,0,0,0,0,0,0,0,0,1,0,0,0,0,0,0,0,0,0,0,0,0,0,"env"
"friends_earth/2019-01-15","2019-01-15","friends_earth","Organised","Protest","Before event day","Yes","No","No","No","No","Court","oppose third runway","","protest","High Court, central London","2019-01-11",6,1.77966506012179,0,0,0,0,0,0,0,0,0,0,0,0,0,0,0,0,0,0,0,0,0,0,0,0,0,0,0,0,0,0,0,0,"env"
"EISUnion/2019-01-16","2019-01-16","EISUnion","Organised","Both","After event","No","No","No","No","No","Public space","Further education strike","","strike, picket, speech","outside Scottish Parliament","2019-01-16",2,1.06815318763256,3,3,3,3,0,0,0,0,0,1,0,0,0,2,0,0,0,0,0,0,0,0,0,1,0,0,0,2,0,0,0,0,"pov"
"NASUWT/2019-01-16","2019-01-16","NASUWT","Organised","Strike","Before event day","No","No","No","No","No","Other","Newtown Primary School strike, academies","","strike","","2019-01-15",1,0.887618184089661,0,0,0,0,0,0,0,0,0,0,0,0,0,0,0,0,0,0,0,0,0,0,0,0,0,0,0,0,0,0,0,0,"pov"
"unitetheunion/2019-01-17","2019-01-17","unitetheunion","Organised","Strike","Before event day","No","No","No","No","No","Other","Print workers strike, pay","","strike","","2019-01-04",13,2.80445826736481,0,0,0,0,0,0,0,0,0,0,0,0,0,0,0,0,0,0,0,0,0,0,0,0,0,0,0,0,0,0,0,0,"pov"
"ExtinctionR/2019-01-18","2019-01-18","ExtinctionR","Organised","Protest","On day, before event","Yes","No","No","Yes","No","Company site","Oppose Bristol ecocidal Airport Expansion Plans","","die in","Bristol airport","2019-01-18",7,1.52844008390981,1,1,1,1,0,0,1,0,0,0,0,0,0,0,0,0,0,0,0,0,1,0,0,0,0,0,0,0,0,0,0,0,"env"
"ExtinctionR/2019-01-19","2019-01-19","ExtinctionR","Organised","Protest","Before event day","Yes","No","No","Yes","No","Public space","climate crisis","","funeral march","Nottingham city centre","2019-01-12",12,2.47896653980021,1,0,1,0,1,0,0,0,0,0,0,0,0,0,0,0,0,0,0,0,0,0,0,0,0,0,0,0,0,0,0,0,"env"
"unisontheunion/2019-01-19","2019-01-19","unisontheunion","Participated","Protest","Before event day","Yes","No","No","No","No","Public space","Women's March, end austerity","","march, rally","London","2019-01-08",2,1.51048696031555,0,0,0,0,0,0,0,0,0,0,0,0,0,0,0,0,0,0,0,0,0,0,0,0,0,0,0,0,0,0,0,0,"pov"
"UVWunion/2019-01-21","2019-01-21","UVWunion","Organised","Strike","Before event day","No","No","No","No","No","Other","MoJ outsourced workers strike, living wage","","strike","","2018-12-17",9,5.58539487384101,0,0,0,0,0,0,0,0,0,0,0,0,0,0,0,0,0,0,0,0,0,0,0,0,0,0,0,0,0,0,0,0,"pov"
"IWGBunion/2019-01-21","2019-01-21","IWGBunion","Organised","Protest","On day, before event","Yes","No","No","No","No","Unknown","Anti-congestion charge","","","","2019-01-21",1,0.892448306083679,0,0,0,0,0,0,0,0,0,0,0,0,0,0,0,0,0,0,0,0,0,0,0,0,0,0,0,0,0,0,0,0,"pov"
"pcs_union, UVWunion/2019-01-22","2019-01-22","pcs_union, UVWunion","Organised, Organised","Strike","Before event day","No","No","No","No","No","Other","BEIS outsourced worker strikes","","strike","","2019-01-13",16,5.37265401285291,3,2,3,2,1,0,2,0,0,0,0,0,0,0,0,0,0,0,1,0,1,0,0,0,0,0,0,0,0,0,0,0,"pov"
"ExtinctionR/2019-01-25","2019-01-25","ExtinctionR","Organised","Protest","After event","No","Yes","No","Yes","No","Political site","demand citizen's assembly","40","occupation, direct action, mass action, sit in, symbolic citizen's assembly","Scottish Parliament","2019-01-25",7,3.67292344528913,1,1,1,1,0,0,0,0,0,0,0,0,0,1,0,0,0,0,0,0,0,0,0,0,0,0,0,1,0,0,0,0,"env"
"unitetheunion/2019-01-29","2019-01-29","unitetheunion","Organised","Protest","Before event day","Yes","No","No","No","No","Public space","Solidarity rally for Birmingham workers in dispute","","rally","","2019-01-23",6,1.7053044325579,0,0,0,0,0,0,0,0,0,0,0,0,0,0,0,0,0,0,0,0,0,0,0,0,0,0,0,0,0,0,0,0,"pov"
"pcs_union/2019-01-31","2019-01-31","pcs_union","Organised","Protest","Before event day","Yes","No","No","No","No","Public space","Pay rally","","rally","Newcastle","2019-01-08",12,9.45161300934662,0,0,0,0,0,0,0,0,0,0,0,0,0,0,0,0,0,0,0,0,0,0,0,0,0,0,0,0,0,0,0,0,"pov"
"keepnhspublic/2019-01-31","2019-01-31","keepnhspublic","Organised","Protest","Before event day","Yes","No","No","No","No","Political site","Oppose NHS reforms","","rally","NHS England","2019-01-19",2,1.79568457603455,0,0,0,0,0,0,0,0,0,0,0,0,0,0,0,0,0,0,0,0,0,0,0,0,0,0,0,0,0,0,0,0,"pov"
"HousingActionSL/2019-02-04","2019-02-04","HousingActionSL","Organised","Protest","After event","No","No","No","No","No","Unknown","demand batter conditions in temporary accommodation Southwark Council","","protest","","2019-02-04",3,1.81852406263351,0,0,0,0,0,0,0,0,0,0,0,0,0,0,0,0,0,0,0,0,0,0,0,0,0,0,0,0,0,0,0,0,"pov"
"ExtinctionR/2019-02-05","2019-02-05","ExtinctionR","Organised","Protest","After event","No","Yes","Yes","Yes","Yes","Other","Tell the truth about climate crisis, time running out for migrants escaping climate collapse, declare climate emergency","","spray painting, ice life jacket props, interrupted meeting","Stroud district council, Tate modern, Parliament square, nvironment, Sustainability and Carbon Reduction City Policy Committee","2019-02-05",6,1.51726165757762,0,0,0,0,0,0,0,0,0,0,0,0,0,0,0,0,0,0,0,0,0,0,0,0,0,0,0,0,0,0,0,0,"env"
"ExtinctionR/2019-02-06","2019-02-06","ExtinctionR","Organised","Protest","Before event day","Yes","No","No","No","No","Political site","declare climate emergency","","rally","Sheffield town hall","2019-02-01",5,1.15193683499122,0,0,0,0,0,0,0,0,0,0,0,0,0,0,0,0,0,0,0,0,0,0,0,0,0,0,0,0,0,0,0,0,"env"
"pcs_union/2019-02-06","2019-02-06","pcs_union","Organised","Strike","Before event day","No","No","No","No","No","Other","Historic Royal Palaces strike","","strike, walkout","","2019-01-25",8,6.57508760723508,1,1,0,0,0,0,0,0,1,0,0,0,0,0,0,0,0,0,0,0,0,0,1,0,0,0,0,0,0,0,0,0,"pov"
"ExtinctionR/2019-02-09","2019-02-09","ExtinctionR","Organised","Protest","Before event day","Yes","Yes","No","No","No","Public space","act on climate crisis","","road block, swarming, street party","Hackney","2019-02-05",7,1.94490049749291,0,0,0,0,0,0,0,0,0,0,0,0,0,0,0,0,0,0,0,0,0,0,0,0,0,0,0,0,0,0,0,0,"env"
"ExtinctionR/2019-02-11","2019-02-11","ExtinctionR","Organised","Protest","After event","No","Yes","No","No","Yes","Unknown","oppose new road project","","direct action","Norwich","2019-02-11",2,0.724609620660645,0,0,0,0,0,0,0,0,0,0,0,0,0,0,0,0,0,0,0,0,0,0,0,0,0,0,0,0,0,0,0,0,"env"
"UVWunion/2019-02-12","2019-02-12","UVWunion","Organised","Protest","Before event day","Yes","No","No","No","No","Political site","MoJ cleaners living wage protest","","protest","Oxford and Cambridge Club where politician reception is","2019-02-07",3,2.59332138299942,0,0,0,0,0,0,0,0,0,0,0,0,0,0,0,0,0,0,0,0,0,0,0,0,0,0,0,0,0,0,0,0,"pov"
"EISUnion/2019-02-12","2019-02-12","EISUnion","Participated","Protest","On day, before event","No","No","No","No","No","Public space","oppose cuts to free music tuition in schools","","flash mob, demonstration","Midlothian","2019-02-12",3,2.21189367771149,0,0,0,0,0,0,0,0,0,0,0,0,0,0,0,0,0,0,0,0,0,0,0,0,0,0,0,0,0,0,0,0,"pov"
"NASUWT/2019-02-12","2019-02-12","NASUWT","Organised","Strike","Before event day","No","No","No","No","No","Other","Light Hall School strike, management practices","","strike","","2019-02-11",2,1.7087784409523,0,0,0,0,0,0,0,0,0,0,0,0,0,0,0,0,0,0,0,0,0,0,0,0,0,0,0,0,0,0,0,0,"pov"
"CClimateAction, ExtinctionR/2019-02-13","2019-02-13","CClimateAction, ExtinctionR","Participated, Organised","Protest","After event","No","Yes","Yes","Yes","Yes","Political site","better treatment of refugees, climate, oppose inaction on climate emergency","","dyed pond outside home office red, disrupted meeting","Home office, Gloucestershire County Council","2019-02-13",3,1.45921422499732,0,0,0,0,0,0,0,0,0,0,0,0,0,0,0,0,0,0,0,0,0,0,0,0,0,0,0,0,0,0,0,0,"env"
"pcs_union/2019-02-13","2019-02-13","pcs_union","Organised","Strike","Before event day","No","No","No","No","No","Other","security guards, porters, receptionists, post room staff, cleaners and caterers strike for living wage","","strike","","2019-02-09",4,1.74528833489154,1,0,1,0,0,0,1,0,0,0,0,0,0,0,0,0,0,0,0,0,0,0,0,0,0,0,0,0,0,0,0,0,"pov"
"ExtinctionR/2019-02-14","2019-02-14","ExtinctionR","Organised","Protest","Before event day","Yes","No","No","Yes","No","Company site","oppose unsustainable consumerism","","die in","Westfield shopping centre","2019-02-05",5,2.09651109407977,0,0,0,0,0,0,0,0,0,0,0,0,0,0,0,0,0,0,0,0,0,0,0,0,0,0,0,0,0,0,0,0,"env"
"NASUWT/2019-02-14","2019-02-14","NASUWT","Organised","Strike","Before event day","No","No","No","No","No","Other","Granville Academy strike, management practices","","strike","","2019-02-12",2,1.73353046178818,0,0,0,0,0,0,0,0,0,0,0,0,0,0,0,0,0,0,0,0,0,0,0,0,0,0,0,0,0,0,0,0,"pov"
"Strike4Youth/2019-02-15","2019-02-15","Strike4Youth","Organised","Protest","Before event day","Yes","No","No","Yes","No","Public space","UK wide youth strike","","youth strike, demonstration","38 cities and towns","2018-12-19",31,20.6952393505714,12,7,9,6,0,0,3,0,2,1,2,1,0,3,0,0,0,0,0,0,2,0,2,1,1,0,0,1,0,0,0,0,"env"
"reclaimthepower/2019-02-15","2019-02-15","reclaimthepower","Organised","Protest","Before event day","Yes","No","No","Yes","No","Company site","Oppose fracking","","creative direct action, create fake fracking site, family friendly","Centrica HQ, Indsor","2019-02-19",3,1.35421336814761,0,0,0,0,0,0,0,0,0,0,0,0,0,0,0,0,0,0,0,0,0,0,0,0,0,0,0,0,0,0,0,0,"env"
"liberatetate/2019-02-16","2019-02-16","liberatetate","Organised","Protest","Before event day","Yes","No","No","Yes","No","Entertainment/cultural","Drop BP","","mass creative takeover, performance","British Museum","2018-12-21",4,1.5584916212375,0,0,0,0,0,0,0,0,0,0,0,0,0,0,0,0,0,0,0,0,0,0,0,0,0,0,0,0,0,0,0,0,"env"
"CClimateAction, ExtinctionR/2019-02-17","2019-02-17","CClimateAction, ExtinctionR","Participated, Organised","Protest","Before event day","Yes","Yes","No","Yes","No","Company site","Disrupt london fashion week","","swarming roadblocks, alternative fashion walk","London Fashion Week","2019-02-03",15,9.86792881973088,3,3,3,3,1,0,2,0,0,0,0,0,0,0,0,0,0,0,1,0,2,0,0,0,0,0,0,0,0,0,0,0,"env"
"unitetheunion/2019-02-19","2019-02-19","unitetheunion","Organised","Strike","Before event day","No","No","No","No","No","Other","Birmingham council refuse collection service strike, secret payments, blacklisting","","strike","","2019-02-04",17,7.39245569644028,13,13,6,6,0,0,0,0,2,0,0,0,0,0,0,0,0,11,0,0,0,0,2,0,0,0,0,0,0,0,0,11,"pov"
"reclaimthepower/2019-02-22","2019-02-22","reclaimthepower","Organised","Protest","Before event day","Yes","Yes","No","Yes","No","Company site","Supply Demand, Supply Demand, Supply Demand, Supply Demand, Supply Demand, Supply Demand","50","occupation, scaled scaffolding, hold banner, theatrical, cleaning props, blockade, fake fracking rig, block entrance, demonstration, tied windmill to fence, mass demonstration"," Sibelco's quarry near Congleton, HSBC, S LYON & SON Haulage company in Lincoln, Windsor, Centrica HQ, Bristol, SSE depot, Leeds, HSBC branch","2019-01-15",40,20.2845412132126,1,1,0,0,0,0,1,0,0,0,0,0,0,0,0,0,0,0,0,0,1,0,0,0,0,0,0,0,0,0,0,0,"env"
"ExtinctionR, Strike4Youth/2019-02-22","2019-02-22","ExtinctionR, Strike4Youth","Participated, Organised","Protest","Before event day","Yes","No","No","No","No","Political site","Tell the truth about climate change","","protest, student strike","Department of Education","2019-01-01",13,8.39434993244628,4,3,1,1,0,0,4,0,0,0,0,0,0,0,0,0,0,0,0,0,3,0,0,0,0,0,0,0,0,0,0,0,"env"
"liberatetate/2019-02-23","2019-02-23","liberatetate","Participated","Protest","Before event day","Yes","No","No","No","No","Public space","Save RV1 (culture bus)","","march","London","2019-02-15",2,1.91446846723556,0,0,0,0,0,0,0,0,0,0,0,0,0,0,0,0,0,0,0,0,0,0,0,0,0,0,0,0,0,0,0,0,"env"
"IWGBunion, UVWunion/2019-02-26","2019-02-26","IWGBunion, UVWunion","Organised, Organised","Both","Before event day","Yes","No","No","No","No","Court","Clean up outsourcing, coincides with legal challenge and strike","","protest, demonstration, march, strike","Royal Courts of Justice","2019-01-29",10,8.65440875291824,2,2,2,2,0,0,2,0,0,0,0,0,0,0,0,0,0,0,0,0,2,0,0,0,0,0,0,0,0,0,0,0,"pov"
"NASUWT/2019-02-26","2019-02-26","NASUWT","Organised","Strike","Before event day","No","No","No","No","No","Other","Together Trust strike, pay, conditions","","strike","","2019-02-22",3,2.5931584239006,0,0,0,0,0,0,0,0,0,0,0,0,0,0,0,0,0,0,0,0,0,0,0,0,0,0,0,0,0,0,0,0,"pov"
"radicalhousing/2019-02-27","2019-02-27","radicalhousing","Organised","Protest","Before event day","Yes","No","No","No","No","Public space","Social Homes Not Luxury Flats","","protest","Kensington Town Hall","2019-02-12",2,1.75981372594833,0,0,0,0,0,0,0,0,0,0,0,0,0,0,0,0,0,0,0,0,0,0,0,0,0,0,0,0,0,0,0,0,"pov"
"unitetheunion/2019-02-27","2019-02-27","unitetheunion","Organised","Protest","After event","No","No","No","No","No","Company site","Union recognition Skanska","","protest","Skanska's HS2 headquarters, Euston","2019-02-27",2,0.956307135522366,0,0,0,0,0,0,0,0,0,0,0,0,0,0,0,0,0,0,0,0,0,0,0,0,0,0,0,0,0,0,0,0,"pov"
"IWGBunion/2019-02-28","2019-02-28","IWGBunion","Organised","Protest","On day, before event","Yes","No","No","No","No","Other","oppose outsourcing UoL","","demonstration","Goldsmiths university","2019-02-28",1,0.895358622074127,0,0,0,0,0,0,0,0,0,0,0,0,0,0,0,0,0,0,0,0,0,0,0,0,0,0,0,0,0,0,0,0,"pov"
"ExtinctionR/2019-03-02","2019-03-02","ExtinctionR","Organised","Protest","Before event day","Yes","Yes","No","Yes","No","Other","march of conscientious protectors, action on the climate and ecological crisis, call on Barclays to divest","","march, non-violent protest, civil disobedience, road block, funeral procession, road block, reclaimed streets, dancing music","George square, Glasgow, Cambridge, Canterbury, Barclays, Oxford","2019-02-20",8,6.03489815418065,0,0,0,0,0,0,0,0,0,0,0,0,0,0,0,0,0,0,0,0,0,0,0,0,0,0,0,0,0,0,0,0,"env"
"unisontheunion/2019-03-02","2019-03-02","unisontheunion","Organised","Both","After event","No","No","No","No","No","Public space","care workers strike, pay","","rally, industrial action","Liverpool","2019-03-02",2,1.69392395019531,0,0,0,0,0,0,0,0,0,0,0,0,0,0,0,0,0,0,0,0,0,0,0,0,0,0,0,0,0,0,0,0,"pov"
"ExtinctionR/2019-03-03","2019-03-03","ExtinctionR","Organised","Protest","After event","No","No","No","Yes","No","Public space","climate crisis, action on climate crisis","","action, die in","Canterbury, Reading","2019-03-03",7,4.15089716069068,0,0,0,0,0,0,0,0,0,0,0,0,0,0,0,0,0,0,0,0,0,0,0,0,0,0,0,0,0,0,0,0,"env"
"CClimateAction/2019-03-04","2019-03-04","CClimateAction","Organised","Protest","After event","No","No","No","Yes","No","Political site","Oppose coal mine in Northern Ireland","","praying","MHCLG","2019-03-04",3,2.57391422896878,0,0,0,0,0,0,0,0,0,0,0,0,0,0,0,0,0,0,0,0,0,0,0,0,0,0,0,0,0,0,0,0,"env"
"HousingActionSL/2019-03-04","2019-03-04","HousingActionSL","Organised","Protest","On day, before event","No","Yes","No","No","No","Political site","Housing rights","30+","occupation, protest","Lambeth council's housing office","2019-03-04",5,2.64044141793652,0,0,0,0,0,0,0,0,0,0,0,0,0,0,0,0,0,0,0,0,0,0,0,0,0,0,0,0,0,0,0,0,"pov"
"FocusE15/2019-03-05","2019-03-05","FocusE15","Organised","Protest","On day, before event","Yes","Yes","No","No","No","Political site","Homes Not Harassment","","protest, interrupt meeting","Newham Council cabinet meeting","2019-03-05",4,1.4780258089304,0,0,0,0,0,0,0,0,0,0,0,0,0,0,0,0,0,0,0,0,0,0,0,0,0,0,0,0,0,0,0,0,"pov"
"EISUnion/2019-03-06","2019-03-06","EISUnion","Organised","Both","Before event day","No","No","No","No","No","Public space","FE college lecturer strike","","strike, rally, demonstration","concert hall in Glasgow, Elgin","2019-03-01",5,4.19425976276398,1,1,1,1,0,0,0,0,0,0,0,1,0,0,0,0,0,0,0,0,0,0,0,0,0,1,0,0,0,0,0,0,"pov"
"ExtinctionR/2019-03-08","2019-03-08","ExtinctionR","Organised","Protest","Before event day","Yes","No","No","Yes","No","Other","Rig rebellion, Defend our children and our world today","","dance demonstration","National Museum of Scotland, Royal Courts of Justice","2019-03-05",7,2.36425786868439,2,1,2,1,1,0,1,0,0,0,0,0,0,0,0,0,0,0,0,0,1,0,0,0,0,0,0,0,0,0,0,0,"env"
"CClimateAction, ExtinctionR/2019-03-09","2019-03-09","CClimateAction, ExtinctionR","Participated, Organised","Protest","Before event day","Yes","Yes","No","Yes","No","Other","International Rebellion, Blood of our children","","civil disobedience, block, procession, fake blood, symbolic act of disobedience","Marble Arch, Oxford Circus, Waterloo Bridge, Parliament Square, Hyde Park Corner, Downing street","2019-02-23",38,24.4769138720326,2,2,2,2,1,0,1,0,0,0,0,0,0,0,0,0,0,0,1,0,1,0,0,0,0,0,0,0,0,0,0,0,"env"
"ExtinctionR/2019-03-11","2019-03-11","ExtinctionR","Organised","Protest","After event","No","No","No","No","No","Public space","Earth march","","march","Lands end","2019-03-11",5,1.04311305323045,1,1,1,1,0,0,0,0,0,0,0,0,0,0,0,0,0,1,0,0,0,0,0,0,0,0,0,0,0,0,0,1,"env"
"pcs_union/2019-03-11","2019-03-11","pcs_union","Participated","Strike","After event","No","No","No","No","No","Other","Universal Credit strike","","strike","Wolverhampton","2019-03-11",6,3.85345992445946,0,0,0,0,0,0,0,0,0,0,0,0,0,0,0,0,0,0,0,0,0,0,0,0,0,0,0,0,0,0,0,0,"pov"
"unisontheunion/2019-03-11","2019-03-11","unisontheunion","Organised","Protest","Before event day","No","No","No","No","No","Public space","sustainable funding for maintained nursery schools","","march","to Parliament","2019-03-04",3,2.60933315753937,0,0,0,0,0,0,0,0,0,0,0,0,0,0,0,0,0,0,0,0,0,0,0,0,0,0,0,0,0,0,0,0,"pov"
"SOLE_Essex/2019-03-12","2019-03-12","SOLE_Essex","Organised","Protest","Before event day","Yes","No","No","No","No","Public space","Save our libraries for Essex children","","demonstration","County Hall, Chelmsford","2019-03-01",21,5.1265073266561,0,0,0,0,0,0,0,0,0,0,0,0,0,0,0,0,0,0,0,0,0,0,0,0,0,0,0,0,0,0,0,0,"pov"
"ExtinctionR/2019-03-13","2019-03-13","ExtinctionR","Organised","Protest","On day, before event","No","Yes","No","No","No","Public space","oppose road building","","swarming roads","Devon","2019-03-13",3,1.73228976130485,0,0,0,0,0,0,0,0,0,0,0,0,0,0,0,0,0,0,0,0,0,0,0,0,0,0,0,0,0,0,0,0,"env"
"friends_earth/2019-03-13","2019-03-13","friends_earth","Organised","Protest","Before event day","Yes","No","No","No","No","Court","Oppose heathrow expansion","","rally","High court","2019-03-02",6,0.878119202507288,0,0,0,0,0,0,0,0,0,0,0,0,0,0,0,0,0,0,0,0,0,0,0,0,0,0,0,0,0,0,0,0,"env"
"GreenpeaceUK, reclaimthepower, Strike4Youth/2019-03-15","2019-03-15","GreenpeaceUK, reclaimthepower, Strike4Youth","Participated, Participated, Organised","Protest","Before event day","Yes","No","No","No","No","Public space","Youth strike","50000","march, school strike","Parliament Square, London, Brighton, Sheffield, Manchester, Leeds, Newcastle, Exeter, Cambridge, Oxford","2019-01-05",29,15.9664383233313,30,21,15,11,2,0,14,0,2,0,2,1,1,5,2,0,0,1,2,0,9,0,0,0,1,1,1,5,1,0,0,1,"env"
"ExtinctionR/2019-03-16","2019-03-16","ExtinctionR","Participated","Protest","Before event day","Yes","No","No","No","No","Public space","Anti racism day","","demonstration","London","2019-02-21",15,4.91973334099674,1,0,0,0,0,0,1,0,0,0,0,0,0,0,0,0,0,0,0,0,0,0,0,0,0,0,0,0,0,0,0,0,"env"
"CNDuk/2019-03-16","2019-03-16","CNDuk","Organised","Protest","After event","No","No","No","No","No","Public space","Remember Fukushima","","rally","Westminster","2019-03-16",1,0.85070276260376,0,0,0,0,0,0,0,0,0,0,0,0,0,0,0,0,0,0,0,0,0,0,0,0,0,0,0,0,0,0,0,0,"env"
"ASLEFunion, fbunational, GMB_union, NASUWT, NEUnion, pcs_union, the_TUC, unisontheunion, unitetheunion/2019-03-16","2019-03-16","ASLEFunion, fbunational, GMB_union, NASUWT, NEUnion, pcs_union, the_TUC, unisontheunion, unitetheunion","Participated, Participated, Participated, Participated, Participated, Participated, Participated, Participated, Organised","Protest","Before event day","Yes","No","No","No","No","Public space","March against racism","","march, demonstration, protest","London, Cardiff, Glasgow","2019-02-15",86,73.7793418753783,2,1,1,1,0,0,1,0,0,1,0,0,0,0,0,0,0,0,0,0,0,0,0,1,0,0,0,0,0,0,0,0,"pov"
"ExtinctionR/2019-03-19","2019-03-19","ExtinctionR","Organised","Protest","Before event day","No","Yes","No","No","No","Public space","oppose road widening","","swarming outside train station rush hour, block traffic","Sheaf Street, Sheffield","2019-03-17",5,0.949519613748702,0,0,0,0,0,0,0,0,0,0,0,0,0,0,0,0,0,0,0,0,0,0,0,0,0,0,0,0,0,0,0,0,"env"
"unitetheunion/2019-03-19","2019-03-19","unitetheunion","Organised","Strike","After event","No","No","No","No","No","Other","Hackney council’s school bus drivers strike","","strike","","2019-03-19",3,2.231052339077,0,0,0,0,0,0,0,0,0,0,0,0,0,0,0,0,0,0,0,0,0,0,0,0,0,0,0,0,0,0,0,0,"pov"
"pcs_union/2019-03-20","2019-03-20","pcs_union","Organised","Strike","Before event day","No","No","No","No","No","Other","HMRC walkout over office closure","","walkout, strike","","2019-03-13",13,10.4459225836723,1,1,0,0,0,0,0,0,0,0,0,0,1,0,0,0,0,0,0,0,0,0,0,0,0,0,1,0,0,0,0,0,"pov"
"ExtinctionR/2019-03-22","2019-03-22","ExtinctionR","Participated","Protest","On day, before event","Yes","No","No","No","No","Public space","Climate strike","","strike","Parliament square","2019-03-22",6,1.71254499078784,0,0,0,0,0,0,0,0,0,0,0,0,0,0,0,0,0,0,0,0,0,0,0,0,0,0,0,0,0,0,0,0,"env"
"keepnhspublic/2019-03-22","2019-03-22","keepnhspublic","Organised","Protest","Before event day","Yes","No","No","Yes","No","Public space","Save swindon's mental health services","","silent protest","Swindon","2019-03-18",1,0.928444266319275,0,0,0,0,0,0,0,0,0,0,0,0,0,0,0,0,0,0,0,0,0,0,0,0,0,0,0,0,0,0,0,0,"pov"
"TheBMA/2019-03-23","2019-03-23","TheBMA","Participated","Protest","Before event day","Yes","No","No","No","No","Public space","People's Vote march","","march","junction of Park Lane and Curzon Gate","2019-03-18",2,1.80361330509186,6,5,3,2,1,0,5,0,0,0,0,0,0,0,0,0,0,0,1,0,4,0,0,0,0,0,0,0,0,0,0,0,"pov"
"ExtinctionR/2019-03-24","2019-03-24","ExtinctionR","Organised","Protest","Before event day","Yes","No","No","Yes","No","Public space","Funeral for Life on Earth","","funeral","Brighton","2019-03-22",7,2.0382522726672,0,0,0,0,0,0,0,0,0,0,0,0,0,0,0,0,0,0,0,0,0,0,0,0,0,0,0,0,0,0,0,0,"env"
"NASUWT/2019-03-26","2019-03-26","NASUWT","Organised","Strike","Before event day","No","No","No","No","No","Other","teacher strike Jersey, pay","100s","strike","","2019-03-12",4,3.3911393877442,0,0,0,0,0,0,0,0,0,0,0,0,0,0,0,0,0,0,0,0,0,0,0,0,0,0,0,0,0,0,0,0,"pov"
"unitetheunion/2019-03-26","2019-03-26","unitetheunion","Organised","Protest","After event","No","No","No","No","No","Company site","Skanska stolen holiday pay protest","","demonstration","Costain Skanska Joint Venture’s HS2 site in London","2019-03-26",3,2.13176453113556,0,0,0,0,0,0,0,0,0,0,0,0,0,0,0,0,0,0,0,0,0,0,0,0,0,0,0,0,0,0,0,0,"pov"
"pcs_union/2019-03-26","2019-03-26","pcs_union","Organised","Strike","Before event day","No","No","No","No","No","Other","HMRC walkout, oppose office closure","","walkout","","2019-03-25",4,1.87400412526556,0,0,0,0,0,0,0,0,0,0,0,0,0,0,0,0,0,0,0,0,0,0,0,0,0,0,0,0,0,0,0,0,"pov"
"ExtinctionR/2019-03-30","2019-03-30","ExtinctionR","Organised","Protest","Before event day","Yes","Yes","No","No","No","Other","No food on a dead planet, oppose deadly levels of air pollution, climate emergency","","blockade, road block street party","Port of Dover, Bethnal green tube station","2019-02-27",17,12.4927026181534,4,2,3,1,2,0,2,0,0,0,0,0,0,0,0,0,0,0,1,0,1,0,0,0,0,0,0,0,0,0,0,0,"env"
"unitetheunion/2019-03-30","2019-03-30","unitetheunion","Organised","Protest","Before event day","Yes","No","No","No","No","Public space","Save Honda Swindon","","march, rally","Swindon","2019-03-18",78,63.7153457838221,4,4,3,3,1,0,1,0,0,0,2,0,0,0,0,0,0,0,1,0,1,0,0,0,2,0,0,0,0,0,0,0,"pov"
"keepnhspublic/2019-03-30","2019-03-30","keepnhspublic","Organised","Protest","On day, before event","Yes","No","No","No","No","Public space","Protect our NHS","800","march","Leeds","2019-03-30",2,1.00880092382431,0,0,0,0,0,0,0,0,0,0,0,0,0,0,0,0,0,0,0,0,0,0,0,0,0,0,0,0,0,0,0,0,"pov"
"ExtinctionR/2019-03-31","2019-03-31","ExtinctionR","Organised","Protest","After event","No","No","No","No","No","Public space","action on climate crisis","100s","banner demonstration, march","Glastonbury Tor, Edmonton","2019-03-31",4,2.85329213738441,0,0,0,0,0,0,0,0,0,0,0,0,0,0,0,0,0,0,0,0,0,0,0,0,0,0,0,0,0,0,0,0,"env"
"ExtinctionR/2019-04-01","2019-04-01","ExtinctionR","Organised","Protest","After event","No","Yes","No","Yes","No","Political site","climate emergency","","semi-naked protest, interrupt debate","House of Commons","2019-04-01",16,3.23158731758037,11,9,11,9,1,1,3,0,0,1,3,1,1,0,0,0,0,0,1,1,3,0,0,1,1,1,1,0,0,0,0,0,"env"
"sccscot/2019-04-02","2019-04-02","sccscot","Organised","Protest","Before event day","Yes","No","No","Yes","No","Public space","Climate change bill does not go far enough","","drum demonstration, rally","outside Scottish Parliament","2019-03-23",11,5.56184889901371,2,2,2,2,0,0,0,0,0,0,0,1,1,0,0,0,0,0,0,0,0,0,0,0,0,1,1,0,0,0,0,0,"env"
"CNDuk/2019-04-02","2019-04-02","CNDuk","Organised","Protest","Before event day","Yes","No","No","No","No","Political site","No to NATO","","protest","NATO HQ, London","2019-03-29",6,1.23885016329587,0,0,0,0,0,0,0,0,0,0,0,0,0,0,0,0,0,0,0,0,0,0,0,0,0,0,0,0,0,0,0,0,"env"
"ExtinctionR/2019-04-02","2019-04-02","ExtinctionR","Organised","Protest","After event","No","Yes","No","No","No","Public space","climate action","","road block","Cambridge","2019-04-02",3,1.07918937876821,0,0,0,0,0,0,0,0,0,0,0,0,0,0,0,0,0,0,0,0,0,0,0,0,0,0,0,0,0,0,0,0,"env"
"ExtinctionR/2019-04-03","2019-04-03","ExtinctionR","Organised","Protest","Before event day","Yes","Yes","No","Yes","No","Public space","Culture declares","","disruptive horse-led procession","Southbank","2019-03-20",9,2.01881980596547,2,0,2,0,0,0,0,0,0,0,0,0,0,0,2,0,0,0,0,0,0,0,0,0,0,0,0,0,0,0,0,0,"env"
"pcs_union/2019-04-03","2019-04-03","pcs_union","Organised","Strike","After event","No","No","No","No","No","Other","Ealing tax office workers strike","","walkout, strike","","2019-04-03",5,4.14026188850403,0,0,0,0,0,0,0,0,0,0,0,0,0,0,0,0,0,0,0,0,0,0,0,0,0,0,0,0,0,0,0,0,"pov"
"ExtinctionR/2019-04-04","2019-04-04","ExtinctionR","Organised","Protest","Before event day","Yes","Yes","No","No","No","Other","Rig Rebellion Arrestee Support Demo, oppose fracking","","court solidarity demonstration, lock on","Sheriff court house, Edinburgh, The Caledonian Club, London","2019-03-26",8,2.95198514290908,0,0,0,0,0,0,0,0,0,0,0,0,0,0,0,0,0,0,0,0,0,0,0,0,0,0,0,0,0,0,0,0,"env"
"unitetheunion/2019-04-05","2019-04-05","unitetheunion","Organised","Both","Before event day","No","No","No","No","No","Other","Liverpool hospital workers demo over plans to withhold pay, Southampton General Hospital security staff strike","","demonstration, strike","","2019-03-21",7,3.85327421219641,0,0,0,0,0,0,0,0,0,0,0,0,0,0,0,0,0,0,0,0,0,0,0,0,0,0,0,0,0,0,0,0,"pov"
"ExtinctionR/2019-04-06","2019-04-06","ExtinctionR","Organised","Protest","After event","No","Yes","No","Yes","No","Public space","","17","swarming roadblocks, march, die-in","Bury St Edmunds, Taunton","2019-04-06",10,5.15452295690506,1,1,0,0,0,0,1,0,0,0,0,0,0,0,0,0,0,0,0,0,1,0,0,0,0,0,0,0,0,0,0,0,"env"
"pcs_union/2019-04-10","2019-04-10","pcs_union","Organised","Both","Before event day","No","No","No","No","No","Public space","Ealing tax office strike","","strike, rally","Ealing Green","2019-04-09",8,5.35714834847711,1,1,1,1,0,0,1,0,0,0,0,0,0,0,0,0,0,0,0,0,1,0,0,0,0,0,0,0,0,0,0,0,"pov"
"ExtinctionR, Strike4Youth/2019-04-12","2019-04-12","ExtinctionR, Strike4Youth","Participated, Organised","Protest","Before event day","Yes","No","No","No","No","Public space","Youth climate strike, green new deal","","strike, demonstration","towns and cities across the UK","2019-03-19",30,13.7823264797897,12,8,11,7,4,0,6,0,0,0,0,0,0,0,1,1,0,0,2,0,4,0,0,0,0,0,0,0,1,1,0,0,"env"
"ExtinctionR/2019-04-12","2019-04-12","ExtinctionR","Organised","Protest","Before event day","No","Yes","No","Yes","No","Public space","Oppose fast fashion","","turn street into catwalk, road block","Oxford circus","2019-03-20",14,7.32151103947785,7,2,7,2,3,0,2,0,0,0,0,0,0,0,1,1,0,0,0,0,2,0,0,0,0,0,0,0,0,0,0,0,"env"
"CClimateAction, ExtinctionR/2019-04-15","2019-04-15","CClimateAction, ExtinctionR","Organised, Organised","Protest","Before event day","Yes","Yes","No","No","Yes","Public space","International Rebellion","10000","non-violent direct action, civil disobedience, shut down, occupation, major disruption, lock on","London, Parliament Square, Waterloo bridge, Marble arch","2019-02-03",183,91.3440776367911,178,127,156,107,30,3,29,1,3,1,12,6,5,17,8,11,3,49,18,1,23,1,2,0,10,4,4,13,5,5,3,38,"env"
"unitetheunion/2019-04-15","2019-04-15","unitetheunion","Organised","Protest","Before event day","No","No","No","No","No","Public space"," ISS low paid workers protest over unpaid wages","","protest","Liverpool","2019-04-10",5,2.57266919314861,1,1,0,0,0,0,1,0,0,0,0,0,0,0,0,0,0,0,0,0,1,0,0,0,0,0,0,0,0,0,0,0,"pov"
"pcs_union/2019-04-15","2019-04-15","pcs_union","Organised","Protest","Before event day","Yes","No","No","No","No","Public space","Pay rally","","rally","City Square, Dundee","2019-04-15",4,1.09861800042113,0,0,0,0,0,0,0,0,0,0,0,0,0,0,0,0,0,0,0,0,0,0,0,0,0,0,0,0,0,0,0,0,"pov"
"CClimateAction, ExtinctionR/2019-04-16","2019-04-16","CClimateAction, ExtinctionR","Organised, Organised","Protest","Before event day","Yes","Yes","No","No","Yes","Public space","International Rebellion Week","290+ arrested","occupation","Oxford Circus, Marble Arch, Waterloo Bridge, Parliament Square","2019-04-16",32,12.9136212179959,52,31,52,31,6,1,4,0,1,1,4,3,4,6,1,7,2,12,2,1,3,0,0,1,2,1,2,2,1,7,1,8,"env"
"ExtinctionR/2019-04-17","2019-04-17","ExtinctionR","Organised","Protest","Before event day","Yes","Yes","No","No","Yes","Public space","International rebellion week","","performance, road block, lock on, ","Parliament square, Waterloo bridge, Oxford circus, Marble arch","2019-03-20",23,9.38530249170921,82,52,79,52,12,1,10,0,1,2,5,5,5,5,2,8,6,20,5,1,4,0,1,2,1,3,4,2,1,4,6,18,"env"
"reclaimthepower/2019-04-17","2019-04-17","reclaimthepower","Participated","Protest","Before event day","Yes","No","No","No","No","Company site","Axe Drax","","protest, speakers, music","Drax AGM","2019-04-11",2,1.71970278024674,1,0,1,0,0,0,0,0,0,1,0,0,0,0,0,0,0,0,0,0,0,0,0,0,0,0,0,0,0,0,0,0,"env"
"CClimateAction/2019-04-18","2019-04-18","CClimateAction","Organised","Protest","Before event day","Yes","Yes","No","Yes","No","Public space","International Rebellion Week","","footwashing","Marble arch","2019-04-18",5,2.50599889456727,0,0,0,0,0,0,0,0,0,0,0,0,0,0,0,0,0,0,0,0,0,0,0,0,0,0,0,0,0,0,0,0,"env"
"unitetheunion/2019-04-18","2019-04-18","unitetheunion","Organised","Protest","Before event day","No","No","No","No","No","Company site","ISS workers at Macclesfield hospital protest unpaid wages","","demonstration, protest","Macclesfield hospital","2019-04-11",4,1.70541970847487,0,0,0,0,0,0,0,0,0,0,0,0,0,0,0,0,0,0,0,0,0,0,0,0,0,0,0,0,0,0,0,0,"pov"
"CClimateAction, ExtinctionR/2019-04-19","2019-04-19","CClimateAction, ExtinctionR","Participated, Organised","Protest","Before event day","Yes","Yes","No","Yes","Yes","Public space","International rebellion week","","road block, pink boat, poetry, performances","Heathrow express","2019-04-18",11,3.45461165094324,75,47,65,42,16,1,8,1,5,2,4,0,2,3,1,2,4,26,6,1,2,1,4,2,3,0,2,3,1,1,4,17,"env"
"CClimateAction, ExtinctionR/2019-04-20","2019-04-20","CClimateAction, ExtinctionR","Participated, Organised","Protest","Before event day","Yes","Yes","No","Yes","Yes","Public space","International rebellion week","","road block","London, Oxford circus, Marble arch","2019-04-04",8,3.62789142172041,30,16,26,14,6,0,3,0,1,0,0,0,0,1,0,1,1,17,5,0,1,0,0,0,0,0,0,1,0,0,1,8,"env"
"SOLE_Essex/2019-04-20","2019-04-20","SOLE_Essex","Participated","Protest","Before event day","Yes","No","No","No","No","Public space","Young People’s March for Libraries","","march","Colchester","2019-04-24",4,2.78474552929401,0,0,0,0,0,0,0,0,0,0,0,0,0,0,0,0,0,0,0,0,0,0,0,0,0,0,0,0,0,0,0,0,"pov"
"CClimateAction, ExtinctionR/2019-04-21","2019-04-21","CClimateAction, ExtinctionR","Participated, Organised","Protest","Before event day","Yes","Yes","No","No","Yes","Public space","International Rebellion week","","speeches, disruption","Marble arch, Oxford circus, Waterloo bridge","2019-04-21",11,0.938376724015767,38,22,38,22,6,2,3,0,0,2,2,0,2,3,0,1,0,17,3,1,1,0,0,2,0,0,2,2,0,1,0,10,"env"
"CClimateAction, ExtinctionR/2019-04-22","2019-04-22","CClimateAction, ExtinctionR","Participated, Organised","Protest","After event","No","No","No","Yes","No","Entertainment/cultural","Bumper Easter Monday Extinction Rebellion Action","","peaceful protest, die in","Natural history museum","2019-04-22",15,5.0145260842986,73,35,45,34,9,2,6,1,1,2,4,3,5,7,0,0,3,30,2,1,2,1,1,1,1,0,1,2,0,0,3,20,"env"
"unitetheunion/2019-04-24","2019-04-24","unitetheunion","Organised","Both","Before event day","No","No","No","No","No","Company site","Trinity House seafarers strike, pay protest","","protest, strike","Trinity House depot","2019-04-23",4,1.57887573540211,1,0,1,0,0,0,1,0,0,0,0,0,0,0,0,0,0,0,0,0,0,0,0,0,0,0,0,0,0,0,0,0,"pov"
"CClimateAction/2019-04-25","2019-04-25","CClimateAction","Organised","Protest","After event","No","Yes","No","No","Yes","Public space","International Rebellion Week","","climbed on top of train","DLR","2019-04-25",9,6.45323772741312,13,3,12,3,5,0,1,0,0,1,0,1,2,2,0,1,0,0,1,0,0,0,0,0,0,0,1,1,0,0,0,0,"env"
"CClimateAction, ExtinctionR/2019-04-25","2019-04-25","CClimateAction, ExtinctionR","Participated, Organised","Protest","Before event day","Yes","Yes","No","No","No","Other","International Rebellion week, Closing ceremony of International Rebellion, International Rebellion week","300","swarming roadblocks, ceremony","City of London, Speaker's corner, Hyde Park, Treasury","2019-04-24",18,9.95833516858987,57,45,49,40,9,1,10,0,0,2,1,3,3,4,2,8,1,13,6,1,7,0,0,2,1,2,2,1,2,8,1,12,"env"
"NEUnion/2019-04-25","2019-04-25","NEUnion","Organised","Protest","Before event day","Yes","No","No","No","No","Political site","March of the 4-Year-Olds, oppose plans to test 4 yr olds","","march","Downing street","2019-04-15",11,4.28056838380782,2,2,2,2,0,0,2,0,0,0,0,0,0,0,0,0,0,0,0,0,2,0,0,0,0,0,0,0,0,0,0,0,"pov"
"ExtinctionR/2019-04-26","2019-04-26","ExtinctionR","Organised","Protest","On day, before event","Yes","Yes","No","Yes","No","Other","No food on a dead planet, Oppose air pollution","","die in, slow cycle ride","Waitrose, Granary Square, Tyne bridge, Newcastle","2019-04-26",5,2.0840342637434,14,6,7,6,8,0,4,0,0,0,0,0,0,1,0,1,0,0,3,0,2,0,0,0,0,0,0,0,0,1,0,0,"env"
"unitetheunion/2019-04-26","2019-04-26","unitetheunion","Organised","Protest","On day, before event","No","No","No","No","No","Company site","ISS workers at Macclesfield hospital protest unpaid wages","","demonstration","Macclesfield hospital","2019-04-26",5,1.50726006910394,0,0,0,0,0,0,0,0,0,0,0,0,0,0,0,0,0,0,0,0,0,0,0,0,0,0,0,0,0,0,0,0,"pov"
"NEUnion/2019-04-26","2019-04-26","NEUnion","Organised","Protest","After event","No","No","No","No","No","Company site","Students before profit","","demonstration","Pearson AGM","2019-04-26",4,1.10331784002483,0,0,0,0,0,0,0,0,0,0,0,0,0,0,0,0,0,0,0,0,0,0,0,0,0,0,0,0,0,0,0,0,"pov"
"ExtinctionR/2019-04-27","2019-04-27","ExtinctionR","Organised","Protest","Before event day","Yes","No","No","Yes","No","Public space","Earth day climate protest","","protest, die in","Bristol, Tate modern","2019-03-19",10,7.87829121218811,13,8,9,7,6,0,3,0,0,1,0,0,0,0,0,2,0,1,2,0,2,0,0,1,0,0,0,0,0,2,0,1,"env"
"EarthStrikeUK/2019-04-27","2019-04-27","EarthStrikeUK","Organised","Protest","Before event day","Yes","No","No","No","No","Public space","Raise awareness for Earth Strike","","protest","The Bearpit, Bristol","2019-01-19",7,2.00763753669768,2,0,2,0,2,0,0,0,0,0,0,0,0,0,0,0,0,0,0,0,0,0,0,0,0,0,0,0,0,0,0,0,"env"
"CNDuk/2019-04-27","2019-04-27","CNDuk","Organised","Protest","After event","No","No","No","Yes","No","Company site","Oppose nuclear power","","dress up","Springfields nuclear processing plant","2019-04-27",3,1.03023168425447,0,0,0,0,0,0,0,0,0,0,0,0,0,0,0,0,0,0,0,0,0,0,0,0,0,0,0,0,0,0,0,0,"env"
"SOLE_Essex/2019-04-27","2019-04-27","SOLE_Essex","Organised","Protest","Before event day","Yes","No","No","Yes","No","Public space","Save our libraries","100s","march, protest, dress as book character","Colchester main library","2019-03-20",36,26.7122548998191,0,0,0,0,0,0,0,0,0,0,0,0,0,0,0,0,0,0,0,0,0,0,0,0,0,0,0,0,0,0,0,0,"pov"
"ExtinctionR/2019-04-28","2019-04-28","ExtinctionR","Organised","Protest","On day, before event","Yes","No","No","Yes","No","Public space","A Nightingale Sang in Berkeley Square","","rewilding, musical action","Berkeley Square, London","2019-04-28",2,0.756548494100571,14,5,0,0,4,0,3,0,0,0,1,1,2,1,0,0,0,2,0,0,0,0,0,0,0,1,1,1,0,0,0,2,"env"
"campaigncc/2019-04-30","2019-04-30","campaigncc","Participated","Protest","Before event day","Yes","No","No","No","No","Company site","","","protest","Anglo American mining corporation AGM, Westminster","2019-04-28",2,0.933736572042107,0,0,0,0,0,0,0,0,0,0,0,0,0,0,0,0,0,0,0,0,0,0,0,0,0,0,0,0,0,0,0,0,"env"
"ExtinctionR, Strike4Youth/2019-05-01","2019-05-01","ExtinctionR, Strike4Youth","Organised, Organised","Protest","Before event day","Yes","No","No","No","No","Public space","Climate emergency commons vote","","demonstration","Parliament square","2019-04-28",62,14.9666143068966,6,6,4,4,0,0,3,0,0,0,0,0,0,0,0,2,1,0,0,0,3,0,0,0,0,0,0,0,0,2,1,0,"env"
"ASLEFunion, GMB_union, unitetheunion/2019-05-01","2019-05-01","ASLEFunion, GMB_union, unitetheunion","Participated, Participated, Participated","Protest","Before event day","Yes","No","No","No","No","Public space","May day","","rally","London","2019-04-09",8,5.57995200177579,5,3,4,2,4,0,1,0,0,0,0,0,0,0,0,0,0,0,2,0,1,0,0,0,0,0,0,0,0,0,0,0,"pov"
"IWGBunion/2019-05-01","2019-05-01","IWGBunion","Organised","Strike","Before event day","No","No","No","No","No","Other","Addison Lee cab driver strike","","strike","","2019-05-01",4,2.83758276714947,5,5,4,4,3,0,2,0,0,0,0,0,0,0,0,0,0,0,3,0,2,0,0,0,0,0,0,0,0,0,0,0,"pov"
"CNDuk/2019-05-03","2019-05-03","CNDuk","Organised","Protest","Before event day","Yes","No","No","Yes","No","Public space","Oppose nuclear weapons, No thanks for nukes","","die in, protest","Westminster Abbey","2019-04-08",26,4.25737243275925,1,1,1,1,0,0,0,0,1,0,0,0,0,0,0,0,0,0,0,0,0,0,1,0,0,0,0,0,0,0,0,0,"env"
"ExtinctionR/2019-05-03","2019-05-03","ExtinctionR","Organised","Protest","After event","No","Yes","No","No","No","Public space","zero carbon 2025, halt biodiversity loss, create a citizens assembly","10","lock on","Parliament square","2019-05-03",3,2.6157997250557,3,3,2,2,0,0,2,0,1,0,0,0,0,0,0,0,0,0,0,0,2,0,1,0,0,0,0,0,0,0,0,0,"env"
"talkfracking/2019-05-09","2019-05-09","talkfracking","Organised","Protest","After event","No","Yes","No","No","No","Company site","Ban fracking","","lock on, direct action","West Newton","2019-05-09",1,0.846890151500702,0,0,0,0,0,0,0,0,0,0,0,0,0,0,0,0,0,0,0,0,0,0,0,0,0,0,0,0,0,0,0,0,"env"
"fbunational/2019-05-09","2019-05-09","fbunational","Organised","Protest","Before event day","Yes","No","No","No","No","Embassy","Protest Italian gov treatment of firefighter","","protest","Italian embassy","2019-04-09",4,2.87620442324295,0,0,0,0,0,0,0,0,0,0,0,0,0,0,0,0,0,0,0,0,0,0,0,0,0,0,0,0,0,0,0,0,"pov"
"SOLE_Essex/2019-05-09","2019-05-09","SOLE_Essex","Organised","Protest","After event","No","No","No","No","No","Public space","Save public library","500","march","Galleywood","2019-05-09",4,3.3959305879668,0,0,0,0,0,0,0,0,0,0,0,0,0,0,0,0,0,0,0,0,0,0,0,0,0,0,0,0,0,0,0,0,"pov"
"unisontheunion/2019-05-10","2019-05-10","unisontheunion","Organised","Both","Before event day","Yes","No","No","No","No","Public space","Care workers strike","","rally, strike","Liverpool","2019-05-09",2,1.76042115688324,0,0,0,0,0,0,0,0,0,0,0,0,0,0,0,0,0,0,0,0,0,0,0,0,0,0,0,0,0,0,0,0,"pov"
"ExtinctionR/2019-05-11","2019-05-11","ExtinctionR","Organised","Protest","On day, before event","Yes","Yes","No","No","No","Other","Oppose BP, Wake up Edgeware, Act now and avoid extinction","","blockade, drummers","BP garage, Cambridge, Edgeware tube station","2019-05-11",3,1.03607483239461,0,0,0,0,0,0,0,0,0,0,0,0,0,0,0,0,0,0,0,0,0,0,0,0,0,0,0,0,0,0,0,0,"env"
"pcs_union, unitetheunion/2019-05-11","2019-05-11","pcs_union, unitetheunion","Participated, Participated","Protest","Before event day","Yes","No","No","No","No","Public space","Palestine demonstration","1000s","demonstration","London","2019-04-24",17,14.8708789350894,0,0,0,0,0,0,0,0,0,0,0,0,0,0,0,0,0,0,0,0,0,0,0,0,0,0,0,0,0,0,0,0,"pov"
"CClimateAction, ExtinctionR/2019-05-12","2019-05-12","CClimateAction, ExtinctionR","Participated, Organised","Protest","Before event day","Yes","No","No","No","No","Public space","Mothers climate march","","march","Hyde park","2019-05-04",10,6.28074830061477,5,5,4,4,2,0,1,0,0,0,0,1,0,0,0,0,0,1,2,0,1,0,0,0,0,1,0,0,0,0,0,1,"env"
"ExtinctionR/2019-05-13","2019-05-13","ExtinctionR","Organised","Protest","Before event day","Yes","Yes","No","Yes","No","Other","Don't Frack With Our Cash!, Attention all shipping! Tell truth about shipping emissions","","protest, performance, rearranging deck chairs, drown in, disruption","Centrica and British gas AGM, Westminster, International Maritime Organisation HQ","2019-05-10",8,3.57602505206746,0,0,0,0,0,0,0,0,0,0,0,0,0,0,0,0,0,0,0,0,0,0,0,0,0,0,0,0,0,0,0,0,"env"
"reclaimthepower/2019-05-13","2019-05-13","reclaimthepower","Organised","Protest","After event","No","No","No","No","No","Company site","Oppose fracking","","protest","Centrica AGM","2019-05-13",3,1.94760616862665,0,0,0,0,0,0,0,0,0,0,0,0,0,0,0,0,0,0,0,0,0,0,0,0,0,0,0,0,0,0,0,0,"env"
"ExtinctionR/2019-05-14","2019-05-14","ExtinctionR","Organised","Protest","On day, before event","No","No","No","Yes","No","Company site","Shop 'til you drop dead","","die-in","Harrods","2019-05-14",3,1.02846360213277,1,1,1,1,0,0,0,0,0,1,0,0,0,0,0,0,0,0,0,0,0,0,0,1,0,0,0,0,0,0,0,0,"env"
"NEUnion/2019-05-14","2019-05-14","NEUnion","Organised","Strike","Before event day","No","No","No","No","No","Other","teacher strike, oppose academy order","","strike","","2019-05-13",3,1.94032138586044,1,1,0,0,0,0,1,0,0,0,0,0,0,0,0,0,0,0,0,0,1,0,0,0,0,0,0,0,0,0,0,0,"pov"
"ExtinctionR/2019-05-17","2019-05-17","ExtinctionR","Organised","Protest","Before event day","Yes","No","No","No","No","Public space","No insects no future","","peaceful protest","Hackney Town Hall","2019-05-11",4,2.68666859930399,2,2,2,2,0,0,2,0,0,0,0,0,0,0,0,0,0,0,0,0,2,0,0,0,0,0,0,0,0,0,0,0,"env"
"GreenpeaceUK/2019-05-20","2019-05-20","GreenpeaceUK","Organised","Protest","After event","No","Yes","No","No","Yes","Company site","BP Shutdown, climate emergency","","shut down, block with heavy weight container","BP HQ","2019-05-20",9,5.4627220513331,17,15,17,15,2,0,1,0,0,2,1,1,2,4,1,2,0,1,2,0,1,0,0,2,1,1,0,4,1,2,0,1,"env"
"ExtinctionR, GreenpeaceUK/2019-05-21","2019-05-21","ExtinctionR, GreenpeaceUK","Participated, Organised","Protest","Before event day","Yes","No","No","No","No","Public space","BP shutdown","","rally","St James Square","2019-05-20",12,7.34577816770438,6,6,6,6,0,0,0,0,0,0,0,3,2,1,0,0,0,0,0,0,0,0,0,0,0,3,2,1,0,0,0,0,"env"
"pcs_union/2019-05-21","2019-05-21","pcs_union","Organised","Strike","Before event day","No","No","No","No","No","Other","outsourced cleaners strike BEIS","","strike","","2019-05-17",21,7.0499422468604,3,2,2,1,1,0,1,0,1,0,0,0,0,0,0,0,0,0,0,0,1,0,1,0,0,0,0,0,0,0,0,0,"pov"
"unitetheunion/2019-05-23","2019-05-23","unitetheunion","Organised","Strike","On day, before event","No","No","No","No","No","Other","Plastics firm workers strike, Luton airport security guards strike","","strike, strike","","2019-05-23",19,4.98067350620091,0,0,0,0,0,0,0,0,0,0,0,0,0,0,0,0,0,0,0,0,0,0,0,0,0,0,0,0,0,0,0,0,"pov"
"Strike4Youth/2019-05-24","2019-05-24","Strike4Youth","Organised","Protest","Before event day","Yes","No","No","No","No","Public space","Global climate strike","10000s","demonstration, climate strike","73 UK locations","2019-04-18",30,14.2854455250537,14,13,9,9,1,0,5,0,3,0,0,0,0,1,0,0,0,4,1,0,5,0,2,0,0,0,0,1,0,0,0,4,"env"
"unitetheunion/2019-05-24","2019-05-24","unitetheunion","Organised","Strike","After event","No","No","No","No","No","Other","Woolwich Ferry strike, pay health and safety","","strike, protest","","2019-05-24",6,2.79172547170069,0,1,0,0,0,0,0,0,0,0,0,0,0,0,0,0,0,0,1,0,0,0,0,0,0,0,0,0,0,0,0,0,"pov"
"pcs_union/2019-05-28","2019-05-28","pcs_union","Organised","Strike","On day, before event","No","No","No","No","No","Other","Universal credit strike, working conditions","","strike, picket","","2019-05-28",4,3.07504099607468,6,5,4,3,3,0,0,0,1,1,0,1,0,0,0,0,0,0,2,0,0,0,1,1,0,1,0,0,0,0,0,0,"pov"
"NEUnion/2019-05-30","2019-05-30","NEUnion","Organised","Protest","Before event day","Yes","No","No","No","No","Public space","SEND funding crisis protest march","","protest, march","","2019-05-22",6,3.22121223773738,1,1,1,1,0,0,1,0,0,0,0,0,0,0,0,0,0,0,0,0,1,0,0,0,0,0,0,0,0,0,0,0,"pov"
"pplsassembly/2019-05-30","2019-05-30","pplsassembly","Organised","Protest","Before event day","Yes","No","No","No","No","Public space","Dump Trump","","rally","central London","2019-05-27",4,2.62025468051434,0,0,0,0,0,0,0,0,0,0,0,0,0,0,0,0,0,0,0,0,0,0,0,0,0,0,0,0,0,0,0,0,"pov"
"NHSour/2019-05-31","2019-05-31","NHSour","Organised","Protest","Before event day","Yes","No","No","No","No","Political site","oppose NHS privatisation","","protest","NHS HQ","2019-05-28",2,0.929970178753138,0,0,0,0,0,0,0,0,0,0,0,0,0,0,0,0,0,0,0,0,0,0,0,0,0,0,0,0,0,0,0,0,"pov"
"UVWunion/2019-06-01","2019-06-01","UVWunion","Organised","Protest","After event","No","Yes","No","No","No","Company site","oppose poverty-paying employers","","occupation","Hilton","2019-06-01",2,1.77934998273849,0,0,0,0,0,0,0,0,0,0,0,0,0,0,0,0,0,0,0,0,0,0,0,0,0,0,0,0,0,0,0,0,"pov"
"campaigncc, CNDuk, friends_earth, reclaimthepower, Strike4Youth/2019-06-04","2019-06-04","campaigncc, CNDuk, friends_earth, reclaimthepower, Strike4Youth","Organised, Participated, Participated, Participated, Participated","Protest","Before event day","Yes","No","No","No","No","Public space","Together against Trump","","demonstration","Trafalgar Square","2019-05-17",21,9.48438950238519,14,11,9,6,3,0,4,0,0,0,2,0,1,1,0,0,0,3,2,0,2,0,0,0,2,0,1,1,0,0,0,3,"env"
"pcs_union, pplsassembly, the_TUC, Ukuncut, unisontheunion, unitetheunion/2019-06-04","2019-06-04","pcs_union, pplsassembly, the_TUC, Ukuncut, unisontheunion, unitetheunion","Participated, Participated, Participated, Participated, Participated, Organised","Protest","Before event day","Yes","No","No","No","No","Public space","oppose Trump","","rally, protest","London","2019-05-15",51,35.0256777263369,15,12,10,7,4,0,3,0,3,0,2,0,0,3,0,0,0,0,3,0,3,0,1,0,2,0,0,3,0,0,0,0,"pov"
"unitetheunion/2019-06-05","2019-06-05","unitetheunion","Organised","Strike","Before event day","No","No","No","No","No","Other","Trelleborg workers strike, pay, Thurrock warehouse workers strike","","strike, strike","","2019-05-23",5,2.70790704418633,2,0,2,0,0,0,2,0,0,0,0,0,0,0,0,0,0,0,0,0,0,0,0,0,0,0,0,0,0,0,0,0,"pov"
"Dis_PPL_Protest/2019-06-06","2019-06-06","Dis_PPL_Protest","Organised","Protest","Before event day","Yes","No","No","No","No","Other","campaign for inclusive and accessible memorial to Peterloo","","demonstration","Manchester Central Convention Complex","2019-06-02",4,2.74207036197186,0,0,0,0,0,0,0,0,0,0,0,0,0,0,0,0,0,0,0,0,0,0,0,0,0,0,0,0,0,0,0,0,"pov"
"unitetheunion/2019-06-06","2019-06-06","unitetheunion","Organised","Strike","Before event day","No","No","No","No","No","Other","Bromley library workers strike","","strike","","2019-05-28",6,2.72541581859052,0,0,0,0,0,0,0,0,0,0,0,0,0,0,0,0,0,0,0,0,0,0,0,0,0,0,0,0,0,0,0,0,"pov"
"IWGBunion/2019-06-07","2019-06-07","IWGBunion","Organised","Protest","Before event day","No","No","No","No","No","Company site","oppose exploitation of outsourced kitchen porters","","protest","5 hertford street club","2019-06-04",2,1.60909742116928,2,2,2,2,0,0,0,0,0,0,0,0,0,2,0,0,0,0,0,0,0,0,0,0,0,0,0,2,0,0,0,0,"pov"
"ExtinctionR/2019-06-08","2019-06-08","ExtinctionR","Organised","Protest","Before event day","Yes","No","No","Yes","No","Public space","World naked bike ride, climate emergency","","naked bike ride","Marble Arch","2019-06-01",6,2.12689688819611,1,1,0,0,1,0,0,0,0,0,0,0,0,0,0,0,0,0,1,0,0,0,0,0,0,0,0,0,0,0,0,0,"env"
"SOLE_Essex/2019-06-08","2019-06-08","SOLE_Essex","Organised","Protest","Before event day","Yes","No","No","Yes","No","Public space","stop the destruction of our professional library services","100s","march, carnival, protest","Chelmsford","2019-04-19",38,25.084218907979,0,0,0,0,0,0,0,0,0,0,0,0,0,0,0,0,0,0,0,0,0,0,0,0,0,0,0,0,0,0,0,0,"pov"
"CNDuk/2019-06-10","2019-06-10","CNDuk","Participated","Protest","After event","No","No","No","No","No","Company site","anti fracking, climate not trident","","protest","Cuadrilla site, Preston New Road","2019-06-10",3,1.90778721075671,0,0,0,0,0,0,0,0,0,0,0,0,0,0,0,0,0,0,0,0,0,0,0,0,0,0,0,0,0,0,0,0,"env"
"GreenpeaceUK/2019-06-10","2019-06-10","GreenpeaceUK","Organised","Protest","After event","No","Yes","No","No","No","Company site","Climate emergency","","board rig to prevent going out","Cromarty Firth oil rig","2019-06-10",1,0.500057101249695,2,2,2,2,0,0,1,0,0,0,0,1,0,0,0,0,0,0,0,0,1,0,0,0,0,1,0,0,0,0,0,0,"env"
"ExtinctionR/2019-06-11","2019-06-11","ExtinctionR","Organised","Protest","Before event day","No","No","No","Yes","No","Public space","oppose BP sponsorship of Royal Opera House","","protest, performance","Trafalgar square","2019-05-27",2,1.22522455492676,7,7,4,4,1,0,3,0,1,1,0,0,0,1,0,0,0,0,1,0,3,0,1,1,0,0,0,1,0,0,0,0,"env"
"pcs_union/2019-06-12","2019-06-12","pcs_union","Organised","Strike","After event","No","No","No","No","No","Other","Interserve strike","","strike, walkout","","2019-06-12",6,1.85733061290432,1,1,1,1,1,0,0,0,0,0,0,0,0,0,0,0,0,0,1,0,0,0,0,0,0,0,0,0,0,0,0,0,"pov"
"ExtinctionR/2019-06-14","2019-06-14","ExtinctionR","Organised","Protest","Before event day","Yes","Yes","No","No","No","Public space","oppose air pollution","","swarm","Lewisham","2019-06-12",3,1.76688681542873,3,3,1,1,0,0,0,0,0,0,0,0,0,2,0,1,0,0,0,0,0,0,0,0,0,0,0,2,0,1,0,0,"env"
"GreenpeaceUK/2019-06-14","2019-06-14","GreenpeaceUK","Organised","Protest","After event","No","Yes","No","No","Yes","Company site","Climate emergency","","occupation, climb rig","Cromarty Firth rig","2019-06-14",1,0.55413430929184,2,2,2,2,0,0,0,0,0,1,0,0,0,0,0,0,0,1,0,0,0,0,0,1,0,0,0,0,0,0,0,1,"env"
"unitetheunion/2019-06-14","2019-06-14","unitetheunion","Organised","Strike","Before event day","No","No","No","No","No","Other","Airport strike","","strike","","2019-06-10",8,1.49436361314904,1,1,1,1,0,0,1,0,0,0,0,0,0,0,0,0,0,0,0,0,1,0,0,0,0,0,0,0,0,0,0,0,"pov"
"GreenpeaceUK/2019-06-15","2019-06-15","GreenpeaceUK","Organised","Protest","After event","No","No","No","No","No","Company site","Climate emergency","","protest","BP petrol stations","2019-06-15",1,0.932878852,2,2,2,2,0,0,0,0,0,2,0,0,0,0,0,0,0,0,0,0,0,0,0,2,0,0,0,0,0,0,0,0,"env"
"unitetheunion/2019-06-15","2019-06-15","unitetheunion","Organised","Protest","Before event day","Yes","No","No","No","No","Public space","Orgreave justice","","rally","Sheffield","2019-04-09",17,12.652808755203,0,0,0,0,0,0,0,0,0,0,0,0,0,0,0,0,0,0,0,0,0,0,0,0,0,0,0,0,0,0,0,0,"pov"
"FocusE15/2019-06-15","2019-06-15","FocusE15","Participated","Protest","Before event day","No","No","No","No","No","Public space","Grenfell march","","march","","2019-06-14",3,2.49083334207535,0,0,0,0,0,0,0,0,0,0,0,0,0,0,0,0,0,0,0,0,0,0,0,0,0,0,0,0,0,0,0,0,"pov"
"pcs_union/2019-06-18","2019-06-18","pcs_union","Organised","Strike","On day, before event","No","No","No","No","No","Other","BEIS cleaners strike, living wage","","strike","","2019-06-18",2,1.38335692882538,1,2,0,0,0,0,1,0,0,0,0,0,0,0,0,0,0,0,0,0,1,0,0,0,0,0,1,0,0,0,0,0,"pov"
"ExtinctionR/2019-06-19","2019-06-19","ExtinctionR","Organised","Protest","Before event day","Yes","Yes","No","No","No","Public space","Clean air day","","swarm","Parkway, Camden","2019-06-17",4,2.75921638305341,3,3,3,3,0,0,0,0,0,0,0,0,0,3,0,0,0,0,0,0,0,0,0,0,0,0,0,3,0,0,0,0,"env"
"Strike4Youth/2019-06-19","2019-06-19","Strike4Youth","Organised","Protest","Before event day","Yes","No","No","No","No","Unknown","Fridays for Future","","climate strike","","2019-07-02",1,0.626143336296082,0,0,0,0,0,0,0,0,0,0,0,0,0,0,0,0,0,0,0,0,0,0,0,0,0,0,0,0,0,0,0,0,"env"
"GreenpeaceUK/2019-06-19","2019-06-19","GreenpeaceUK","Organised","Protest","After event","No","Yes","No","No","No","Company site","BP Shutdown","<5","swim in front of oil rig","North Sea","2019-06-19",4,0.392229967084908,1,1,1,1,0,0,1,0,0,0,0,0,0,0,0,0,0,0,0,0,1,0,0,0,0,0,0,0,0,0,0,0,"env"
"pcs_union/2019-06-19","2019-06-19","pcs_union","Organised","Both","After event","No","No","No","No","No","Public space","ISS strike, oppose workers relying on food banks","","strike, rally","outside Parliament","2019-06-19",8,3.29629989375404,1,0,0,0,1,0,0,0,0,0,0,0,0,0,0,0,0,0,0,0,0,0,0,0,0,0,0,0,0,0,0,0,"pov"
"ExtinctionR/2019-06-20","2019-06-20","ExtinctionR","Organised","Protest","Before event day","No","Yes","No","No","No","Company site","Act now on climate change","","gatecrashing, disrupt, lock on","Petroleum Group dinner at Natural History Museum","2019-06-05",17,6.20862217876821,4,3,4,3,0,0,3,0,0,0,0,0,0,1,0,0,0,0,0,0,3,0,0,0,0,0,0,0,0,0,0,0,"env"
"GreenpeaceUK/2019-06-20","2019-06-20","GreenpeaceUK","Organised","Protest","After event","No","Yes","No","No","No","Political site","Climate emergency","<10","gatecrash, interrupt speech","Mansion House","2019-06-20",5,3.51437973181836,29,28,29,28,2,0,3,1,1,2,0,0,1,2,0,2,1,14,2,0,2,1,1,2,0,0,1,2,0,2,1,14,"env"
"NASUWT/2019-06-20","2019-06-20","NASUWT","Organised","Strike","After event","No","No","No","No","No","Other","Buchanan High School strike, health and safety","","strike","","2019-06-20",2,1.6725480556488,5,4,4,3,1,0,0,0,0,1,0,2,1,0,0,0,0,0,0,0,0,0,0,1,0,2,1,0,0,0,0,0,"pov"
"Strike4Youth/2019-06-21","2019-06-21","Strike4Youth","Organised","Protest","Before event day","Yes","No","No","No","No","Unknown","Empower the future","","climate strike","across the UK","2019-05-25",22,15.3452322558063,1,1,1,1,0,0,1,0,0,0,0,0,0,0,0,0,0,0,0,0,1,0,0,0,0,0,0,0,0,0,0,0,"env"
"NASUWT/2019-06-21","2019-06-21","NASUWT","Organised","Strike","Before event day","No","No","No","No","No","Other","St Edwards School strike, pensions","","strike","","2019-06-17",3,2.51978194713593,2,0,2,0,0,0,1,0,0,0,0,1,0,0,0,0,0,0,0,0,0,0,0,0,0,0,0,0,0,0,0,0,"pov"
"pcs_union/2019-06-21","2019-06-21","pcs_union","Organised","Both","After event","No","No","No","No","No","Public space","BEIS cleaners and caterers strike","","strike, rally","MP constituency","2019-06-21",5,1.55198155726066,0,0,0,0,0,0,0,0,0,0,0,0,0,0,0,0,0,0,0,0,0,0,0,0,0,0,0,0,0,0,0,0,"pov"
"ExtinctionR/2019-06-22","2019-06-22","ExtinctionR","Organised","Protest","On day, before event","Yes","No","No","No","No","Public space","Climate emergency","","protest","Waltham Forest","2019-06-22",7,1.93921240928844,1,1,1,1,0,0,1,0,0,0,0,0,0,0,0,0,0,0,0,0,1,0,0,0,0,0,0,0,0,0,0,0,"env"
"ExtinctionR/2019-06-24","2019-06-24","ExtinctionR","Organised","Protest","On day, before event","Yes","No","No","No","No","Political site","Act now on climate emergency","","demonstration","Dundee council","2019-06-24",4,0.941001566906913,1,1,0,0,0,0,0,0,0,0,0,0,0,1,0,0,0,0,0,0,0,0,0,0,0,0,0,1,0,0,0,0,"env"
"CNDuk/2019-06-26","2019-06-26","CNDuk","Participated","Protest","On day, before event","Yes","No","No","No","No","Political site","Don't attack Iran","","protest","Downing Street","2019-06-26",2,1.89533686637878,0,0,0,0,0,0,0,0,0,0,0,0,0,0,0,0,0,0,0,0,0,0,0,0,0,0,0,0,0,0,0,0,"env"
"friends_earth, TheCCoalition/2019-06-26","2019-06-26","friends_earth, TheCCoalition","Participated, Organised","Protest","Before event day","Yes","No","No","No","No","Public space","The Time is Now","15000","mass lobby","outside Parliament","2019-04-14",34,5.37873214351143,4,4,3,3,1,1,2,0,0,0,0,0,0,0,0,0,0,0,1,1,2,0,0,0,0,0,0,0,0,0,0,0,"env"
"ExtinctionR/2019-06-27","2019-06-27","ExtinctionR","Organised","Protest","Before event day","Yes","No","No","No","No","Entertainment/cultural","Extinction procession","","procession","Glastonbury music festival","2019-06-18",12,3.41598349214451,4,2,2,2,0,0,4,0,0,0,0,0,0,0,0,0,0,0,0,0,2,0,0,0,0,0,0,0,0,0,0,0,"env"
"NASUWT/2019-06-27","2019-06-27","NASUWT","Organised","Strike","Before event day","No","No","No","No","No","Other","Starbank School strike","","strike","","2019-06-26",2,1.64166837930679,8,8,7,7,2,0,1,0,0,3,1,0,0,1,0,0,0,0,2,0,1,0,0,3,1,0,0,1,0,0,0,0,"pov"
"IWGBunion/2019-06-28","2019-06-28","IWGBunion","Organised","Protest","Before event day","Yes","No","No","No","No","Company site","end outsourcing","","demonstration, protest","5 Hertford street","2019-06-24",4,2.49752806127071,0,0,0,0,0,0,0,0,0,0,0,0,0,0,0,0,0,0,0,0,0,0,0,0,0,0,0,0,0,0,0,0,"pov"
"ExtinctionR/2019-06-30","2019-06-30","ExtinctionR","Organised","Protest","Before event day","Yes","No","No","Yes","No","Public space","Funeral protest march","","funeral march, street party, protest","Compton Terrace Gardens, Upper Street","2019-06-17",12,1.66648251853379,1,1,1,1,0,0,0,0,0,0,0,1,0,0,0,0,0,0,0,0,0,0,0,0,0,1,0,0,0,0,0,0,"env"
"ExtinctionR/2019-07-02","2019-07-02","ExtinctionR","Organised","Protest","Before event day","Yes","No","No","Yes","No","Company site","Carmens Carbon Procession","","procession, ceremony, performance","Trafalgar square, BP screening of Carmen, sites of five fossil fuel companies","2019-06-21",13,3.54815455774744,1,1,1,1,0,0,0,0,0,0,0,0,0,0,0,1,0,0,0,0,0,0,0,0,0,0,0,0,0,1,0,0,"env"
"NASUWT/2019-07-02","2019-07-02","NASUWT","Organised","Strike","Before event day","No","No","No","No","No","Other","ACE Multi Academy Trust strike, management practices","","strike","","2019-07-01",2,1.74277889728546,0,0,0,0,0,0,0,0,0,0,0,0,0,0,0,0,0,0,0,0,0,0,0,0,0,0,0,0,0,0,0,0,"pov"
"NASUWT/2019-07-03","2019-07-03","NASUWT","Organised","Strike","After event","No","No","No","No","No","Other","Starbank School strike","","strike","","2019-07-03",2,1.55704247951508,5,3,1,1,1,1,2,0,0,1,0,0,0,0,0,0,0,0,1,1,1,0,0,0,0,0,0,0,0,0,0,0,"pov"
"ExtinctionR/2019-07-05","2019-07-05","ExtinctionR","Organised","Protest","On day, before event","No","No","No","Yes","No","Other","Solidary with French XR activists","","solidarity protest, embassy protest, reenactment","French embassy","2019-07-05",1,0.936604381,1,1,0,0,0,0,1,0,0,0,0,0,0,0,0,0,0,0,0,0,1,0,0,0,0,0,0,0,0,0,0,0,"env"
"ExtinctionR/2019-07-06","2019-07-06","ExtinctionR","Organised","Protest","Before event day","Yes","Yes","No","Yes","Yes","Other","solidarity with French activists, It's time to wake up, Oppose Barclays investments in fossil fuels","4","protest, flashmob, die in, glued on, locked on","French embassy, shopping district, Plymouth, Barclays","2019-07-03",8,3.27338287097652,1,1,1,1,0,0,1,0,0,0,0,0,0,0,0,0,0,0,0,0,1,0,0,0,0,0,0,0,0,0,0,0,"env"
"We_OwnIt/2019-07-06","2019-07-06","We_OwnIt","Organised","Protest","Before event day","Yes","No","No","No","No","Company site","Oppose water privatisation","","demonstration","Southern water HQ","2019-07-05",23,14.2592921257129,0,0,0,0,0,0,0,0,0,0,0,0,0,0,0,0,0,0,0,0,0,0,0,0,0,0,0,0,0,0,0,0,"pov"
"ASLEFunion, EquityUK, NASUWT/2019-07-06","2019-07-06","ASLEFunion, EquityUK, NASUWT","Participated, Participated, Participated","Protest","Before event day","Yes","No","No","No","No","Public space","Pride","","march","London","2019-07-05",6,4.70493921623036,0,0,0,0,0,0,0,0,0,0,0,0,0,0,0,0,0,0,0,0,0,0,0,0,0,0,0,0,0,0,0,0,"pov"
"betterthanzero/2019-07-06","2019-07-06","betterthanzero","Organised","Protest","Before event day","Yes","No","No","No","No","Company site","lack support for employees experiencing sexual harassment","","action","'an exploitative employer'","2019-07-05",3,2.02080225944519,0,0,0,0,0,0,0,0,0,0,0,0,0,0,0,0,0,0,0,0,0,0,0,0,0,0,0,0,0,0,0,0,"pov"
"CClimateAction/2019-07-07","2019-07-07","CClimateAction","Organised","Protest","Before event day","Yes","No","No","Yes","No","Public space","act on climate emergency","","die in","Bicester Village shopping centre","2019-07-01",6,4.03018763661384,0,0,0,0,0,0,0,0,0,0,0,0,0,0,0,0,0,0,0,0,0,0,0,0,0,0,0,0,0,0,0,0,"env"
"GreenpeaceUK/2019-07-08","2019-07-08","GreenpeaceUK","Organised","Protest","After event","No","Yes","No","No","Yes","Company site","Oppose fossil fuel finance","80","blocked entrance","Credit Suisse, UBS","2019-07-08",1,0.804331899,0,0,0,0,0,0,0,0,0,0,0,0,0,0,0,0,0,0,0,0,0,0,0,0,0,0,0,0,0,0,0,0,"env"
"NASUWT/2019-07-09","2019-07-09","NASUWT","Organised","Strike","Before event day","No","No","No","No","No","Other","Hasland Hall Community School strike, management practices","","strike","","2019-07-08",3,2.37593138217926,0,0,0,0,0,0,0,0,0,0,0,0,0,0,0,0,0,0,0,0,0,0,0,0,0,0,0,0,0,0,0,0,"pov"
"pcs_union/2019-07-09","2019-07-09","pcs_union","Organised","Strike","Before event day","No","No","No","No","No","Other","Interserve strike","","strike","","2019-07-04",8,2.43184468500725,0,0,0,0,0,0,0,0,0,0,0,0,0,0,0,0,0,0,0,0,0,0,0,0,0,0,0,0,0,0,0,0,"pov"
"IWGBunion/2019-07-11","2019-07-11","IWGBunion","Organised","Protest","After event","No","No","No","No","Yes","Company site","living wage","","protest","5 Hertford Street","2019-07-11",2,0.979834478348494,0,0,0,0,0,0,0,0,0,0,0,0,0,0,0,0,0,0,0,0,0,0,0,0,0,0,0,0,0,0,0,0,"pov"
"ExtinctionR/2019-07-12","2019-07-12","ExtinctionR","Organised","Protest","Before event day","Yes","No","No","No","No","Public space","East London Uprising, the air that we grieve","","march, protest","Bethnal Green","2019-06-18",17,4.10201489511361,4,4,4,4,1,0,1,0,0,0,0,0,0,0,0,0,0,2,1,0,1,0,0,0,0,0,0,0,0,0,0,2,"env"
"IWGBunion/2019-07-12","2019-07-12","IWGBunion","Organised","Protest","After event","No","No","No","Yes","No","Company site","living wage","","flash mob","5 Hertford Street","2019-07-12",3,1.71751935780048,0,0,0,0,0,0,0,0,0,0,0,0,0,0,0,0,0,0,0,0,0,0,0,0,0,0,0,0,0,0,0,0,"pov"
"ExtinctionR/2019-07-13","2019-07-13","ExtinctionR","Organised","Protest","Before event day","Yes","Yes","No","Yes","No","Public space","East London Uprising, Fight fast fashion","","road block, protest, samba drumming, fashion show, parade","East London, high street, Birmingham","2019-07-09",18,4.62399149573435,1,1,1,1,0,0,1,0,0,0,0,0,0,0,0,0,0,0,0,0,1,0,0,0,0,0,0,0,0,0,0,0,"env"
"ExtinctionR/2019-07-14","2019-07-14","ExtinctionR","Organised","Protest","Before event day","Yes","Yes","No","Yes","No","Public space","East London Uprising","","occupation, swarming, performance, march","East London","2019-07-13",17,5.44110208665988,4,0,4,0,0,0,0,0,0,0,0,0,0,0,0,0,0,4,0,0,0,0,0,0,0,0,0,0,0,0,0,0,"env"
"fbunational/2019-07-14","2019-07-14","fbunational","Participated","Protest","After event","No","No","No","Yes","No","Public space","Grenfell","","silent walk","","2019-07-14",1,0.906722247600555,0,0,0,0,0,0,0,0,0,0,0,0,0,0,0,0,0,0,0,0,0,0,0,0,0,0,0,0,0,0,0,0,"pov"
"ExtinctionR/2019-07-15","2019-07-15","ExtinctionR","Organised","Protest","Before event day","Yes","Yes","No","No","Yes","Public space","Summer Uprising","","disrupt, blocking vehicles, ","Leeds, Cardiff, London, Bristol, Glasgow","2019-06-22",31,18.5599222642787,22,22,22,22,2,1,1,0,1,4,1,1,2,2,0,0,2,5,2,1,1,0,1,4,1,1,2,2,0,0,2,5,"env"
"pcs_union/2019-07-15","2019-07-15","pcs_union","Organised","Strike","Before event day","No","No","No","No","No","Other","outsourced HMRC cleaners strike","","strike, walkout","","2019-07-04",16,12.4404134455407,1,1,1,1,0,0,1,0,0,0,0,0,0,0,0,0,0,0,0,0,1,0,0,0,0,0,0,0,0,0,0,0,"pov"
"unitetheunion/2019-07-15","2019-07-15","unitetheunion","Organised","Strike","After event","No","No","No","No","No","Other","Lincolnshire health visitors strike","","strike","","2019-07-15",10,2.64930359073335,0,0,0,0,0,0,0,0,0,0,0,0,0,0,0,0,0,0,0,0,0,0,0,0,0,0,0,0,0,0,0,0,"pov"
"FocusE15/2019-07-15","2019-07-15","FocusE15","Participated","Protest","After event","No","No","No","No","No","Political site","Housing is a human right","","demonstration","Newham council meeting","2019-07-15",2,1.47319000959396,0,0,0,0,0,0,0,0,0,0,0,0,0,0,0,0,0,0,0,0,0,0,0,0,0,0,0,0,0,0,0,0,"pov"
"ExtinctionR/2019-07-16","2019-07-16","ExtinctionR","Organised","Protest","After event","No","Yes","No","No","No","Company site","Summer Uprising","","block entrance","London Conrete in Bow","2019-07-16",4,2.52318176251996,8,6,8,6,0,0,1,0,0,0,0,0,0,3,0,3,0,1,0,0,1,0,0,0,0,0,0,2,0,3,0,0,"env"
"CClimateAction, ExtinctionR/2019-07-17","2019-07-17","CClimateAction, ExtinctionR","Organised, Organised","Protest","Before event day","Yes","Yes","No","No","No","Public space","Summer uprising","","swarming, blockade","London, Cardiff, M32","2019-07-10",13,6.64386493682757,3,3,2,2,0,0,2,0,0,0,0,0,1,0,0,0,0,0,0,0,2,0,0,0,0,0,1,0,0,0,0,0,"env"
"pcs_union/2019-07-17","2019-07-17","pcs_union","Organised","Protest","Before event day","Yes","No","No","No","No","Public space","oppose privatisation","","rally","London","2019-07-04",11,6.56603805783646,0,0,0,0,0,0,0,0,0,0,0,0,0,0,0,0,0,0,0,0,0,0,0,0,0,0,0,0,0,0,0,0,"pov"
"ExtinctionR/2019-07-18","2019-07-18","ExtinctionR","Organised","Protest","On day, before event","Yes","Yes","No","No","No","Political site","Tax rebellion, No third runway","","assemble, tax strike, disrupt consultation","outside GLA offices, Heathrow consultation at Wheatsheaf Hall Community Centre","2019-07-18",11,2.80129310671297,2,1,2,1,0,0,1,0,0,0,0,1,0,0,0,0,0,0,0,0,0,0,0,0,0,1,0,0,0,0,0,0,"env"
"pcs_union/2019-07-18","2019-07-18","pcs_union","Organised","Protest","Before event day","No","No","No","No","No","Political site","outsourced workers protest","","demonstration","BEIS","2019-07-17",4,3.5478630065918,0,0,0,0,0,0,0,0,0,0,0,0,0,0,0,0,0,0,0,0,0,0,0,0,0,0,0,0,0,0,0,0,"pov"
"EquityUK/2019-07-18","2019-07-18","EquityUK","Organised","Protest","Before event day","No","No","No","No","No","Court","oppose universal credit minimum income floor","","protest","Royal Courts of Justice","2019-06-19",4,1.98651543250878,0,0,0,0,0,0,0,0,0,0,0,0,0,0,0,0,0,0,0,0,0,0,0,0,0,0,0,0,0,0,0,0,"pov"
"Strike4Youth/2019-07-19","2019-07-19","Strike4Youth","Organised","Protest","Before event day","Yes","No","No","No","No","Public space","Fridays for future","","demonstration, climate strike","60 towns and cities across the UK","2019-06-21",19,12.6264445781398,0,0,0,0,0,0,0,0,0,0,0,0,0,0,0,0,0,0,0,0,0,0,0,0,0,0,0,0,0,0,0,0,"env"
"CClimateAction/2019-07-19","2019-07-19","CClimateAction","Organised","Protest","After event","No","Yes","No","No","No","Public space","","","block","Westminster bridge","2019-07-19",1,0.8299680352211,0,0,0,0,0,0,0,0,0,0,0,0,0,0,0,0,0,0,0,0,0,0,0,0,0,0,0,0,0,0,0,0,"env"
"ExtinctionR/2019-07-19","2019-07-19","ExtinctionR","Organised","Protest","Before event day","Yes","No","No","Yes","No","Company site","Demand media tell the truth about climate crisis, requiem for a dead planet","","march, protest, performance","newspaper offices","2019-06-17",12,7.83330455039772,7,4,5,4,2,0,2,0,0,0,0,0,1,0,1,0,1,0,1,0,0,0,0,0,0,0,1,0,1,0,1,0,"env"
"GMB_union/2019-07-19","2019-07-19","GMB_union","Organised","Protest","After event","No","No","No","No","No","Company site","health and safety at Amazon","","protest","Amazon sites","2019-07-19",1,0.903400421142578,4,4,4,4,1,0,1,0,0,0,0,0,0,1,1,0,0,0,1,0,1,0,0,0,0,0,0,1,1,0,0,0,"pov"
"UVWunion/2019-07-21","2019-07-21","UVWunion","Participated","Protest","After event","No","No","No","No","No","Public space","Tolpuddle Martyrs March","","march","","2019-07-21",1,0.929505348205566,0,0,0,0,0,0,0,0,0,0,0,0,0,0,0,0,0,0,0,0,0,0,0,0,0,0,0,0,0,0,0,0,"pov"
"pplsassembly/2019-07-22","2019-07-22","pplsassembly","Organised","Protest","Before event day","Yes","No","No","No","No","Political site","Oppose Boris Johnson as PM","","noisy protest","Downing Street","2019-06-20",37,22.4376886411637,0,0,0,0,0,0,0,0,0,0,0,0,0,0,0,0,0,0,0,0,0,0,0,0,0,0,0,0,0,0,0,0,"pov"
"unitetheunion/2019-07-22","2019-07-22","unitetheunion","Organised","Strike","After event","No","No","No","No","No","Public space","Lincolnshire health visitors strike","","march, strike","Boston, Lincolnshire","2019-07-22",3,1.7599278839314,3,1,3,1,1,0,0,0,0,0,1,0,0,1,0,0,0,0,1,0,0,0,0,0,0,0,0,0,0,0,0,0,"pov"
"SOLE_Essex/2019-07-23","2019-07-23","SOLE_Essex","Organised","Protest","Before event day","Yes","No","No","No","No","Public space","Save our libraries","","march","Chelmsford","2019-06-08",22,12.5329732962508,1,1,1,1,0,0,1,0,0,0,0,0,0,0,0,0,0,0,0,0,1,0,0,0,0,0,0,0,0,0,0,0,"pov"
"GreenpeaceUK/2019-07-24","2019-07-24","GreenpeaceUK","Organised","Protest","After event","No","Yes","No","No","No","Political site","stopped Boris Johnson in his tracks, climate emergency","","block pm motorcade","Westminster","2019-07-24",4,0.766274115054969,5,5,5,5,0,0,2,0,0,1,1,0,0,0,0,1,0,0,0,0,2,0,0,1,1,0,0,0,0,1,0,0,"env"
"SistersUncut/2019-07-24","2019-07-24","SistersUncut","Organised","Protest","Before event day","Yes","No","No","No","No","Public space","Oppose Boris Johnson","","protest","Russel Square","2019-07-07",4,3.2967546582222,0,0,0,0,0,0,0,0,0,0,0,0,0,0,0,0,0,0,0,0,0,0,0,0,0,0,0,0,0,0,0,0,"pov"
"unitetheunion/2019-07-24","2019-07-24","unitetheunion","Organised","Protest","Before event day","Yes","No","No","No","No","Public space","Oppose no deal","","banner","opposite Parliament","2019-07-22",6,2.75826554751722,0,0,0,0,0,0,0,0,0,0,0,0,0,0,0,0,0,0,0,0,0,0,0,0,0,0,0,0,0,0,0,0,"pov"
"ExtinctionR/2019-07-25","2019-07-25","ExtinctionR","Organised","Protest","On day, before event","Yes","No","No","Yes","No","Company site","Demand media tell the truth about climate crisis","","semi-naked protest","The Sun HQ","2019-07-25",8,1.56845887943198,1,1,1,1,0,0,1,0,0,0,0,0,0,0,0,0,0,0,0,0,1,0,0,0,0,0,0,0,0,0,0,0,"env"
"Strike4Youth/2019-07-26","2019-07-26","Strike4Youth","Organised","Protest","Before event day","Yes","No","No","No","No","Unknown","heatwave emergency strike","","strike","Manchester","2019-07-25",1,0.869772851467133,0,0,0,0,0,0,0,0,0,0,0,0,0,0,0,0,0,0,0,0,0,0,0,0,0,0,0,0,0,0,0,0,"env"
"reclaimthepower/2019-07-29","2019-07-29","reclaimthepower","Organised","Protest","Before event day","Yes","Yes","No","No","No","Other","stop racist deportations, stop racist deportations","","occupation, blockade, mass demo","Hallmark Coach, Home office","2019-07-27",18,8.30785200030782,1,1,1,1,1,0,0,0,0,0,0,0,0,0,0,0,0,0,1,0,0,0,0,0,0,0,0,0,0,0,0,0,"env"
"reclaimthepower/2019-07-30","2019-07-30","reclaimthepower","Organised","Protest","After event","No","Yes","No","No","No","Company site","No new gas infrastructure","","block entrance","Drax building, SSE","2019-07-30",12,3.56012886033678,2,2,2,2,0,0,0,0,0,1,1,0,0,0,0,0,0,0,0,0,0,0,0,1,1,0,0,0,0,0,0,0,"env"
"CClimateAction, ExtinctionR/2019-08-01","2019-08-01","CClimateAction, ExtinctionR","Participated, Participated","Protest","Before event day","Yes","No","No","No","No","Public space"," Afrikan Emancipation Day Reparations March","","march","Brixton","2019-07-24",13,10.1286794344539,1,1,1,1,1,0,0,0,0,0,0,0,0,0,0,0,0,0,1,0,0,0,0,0,0,0,0,0,0,0,0,0,"env"
"unitetheunion/2019-08-01","2019-08-01","unitetheunion","Organised","Protest","Before event day","Yes","No","No","No","No","Public space","Stop universal credit","","protest","countrywide","2019-04-25",46,18.8842875496604,0,0,0,0,0,0,0,0,0,0,0,0,0,0,0,0,0,0,0,0,0,0,0,0,0,0,0,0,0,0,0,0,"pov"
"TridentPlough/2019-08-06","2019-08-06","TridentPlough","Organised","Protest","After event","No","No","No","No","No","Company site","Ban nuclear","","protest","Lockheed Martin HQ","2019-08-06",3,1.28323601186276,0,0,0,0,0,0,0,0,0,0,0,0,0,0,0,0,0,0,0,0,0,0,0,0,0,0,0,0,0,0,0,0,"env"
"ExtinctionR/2019-08-08","2019-08-08","ExtinctionR","Organised","Protest","Before event day","Yes","No","No","No","No","Company site","Gail Bradbrook speech at protest","","peaceful, protest","front gates Cuadrilla's site, Preston New Road","2019-07-31",5,2.23844583891332,0,0,0,0,0,0,0,0,0,0,0,0,0,0,0,0,0,0,0,0,0,0,0,0,0,0,0,0,0,0,0,0,"env"
"ExtinctionR/2019-08-09","2019-08-09","ExtinctionR","Organised","Protest","Before event day","Yes","Yes","No","No","No","Public space","oppose Silvertown Tunnel","","swarm","A102, London","2019-08-06",5,1.99227927231686,0,0,0,0,0,0,0,0,0,0,0,0,0,0,0,0,0,0,0,0,0,0,0,0,0,0,0,0,0,0,0,0,"env"
"TridentPlough/2019-08-09","2019-08-09","TridentPlough","Organised","Protest","After event","No","No","No","Yes","No","Entertainment/cultural","ban nuclear","","die in","British museum","2019-08-09",1,0.888141810894012,0,0,0,0,0,0,0,0,0,0,0,0,0,0,0,0,0,0,0,0,0,0,0,0,0,0,0,0,0,0,0,0,"env"
"ExtinctionR/2019-08-10","2019-08-10","ExtinctionR","Organised","Protest","Before event day","Yes","Yes","No","No","No","Public space","","","swarm","John Lewis, Sloane Square","2019-08-07",4,1.72689099634395,2,0,2,0,0,0,1,0,0,0,0,0,0,1,0,0,0,0,0,0,0,0,0,0,0,0,0,0,0,0,0,0,"env"
"pcs_union/2019-08-12","2019-08-12","pcs_union","Organised","Strike","Before event day","No","No","No","No","No","Other","HMRC outsourced workers strike","","strike","","2019-08-09",3,2.51155304908752,0,0,0,0,0,0,0,0,0,0,0,0,0,0,0,0,0,0,0,0,0,0,0,0,0,0,0,0,0,0,0,0,"pov"
"ExtinctionR/2019-08-13","2019-08-13","ExtinctionR","Organised","Protest","Before event day","Yes","No","No","Yes","No","Public space","Remember those lost in struggle for climate justice","","vigil","Parliament square","2019-08-06",5,0.443670336058958,2,2,1,1,0,0,1,0,0,0,0,1,0,0,0,0,0,0,0,0,1,0,0,0,0,1,0,0,0,0,0,0,"env"
"We_OwnIt/2019-08-14","2019-08-14","We_OwnIt","Organised","Protest","On day, before event","Yes","No","No","No","No","Public space","Oppose rail rip off, public ownership of rail","","protest","rail stations","2019-08-14",9,5.44139421850928,1,1,1,1,0,0,1,0,0,0,0,0,0,0,0,0,0,0,0,0,1,0,0,0,0,0,0,0,0,0,0,0,"pov"
"ExtinctionR/2019-08-17","2019-08-17","ExtinctionR","Organised","Protest","Before event day","Yes","No","No","Yes","No","Public space","South east London uprising, Towards the Common procession, Oppose toxic air","","procession, march, funeral dress code, protest","Greenwich, Bath","2019-08-09",12,3.89483967363739,3,2,0,0,0,0,1,0,0,0,0,0,0,1,0,0,0,1,0,0,0,0,0,0,0,0,0,1,0,0,0,1,"env"
"unitetheunion/2019-08-17","2019-08-17","unitetheunion","Organised","Both","Before event day","No","No","No","No","No","Public space","Lincolnshire health visitors strike","","strike, rally","","2019-08-16",3,1.5614106882829,3,3,0,0,2,0,0,0,0,0,0,0,0,1,0,0,0,0,2,0,0,0,0,0,0,0,0,1,0,0,0,0,"pov"
"ExtinctionR/2019-08-18","2019-08-18","ExtinctionR","Organised","Protest","Before event day","Yes","No","No","Yes","No","Public space","South east London uprising, New Black Death procession","","oil covered animal props, procession","Blackheath common","2019-08-15",10,2.41441621599419,0,0,0,0,0,0,0,0,0,0,0,0,0,0,0,0,0,0,0,0,0,0,0,0,0,0,0,0,0,0,0,0,"env"
"fbunational, pcs_union/2019-08-18","2019-08-18","fbunational, pcs_union","Participated, Organised","Protest","Before event day","Yes","No","No","No","No","Public space","Peterloo massacre commemoration","","march, rally","Manchester","2019-08-16",5,4.41663175821304,0,0,0,0,0,0,0,0,0,0,0,0,0,0,0,0,0,0,0,0,0,0,0,0,0,0,0,0,0,0,0,0,"pov"
"earthfirst_uk/2019-08-19","2019-08-19","earthfirst_uk","Organised","Protest","After event","No","Yes","No","No","No","Company site","End coal","40","shut down, climbed on equipment","Hargreaves opencast calming","2019-08-19",1,0.726828694343567,0,0,0,0,0,0,0,0,0,0,0,0,0,0,0,0,0,0,0,0,0,0,0,0,0,0,0,0,0,0,0,0,"env"
"BALPApilots/2019-08-22","2019-08-22","BALPApilots","Organised","Strike","Before event day","No","No","No","No","No","Other","pilot strike","","strike","","2019-08-07",6,3.17109187025902,26,26,6,6,9,1,1,0,1,2,4,3,2,0,0,1,0,2,9,1,1,0,1,2,4,3,2,0,0,1,0,2,"pov"
"ExtinctionR/2019-08-23","2019-08-23","ExtinctionR","Organised","Protest","Before event day","Yes","No","No","Yes","No","Other","vigil for Phulbari victims","100s","vigil, rally","Brazilian embassy, London Stock Exchange","2019-08-05",8,4.85883558377647,7,7,7,7,1,1,2,0,0,1,0,0,0,0,0,1,1,0,1,1,2,0,0,1,0,0,0,0,0,1,1,0,"env"
"NASUWT/2019-08-24","2019-08-24","NASUWT","Participated","Protest","After event","No","No","No","No","No","Public space","Pride","","march","","2019-08-24",1,0.925628781318665,0,0,0,0,0,0,0,0,0,0,0,0,0,0,0,0,0,0,0,0,0,0,0,0,0,0,0,0,0,0,0,0,"pov"
"frackfreelancs/2019-08-26","2019-08-26","frackfreelancs","Participated","Protest","After event","No","No","No","No","No","Company site","Oppose fracking","100s","protest","Preston New Road","2019-08-26",2,1.18450921773911,0,0,0,0,0,0,0,0,0,0,0,0,0,0,0,0,0,0,0,0,0,0,0,0,0,0,0,0,0,0,0,0,"env"
"pcs_union/2019-08-28","2019-08-28","pcs_union","Organised","Strike","Before event day","No","No","No","No","No","Other","Universal credit strike","","strike","","2019-08-27",4,1.75645191232574,1,1,1,0,0,0,1,0,0,0,0,0,0,0,0,0,0,0,0,0,0,0,1,0,0,0,0,0,0,0,0,0,"pov"
"unitetheunion/2019-08-29","2019-08-29","unitetheunion","Organised","Protest","Before event day","Yes","No","No","No","No","Political site","bus drivers safety first","","demonstration","London city hall","2019-08-28",7,5.29271767251035,3,3,0,0,2,0,1,0,0,0,0,0,0,0,0,0,0,0,2,0,1,0,0,0,0,0,0,0,0,0,0,0,"pov"
"ExtinctionR/2019-08-30","2019-08-30","ExtinctionR","Organised","Protest","On day, before event","Yes","Yes","No","No","No","Public space","Solidarity with arrestees","","swarm roads","City of London Magistrates Court","2019-08-30",14,4.17631255118561,14,14,12,12,4,0,3,0,0,0,0,0,0,1,0,0,2,4,4,0,3,0,0,0,0,0,0,1,0,0,2,4,"env"
"Strike4Youth/2019-08-31","2019-08-31","Strike4Youth","Participated","Protest","Before event day","Yes","No","No","No","No","Political site","Stop the coup","","protest","Downing street","2019-08-30",4,1.93468805395859,1,1,1,1,0,0,0,0,0,0,1,0,0,0,0,0,0,0,0,0,0,0,0,0,1,0,0,0,0,0,0,0,"env"
"ExtinctionR/2019-08-31","2019-08-31","ExtinctionR","Organised","Protest","Before event day","Yes","Yes","No","Yes","No","Other","South west London uprising, Northern Rebellion","","procession, Drum circle ceremony, march, die in, road block","Windrush Square, Brixton, Peterborough Cathedral, Manchester","2019-08-27",13,2.48969260975078,1,1,1,1,0,0,0,0,0,0,0,0,1,0,0,0,0,0,0,0,0,0,0,0,0,0,1,0,0,0,0,0,"env"
"UKChange/2019-08-31","2019-08-31","UKChange","Organised","Protest","After event","No","No","No","No","No","Public space","Defend our democracy, oppose proroguing parliament","","protest","","2019-08-31",3,1.9346316754818,2,1,1,0,0,0,1,0,0,0,1,0,0,0,0,0,0,0,0,0,0,0,0,0,1,0,0,0,0,0,0,0,"pov"
"pplsassembly/2019-08-31","2019-08-31","pplsassembly","Organised","Protest","Before event day","Yes","No","No","No","No","Public space","General election now","","protest","Newcastle, Doncaster","2019-08-29",3,2.22039270401001,6,4,3,2,0,0,1,0,0,0,2,0,1,2,0,0,0,0,0,0,1,0,0,0,1,0,0,2,0,0,0,0,"pov"
"pcs_union, unitetheunion/2019-09-01","2019-09-01","pcs_union, unitetheunion","Participated, Organised","Protest","Before event day","Yes","No","No","No","No","Public space","Burston Strike School Rally","","rally","","2019-08-16",11,6.76543609811245,1,1,1,1,0,0,0,0,0,0,0,0,0,0,0,0,0,1,0,0,0,0,0,0,0,0,0,0,0,0,0,1,"pov"
"pplsassembly/2019-09-02","2019-09-02","pplsassembly","Organised","Protest","After event","No","Yes","No","No","No","Company site","Stop the coup, stop Boris, Tories out","","occupation, demonstration","Midland Hotel","2019-09-02",6,2.52079820625664,1,0,0,0,1,0,0,0,0,0,0,0,0,0,0,0,0,0,0,0,0,0,0,0,0,0,0,0,0,0,0,0,"pov"
"pcs_union/2019-09-02","2019-09-02","pcs_union","Organised","Strike","Before event day","No","No","No","No","No","Other","BEIS strike","","strike","","2019-09-01",2,1.62860548496246,0,0,0,0,0,0,0,0,0,0,0,0,0,0,0,0,0,0,0,0,0,0,0,0,0,0,0,0,0,0,0,0,"pov"
"CClimateAction/2019-09-03","2019-09-03","CClimateAction","Organised","Protest","After event","No","Yes","No","No","Yes","Company site","oppose arms trade","3+","lock on","DSEI arms fair","2019-09-03",1,0.65078991651535,0,0,0,0,0,0,0,0,0,0,0,0,0,0,0,0,0,0,0,0,0,0,0,0,0,0,0,0,0,0,0,0,"env"
"pcs_union/2019-09-03","2019-09-03","pcs_union","Participated","Protest","Before event day","Yes","No","No","No","No","Public space","oppose proroguing Parliament","","rally","Parliament square","2019-08-29",12,7.96175903084146,4,0,1,0,0,0,0,0,0,0,2,0,1,0,0,0,0,1,0,0,0,0,0,0,0,0,0,0,0,0,0,0,"pov"
"pplsassembly/2019-09-03","2019-09-03","pplsassembly","Organised","Protest","Before event day","Yes","No","No","No","No","Public space","demand general election now","","protest","Parliament square","2019-08-28",15,6.90215998896376,6,3,3,2,0,0,2,0,0,0,2,0,1,0,0,0,0,1,0,0,1,0,0,0,0,0,1,0,0,0,0,1,"pov"
"CNDuk, ExtinctionR, TridentPlough/2019-09-04","2019-09-04","CNDuk, ExtinctionR, TridentPlough","Organised, Organised, Organised","Protest","Before event day","No","Yes","No","No","Yes","Company site","Stop DSEI","300+","blockade","DSEI arms fair, Excel London","2019-09-02",24,13.8254344183719,0,0,0,0,0,0,0,0,0,0,0,0,0,0,0,0,0,0,0,0,0,0,0,0,0,0,0,0,0,0,0,0,"env"
"ExtinctionR/2019-09-04","2019-09-04","ExtinctionR","Organised","Protest","Before event day","Yes","No","No","Yes","No","Company site","Plane truth procession, oppose aviation","","procession, performance","Islington Business Design Centre","2019-09-02",10,2.89344395932791,1,1,0,0,0,0,1,0,0,0,0,0,0,0,0,0,0,0,0,0,1,0,0,0,0,0,0,0,0,0,0,0,"env"
"ExtinctionR/2019-09-05","2019-09-05","ExtinctionR","Organised","Protest","Before event day","Yes","No","No","Yes","No","Company site","Act for the Amazon","","die in","Blackrock, 12 Throgmorton Avenue","2019-08-26",9,3.10518533268107,1,1,1,1,0,0,1,0,0,0,0,0,0,0,0,0,0,0,0,0,1,0,0,0,0,0,0,0,0,0,0,0,"env"
"GMB_union/2019-09-05","2019-09-05","GMB_union","Participated","Protest","Before event day","Yes","No","No","No","No","Company site","Treat Asda workers with respect","1000","protest, demonstration","outside Asdas","2019-09-03",3,2.59803003106772,0,0,0,0,0,0,0,0,0,0,0,0,0,0,0,0,0,0,0,0,0,0,0,0,0,0,0,0,0,0,0,0,"pov"
"IWGBunion/2019-09-05","2019-09-05","IWGBunion","Organised","Protest","On day, before event","Yes","No","No","No","No","Company site","demand living wage and sick pay","","demonstration","5 Hertford Street","2019-09-05",2,1.06974463164806,0,0,0,0,0,0,0,0,0,0,0,0,0,0,0,0,0,0,0,0,0,0,0,0,0,0,0,0,0,0,0,0,"pov"
"ExtinctionR/2019-09-07","2019-09-07","ExtinctionR","Organised","Protest","Before event day","Yes","Yes","No","Yes","No","Other","Demand 6 billion per year for cycling, North London Uprising, Re-declaration of rebellion","","cycling protest, die in, funeral procession, funeral, protest, march, occupy, swarm, march, drums","Whitehall, Lincoln inn fields, Treasury, Wood Green, Turnpike lane, , Croydon","2019-08-09",17,7.75488180016692,5,3,4,3,1,0,1,0,0,0,0,0,2,0,0,0,0,1,0,0,1,0,0,0,0,0,1,0,0,0,0,1,"env"
"ExtinctionR/2019-09-08","2019-09-08","ExtinctionR","Organised","Protest","Before event day","Yes","No","No","Yes","No","Public space","Oppose Edmonton Incinerator, oppose expansion of London City Airport, North London Uprising, Green Lanes Parade","","protest, parade, drumming, music","Henry Reynolds Gardens, Turnpike Lane","2019-09-07",6,2.084904059479,1,1,1,1,0,0,0,0,0,0,0,0,0,0,0,0,0,1,0,0,0,0,0,0,0,0,0,0,0,0,0,1,"env"
"ExtinctionR/2019-09-10","2019-09-10","ExtinctionR","Organised","Protest","After event","No","Yes","No","No","No","Company site","Oppose fracking","","block entrance","Preston New Road, Cuadrilla site","2019-09-10",7,1.31825976914263,4,2,4,2,1,0,2,0,0,0,0,0,0,0,0,0,0,1,0,0,1,0,0,0,0,0,0,0,0,0,0,1,"env"
"keepnhspublic/2019-09-10","2019-09-10","keepnhspublic","Organised","Protest","Before event day","Yes","No","No","No","No","Public space","against the alarming rise in suicides under this gov","","protest","College Green, London","2019-09-05",3,2.57498908042908,1,1,1,1,0,0,1,0,0,0,0,0,0,0,0,0,0,0,0,0,1,0,0,0,0,0,0,0,0,0,0,0,"pov"
"fbunational/2019-09-12","2019-09-12","fbunational","Organised","Protest","Before event day","Yes","No","No","No","No","Political site","safe working conditions for firefighters","","demonstration","Suffolk county council, Endeavour House, Ipswich","2019-09-10",3,1.82077965512872,0,0,0,0,0,0,0,0,0,0,0,0,0,0,0,0,0,0,0,0,0,0,0,0,0,0,0,0,0,0,0,0,"pov"
"HeathrowPause/2019-09-13","2019-09-13","HeathrowPause","Organised","Protest","Before event day","No","Yes","No","No","Yes","Company site","","<20","drone flying","Heathrow","2019-09-06",11,1.32699211449365,42,41,23,22,10,0,5,0,3,2,1,1,2,1,0,6,0,11,9,0,5,0,3,2,1,1,2,1,0,6,0,11,"env"
"GMB_union/2019-09-16","2019-09-16","GMB_union","Organised","Protest","Before event day","No","No","No","No","No","Company site","treat Asda workers with respect","","demonstration","Asda supermarkets","2019-09-15",2,1.72507560297494,3,3,2,2,0,0,1,0,0,0,0,0,0,1,0,0,0,1,0,0,1,0,0,0,0,0,0,1,0,0,0,1,"pov"
"SistersUncut/2019-09-16","2019-09-16","SistersUncut","Organised","Protest","Before event day","Yes","No","No","No","No","Political site","Oppose council bullying of families","","demonstration","Hackney Town Hall","2019-09-14",1,0.915198504924774,0,0,0,0,0,0,0,0,0,0,0,0,0,0,0,0,0,0,0,0,0,0,0,0,0,0,0,0,0,0,0,0,"pov"
"ExtinctionR/2019-09-17","2019-09-17","ExtinctionR","Organised","Protest","Before event day","Yes","No","No","Yes","No","Other","Tell the truth, Oppose unsustainable fashion","","protest, funeral","ITN, BBC, Trafalgar square","2019-08-07",4,1.32897218306159,13,11,4,3,8,0,5,0,0,0,0,0,0,0,0,0,0,0,7,0,4,0,0,0,0,0,0,0,0,0,0,0,"env"
"unitetheunion/2019-09-17","2019-09-17","unitetheunion","Organised","Protest","On day, before event","No","No","No","No","No","Political site","lorry drivers safety regulations","","protest","Department of Transport","2019-09-17",5,1.68599911773674,1,1,1,1,0,0,0,0,0,0,0,0,0,1,0,0,0,0,0,0,0,0,0,0,0,0,0,1,0,0,0,0,"pov"
"campaigncc, EarthStrikeUK, ExtinctionR, friends_earth, GreenAllianceUK, GreenpeaceUK, sccscot, Strike4Youth, TheCCoalition/2019-09-20","2019-09-20","campaigncc, EarthStrikeUK, ExtinctionR, friends_earth, GreenAllianceUK, GreenpeaceUK, sccscot, Strike4Youth, TheCCoalition","Participated, Organised, Participated, Participated, Participated, Participated, Participated, Organised, Participated","Protest","Before event day","Yes","No","No","No","No","Public space","Climate strike","1000s","general strike","Belfast, Birmingham, Leicester, London, Glasgow, Nottingham, York, 60 places in UK","2019-07-01",325,194.893036982457,86,78,69,63,17,1,21,0,5,3,4,0,4,6,3,5,3,14,17,1,18,0,5,3,4,0,4,5,3,4,3,11,"env"
"UCL_UCU/2019-09-20","2019-09-20","UCL_UCU","Participated","Protest","Before event day","Yes","No","No","No","No","Other","Support for school strike for climate","","protest","UCL Main Quad","2019-09-13",9,7.1391970803101,9,8,5,4,4,0,2,0,0,1,1,0,1,0,0,0,0,0,4,0,2,0,0,1,0,0,1,0,0,0,0,0,"pov"
"Strike4Youth/2019-09-21","2019-09-21","Strike4Youth","Organised","Protest","Before event day","Yes","No","No","No","No","Political site","Green New Deal","","rally","Brighton, Labour party conference","2019-08-30",2,1.7664247751236,4,0,3,0,0,1,1,0,1,1,0,0,0,0,0,0,0,0,0,0,0,0,0,0,0,0,0,0,0,0,0,0,"env"
"ExtinctionR/2019-09-21","2019-09-21","ExtinctionR","Organised","Protest","After event","No","Yes","No","No","Yes","Public space","No food on a dying planet","10","blockade","Dover port","2019-09-21",6,1.28816273074052,16,15,15,14,3,0,1,0,1,1,1,1,0,2,0,1,0,5,3,0,1,0,1,1,0,1,0,2,0,1,0,5,"env"
"friends_earth/2019-09-23","2019-09-23","friends_earth","Participated","Protest","Before event day","Yes","No","No","Yes","No","Other","Climate Rhyme Protest","","protest, procession, empty pushchair props","Shell, Parliament, No 10 Downing Street, BP","2019-09-21",2,0.922579366713763,1,1,1,1,0,0,1,0,0,0,0,0,0,0,0,0,0,0,0,0,1,0,0,0,0,0,0,0,0,0,0,0,"env"
"pcs_union/2019-09-23","2019-09-23","pcs_union","Organised","Strike","Before event day","No","No","No","No","No","Other","outsourced foreign office workers strike","","strike","","2019-09-18",13,2.03019296829897,0,0,0,0,0,0,0,0,0,0,0,0,0,0,0,0,0,0,0,0,0,0,0,0,0,0,0,0,0,0,0,0,"pov"
"sccscot/2019-09-25","2019-09-25","sccscot","Organised","Protest","After event","No","No","No","No","No","Political site","Emergency mobilisation, triggered by climate bill","","action, mobilisation","Scottish Parliament","2019-09-25",12,2.78888635669961,0,0,0,0,0,0,0,0,0,0,0,0,0,0,0,0,0,0,0,0,0,0,0,0,0,0,0,0,0,0,0,0,"env"
"ExtinctionR/2019-09-25","2019-09-25","ExtinctionR","Organised","Protest","After event","No","Yes","No","No","No","Political site","Act now on climate change","","glued on","BEIS","2019-09-25",1,0.348549634218216,1,1,1,1,0,0,1,0,0,0,0,0,0,0,0,0,0,0,0,0,1,0,0,0,0,0,0,0,0,0,0,0,"env"
"CNDuk/2019-09-27","2019-09-27","CNDuk","Participated","Protest","Before event day","Yes","No","No","No","No","Embassy","The oceans are not a nuclear dump","","protest","Japanese embassy","2019-09-26",2,1.8838517665863,0,0,0,0,0,0,0,0,0,0,0,0,0,0,0,0,0,0,0,0,0,0,0,0,0,0,0,0,0,0,0,0,"env"
"BALPApilots/2019-09-27","2019-09-27","BALPApilots","Organised","Strike","Before event day","No","No","No","No","No","Other","pilot strike","","strike","","2019-08-23",6,1.9153880401512,88,90,7,7,39,2,8,1,2,2,1,3,0,13,9,3,0,5,40,2,8,1,2,2,1,3,0,13,9,3,0,6,"pov"
"ExtinctionR/2019-09-28","2019-09-28","ExtinctionR","Organised","Protest","Before event day","Yes","No","No","No","No","Company site","Stop HS2","100+","","HS2 HQ, Euston","2019-09-26",4,3.63235431950629,2,0,0,0,1,0,0,0,0,0,1,0,0,0,0,0,0,0,0,0,0,0,0,0,0,0,0,0,0,0,0,0,"env"
"SOLE_Essex/2019-09-28","2019-09-28","SOLE_Essex","Organised","Protest","Before event day","Yes","No","No","No","No","Public space","Save our libraries","","march, protest, day of action","Broomfield, Essex","2019-08-28",19,13.4824764466194,0,0,0,0,0,0,0,0,0,0,0,0,0,0,0,0,0,0,0,0,0,0,0,0,0,0,0,0,0,0,0,0,"pov"
"CNDuk/2019-09-29","2019-09-29","CNDuk","Participated","Protest","Before event day","No","No","No","No","No","Political site","People's Assembly demo, oppose nuclear weapons","","demonstration","Tory party conference","2019-09-27",1,0.977457106113434,0,0,0,0,0,0,0,0,0,0,0,0,0,0,0,0,0,0,0,0,0,0,0,0,0,0,0,0,0,0,0,0,"env"
"pplsassembly/2019-09-29","2019-09-29","pplsassembly","Organised","Protest","Before event day","Yes","No","No","No","No","Political site","Stop Boris, Tory party conference","","demonstration","Tory party conference, Manchester","2019-06-10",31,21.8235068311482,6,6,6,5,0,0,1,0,0,0,0,0,1,0,0,0,0,4,0,0,1,0,0,0,0,0,1,0,0,0,0,4,"pov"
"unitetheunion/2019-10-02","2019-10-02","unitetheunion","Organised","Protest","Before event day","No","No","No","No","No","Public space","Thomas cook workers protest, redundancies","","protest","Parliament","2019-10-01",3,1.68245372921228,0,0,0,0,0,0,0,0,0,0,0,0,0,0,0,0,0,0,0,0,0,0,0,0,0,0,0,0,0,0,0,0,"pov"
"GreenpeaceUK, reclaimthepower/2019-10-03","2019-10-03","GreenpeaceUK, reclaimthepower","Participated, Participated","Protest","Before event day","Yes","No","No","No","No","Other","Oppose Brazilian government's Amazon policy","","protest outside embassy","Brazilian embassy","2019-10-02",5,3.03260896308496,0,0,0,0,0,0,0,0,0,0,0,0,0,0,0,0,0,0,0,0,0,0,0,0,0,0,0,0,0,0,0,0,"env"
"CClimateAction/2019-10-03","2019-10-03","CClimateAction","Organised","Protest","After event","No","Yes","No","Yes","Yes","Political site","Take action against climate change","<10","spray fake blood","Treasury","2019-10-03",1,0.895478487014771,7,4,7,4,0,1,0,0,0,0,1,1,1,2,1,0,0,0,0,1,0,0,0,0,1,0,1,0,1,0,0,0,"env"
"ExtinctionR/2019-10-04","2019-10-04","ExtinctionR","Organised","Protest","After event","No","Yes","No","No","No","Public space","Tell the truth about climate emergency, International Rebellion","","swarming roads","Sydenham","2019-10-04",8,1.36569917240337,2,2,2,2,0,0,0,0,0,1,0,0,0,0,0,0,0,1,0,0,0,0,0,1,0,0,0,0,0,0,0,1,"env"
"unitetheunion/2019-10-04","2019-10-04","unitetheunion","Organised","Protest","Before event day","Yes","No","No","No","No","Company site","Oppose Skanska blacklisting, Save Wright bus jobs","","demonstration, march, rally","Euston, to Wright bus site","2019-10-02",9,4.84226363876495,1,1,0,0,0,0,1,0,0,0,0,0,0,0,0,0,0,0,0,0,1,0,0,0,0,0,0,0,0,0,0,0,"pov"
"CClimateAction, CNDuk, EarthStrikeUK, ExtinctionR/2019-10-07","2019-10-07","CClimateAction, CNDuk, EarthStrikeUK, ExtinctionR","Participated, Participated, Participated, Organised","Protest","Before event day","Yes","Yes","No","No","Yes","Public space","International Rebellion","","occupation, shut down, blockade","Westminster","2019-08-10",144,75.9211908126203,193,159,164,133,19,9,22,2,7,11,8,9,9,21,1,16,3,56,18,5,18,1,4,11,6,7,8,20,1,12,3,45,"env"
"reclaimthepower/2019-10-07","2019-10-07","reclaimthepower","Organised","Protest","Before event day","Yes","No","No","No","No","Company site","Oppose big oil","","protest, party","Oil industry conference, London","2019-10-04",3,1.08107209987198,0,0,0,0,0,0,0,0,0,0,0,0,0,0,0,0,0,0,0,0,0,0,0,0,0,0,0,0,0,0,0,0,"env"
"ExtinctionR/2019-10-08","2019-10-08","ExtinctionR","Organised","Protest","Before event day","Yes","Yes","No","No","No","Public space","zero carbon emission 2025","","chained on, occupation, tents","Horse guard's parade, the mall","2019-10-07",15,6.69844087982845,50,30,50,30,4,3,6,2,2,3,3,0,1,3,0,10,1,12,2,3,3,2,2,2,2,0,1,1,0,8,1,3,"env"
"GreenpeaceUK/2019-10-08","2019-10-08","GreenpeaceUK","Organised","Protest","After event","No","Yes","No","No","No","Company site","BP climate criminals","< 3","crash stage, banner","Oil industry gala","2019-10-08",2,0.944889776428802,0,0,0,0,0,0,0,0,0,0,0,0,0,0,0,0,0,0,0,0,0,0,0,0,0,0,0,0,0,0,0,0,"env"
"CClimateAction, ExtinctionR/2019-10-09","2019-10-09","CClimateAction, ExtinctionR","Participated, Organised","Protest","Before event day","Yes","Yes","No","Yes","Yes","Public space","International Rebellion","200+","march, mass nurse in, performance, road blocks","Parliament square to Downing street, Trafalgar square","2019-10-08",20,7.03340610363945,31,25,31,25,4,1,6,0,0,1,3,2,2,4,0,3,0,5,2,1,5,0,0,1,1,1,2,4,0,3,0,5,"env"
"CClimateAction, ExtinctionR, TridentPlough/2019-10-10","2019-10-10","CClimateAction, ExtinctionR, TridentPlough","Participated, Organised, Participated","Protest","Before event day","Yes","Yes","No","No","Yes","Other","Fly today, no tomorrow, International Rebellion","","occupation, sit in, occupation, road blocks, glued on","London City Airport, Trafalgar Square, St James park","2019-10-08",31,16.8406950010533,67,46,59,44,11,5,5,1,5,8,3,4,5,6,0,3,3,8,8,4,4,1,3,5,1,4,3,2,0,3,3,5,"env"
"CClimateAction, ExtinctionR/2019-10-11","2019-10-11","CClimateAction, ExtinctionR","Participated, Organised","Protest","Before event day","Yes","Yes","No","Yes","Yes","Other","Tell the truth, Oppose confiscation of accessibility equipment, International Rebellion","","block, tape over mouths, glued on, protest, lock ons, tents, occupation","BBC, New Scotland Yard, Charing Cross, Northumberland St, Trafalgar Square","2019-10-11",20,8.83508668087317,29,21,28,21,3,4,3,0,4,3,2,0,1,3,0,1,0,5,0,2,2,0,3,3,2,0,1,2,0,1,0,5,"env"
"IWGBunion/2019-10-11","2019-10-11","IWGBunion","Organised","Strike","Before event day","No","No","No","No","No","Other","Royal Mail ecourier worker strike","","strike","","2019-09-26",2,1.66933590173721,0,0,0,0,0,0,0,0,0,0,0,0,0,0,0,0,0,0,0,0,0,0,0,0,0,0,0,0,0,0,0,0,"pov"
"unitetheunion/2019-10-11","2019-10-11","unitetheunion","Organised","Protest","On day, before event","No","No","No","No","No","Company site","Costain and Skanska union busting","","protest","Costain and Skanska HQ","2019-10-11",6,1.57696504583065,0,0,0,0,0,0,0,0,0,0,0,0,0,0,0,0,0,0,0,0,0,0,0,0,0,0,0,0,0,0,0,0,"pov"
"CClimateAction, ExtinctionR/2019-10-12","2019-10-12","CClimateAction, ExtinctionR","Participated, Organised","Protest","Before event day","Yes","No","No","No","No","Public space","International Rebellion",">20000","march, procession","Marble arch, Trafalgar square","2019-10-11",18,10.9958758912139,29,23,28,22,6,1,2,0,2,3,1,1,1,6,0,2,0,4,5,1,2,0,2,3,1,1,1,1,0,2,0,4,"env"
"CClimateAction, ExtinctionR/2019-10-13","2019-10-13","CClimateAction, ExtinctionR","Participated, Organised","Protest","After event","No","No","No","No","Yes","Political site","Oppose police mistreatment of activists","'strong crowd'","crowd, protest","New Scotland Yard","2019-10-13",17,6.39652781778383,8,6,8,6,2,0,0,1,1,1,1,0,0,1,0,1,0,0,1,0,0,1,1,1,1,0,0,0,0,1,0,0,"env"
"CClimateAction, ExtinctionR/2019-10-14","2019-10-14","CClimateAction, ExtinctionR","Organised, Organised","Protest","After event","No","Yes","No","No","Yes","Public space","International Rebellion","","march, shutting down roads, blocking road","Bank of England, Black rock, Barclays, Walkie Talkie, Trafalgar Square, Vauxhall Gardens","2019-10-14",17,7.76060610262857,60,41,44,35,10,2,13,1,2,2,0,4,4,4,0,7,0,11,5,1,10,0,2,2,0,1,3,4,0,5,0,8,"env"
"radicalhousing/2019-10-14","2019-10-14","radicalhousing","Organised","Protest","Before event day","Yes","No","No","No","No","Company site","Our Homes, Our Land, Our Future","","protest","property development fair in London ","2019-09-10",7,4.35424340561547,1,2,1,2,0,0,1,0,0,0,0,0,0,0,0,0,0,0,0,0,1,0,0,0,0,0,1,0,0,0,0,0,"pov"
"CClimateAction, ExtinctionR/2019-10-15","2019-10-15","CClimateAction, ExtinctionR","Participated, Organised","Protest","Before event day","Yes","Yes","Yes","No","Yes","Other","International Rebellion, Citizens assembly to support climate emergency, Oppose HS2, No food on a dead planet","<10","march, smash window","Millbank to Buckingham palace, Downing street, Department for Transport, outside MI5","2019-10-15",18,9.64671046921862,36,23,30,22,7,1,6,1,2,3,2,0,2,3,1,3,0,5,3,1,2,1,2,1,2,0,2,2,1,3,0,3,"env"
"unitetheunion/2019-10-15","2019-10-15","unitetheunion","Organised","Strike","Before event day","No","No","No","No","No","Other","Derbyshire flooring workers strike","","strike","","2019-10-14",4,2.17223688401282,0,0,0,0,0,0,0,0,0,0,0,0,0,0,0,0,0,0,0,0,0,0,0,0,0,0,0,0,0,0,0,0,"pov"
"UVWunion/2019-10-15","2019-10-15","UVWunion","Organised","Protest","After event","No","No","No","No","No","Company site","St Mary's hospital cleaners, caterers & porters strikers","","march","management's office","2019-10-15",1,0.945543647,0,0,0,0,0,0,0,0,0,0,0,0,0,0,0,0,0,0,0,0,0,0,0,0,0,0,0,0,0,0,0,0,"pov"
"ExtinctionR, friends_earth/2019-10-16","2019-10-16","ExtinctionR, friends_earth","Organised, Participated","Protest","After event","No","No","No","Yes","No","Other","International Rebellion, International Rebellion","2500","vigil, protest, assembled, speeches","News Corp HQ, London Bridge, Trafalgar square","2019-10-16",13,5.83524758962537,28,19,21,19,4,1,7,0,2,1,2,0,1,3,0,4,1,2,2,1,3,0,2,1,1,0,1,2,0,4,0,2,"env"
"GMB_union/2019-10-16","2019-10-16","GMB_union","Organised","Protest","After event","No","No","No","No","No","Company site","Treat Asda workers with respect","","march","Asda HQ","2019-10-16",4,2.79390987753868,0,0,0,0,0,0,0,0,0,0,0,0,0,0,0,0,0,0,0,0,0,0,0,0,0,0,0,0,0,0,0,0,"pov"
"CClimateAction, ExtinctionR/2019-10-17","2019-10-17","CClimateAction, ExtinctionR","Participated, Organised","Protest","After event","No","Yes","No","Yes","No","Public space","Climate emergency, International Rebellion",">1500","peaceful disruption, Mass meditation","London Underground, DLR, Trafalgar square","2019-10-17",24,11.973989420087,90,74,77,71,12,2,5,2,8,6,3,3,3,3,0,24,2,17,9,2,1,2,5,4,3,3,1,2,0,23,2,17,"env"
"NEUnion/2019-10-17","2019-10-17","NEUnion","Organised","Both","Before event day","Yes","No","No","No","No","Political site","Save our colleges, oppose education cuts","","march, strike, rally","Department of Education","2019-10-04",28,21.1709942511102,0,0,0,0,0,0,0,0,0,0,0,0,0,0,0,0,0,0,0,0,0,0,0,0,0,0,0,0,0,0,0,0,"pov"
"ExtinctionR/2019-10-18","2019-10-18","ExtinctionR","Organised","Protest","Before event day","Yes","Yes","No","Yes","No","Public space","Red handed procession, International Rebellion","3000, 3000+","march, washable chalk spray, procession, tripods, march","Westminster, Oxford Circus, Westminster","2019-10-13",14,4.60096856995993,30,23,28,23,5,1,5,0,1,2,2,0,1,2,1,4,1,5,4,1,2,0,1,2,1,0,1,2,1,3,1,4,"env"
"keepnhspublic/2019-10-19","2019-10-19","keepnhspublic","Participated","Protest","After event","No","No","No","No","No","Public space","People's Vote March","","march","","2019-10-19",2,1.62607318162918,1,1,1,1,0,0,1,0,0,0,0,0,0,0,0,0,0,0,0,0,1,0,0,0,0,0,0,0,0,0,0,0,"pov"
"ExtinctionR/2019-10-21","2019-10-21","ExtinctionR","Organised","Protest","Before event day","No","No","Yes","No","No","Political site","Teach climate truth","","protest, chalk paint","Department of Education","2019-10-16",4,2.44797947971654,7,3,3,3,2,0,2,0,0,0,0,0,0,1,0,1,0,1,1,0,1,0,0,0,0,0,0,0,0,1,0,0,"env"
"unitetheunion/2019-10-22","2019-10-22","unitetheunion","Organised","Both","After event","No","No","No","No","No","Public space","Bradford library and museum strike","","strike, march","Keighley","2019-10-22",8,2.69224999101768,0,0,0,0,0,0,0,0,0,0,0,0,0,0,0,0,0,0,0,0,0,0,0,0,0,0,0,0,0,0,0,0,"pov"
"UVWunion/2019-10-24","2019-10-24","UVWunion","Organised","Strike","Before event day","No","No","No","No","No","Other","Cafe workers university of Greenwich strike, sick pay","","strike","","2019-10-17",10,6.94396391507585,1,0,1,0,1,0,0,0,0,0,0,0,0,0,0,0,0,0,0,0,0,0,0,0,0,0,0,0,0,0,0,0,"pov"
"FrackOffLondon/2019-10-26","2019-10-26","FrackOffLondon","Organised","Protest","Before event day","Yes","No","No","No","No","Public space","Oppose drilling at Horse Hill","","peaceful, family friendly, demonstration","Horse Hill, Surrey","2019-10-21",4,3.65351271569522,1,1,0,0,0,0,0,0,0,0,1,0,0,0,0,0,0,0,0,0,0,0,0,0,1,0,0,0,0,0,0,0,"env"
"UVWunion/2019-10-28","2019-10-28","UVWunion","Organised","Strike","Before event day","No","No","No","No","No","Other","St Mary's hospital outsourced workers strike","","strike","","2019-10-14",14,9.84537442833014,1,1,0,0,0,0,1,0,0,0,0,0,0,0,0,0,0,0,0,0,1,0,0,0,0,0,0,0,0,0,0,0,"pov"
"IWGBunion/2019-10-29","2019-10-29","IWGBunion","Organised","Protest","Before event day","Yes","No","No","No","No","Other","UCL outsourced workers","","demonstration","UCL","2019-10-28",3,1.1228402625938,0,0,0,0,0,0,0,0,0,0,0,0,0,0,0,0,0,0,0,0,0,0,0,0,0,0,0,0,0,0,0,0,"pov"
"UVWunion/2019-10-31","2019-10-31","UVWunion","Organised","Strike","Before event day","No","No","No","No","No","Other","5 strikes of low paid & predominantly migrant workers","","strike, picket","","2019-10-16",10,6.37036609214532,2,1,1,1,1,0,1,0,0,0,0,0,0,0,0,0,0,0,1,0,0,0,0,0,0,0,0,0,0,0,0,0,"pov"
"NEUnion/2019-11-05","2019-11-05","NEUnion","Organised","Strike","Before event day","No","No","No","No","No","Other","sixth form colleges strike","","strike","","2019-11-04",8,6.03223857283592,0,0,0,0,0,0,0,0,0,0,0,0,0,0,0,0,0,0,0,0,0,0,0,0,0,0,0,0,0,0,0,0,"pov"
"pcs_union/2019-11-07","2019-11-07","pcs_union","Organised","Strike","Before event day","No","No","No","No","No","Other","Foreign office outsourced workers strike","","strike","","2019-11-06",6,3.87185779213905,0,0,0,0,0,0,0,0,0,0,0,0,0,0,0,0,0,0,0,0,0,0,0,0,0,0,0,0,0,0,0,0,"pov"
"ExtinctionR/2019-11-09","2019-11-09","ExtinctionR","Organised","Protest","After event","No","No","No","Yes","No","Company site","Oppose fossil fuel financing","","costumes, cleaning, dancing","UK Banks, Clifton branch","2019-11-09",1,0.946412622928619,0,0,0,0,0,0,0,0,0,0,0,0,0,0,0,0,0,0,0,0,0,0,0,0,0,0,0,0,0,0,0,0,"env"
"ArtNotOil/2019-11-10","2019-11-10","ArtNotOil","Organised","Protest","Before event day","Yes","No","No","Yes","No","Entertainment/cultural","Ogoni 9, Drop Shell","","vigil, procession","Southbank centre","2019-11-05",5,2.61164822482071,0,0,0,0,0,0,0,0,0,0,0,0,0,0,0,0,0,0,0,0,0,0,0,0,0,0,0,0,0,0,0,0,"env"
"ExtinctionR/2019-11-10","2019-11-10","ExtinctionR","Organised","Protest","After event","No","No","No","Yes","No","Public space","Act now on climate change","<2","sinking house prop","Thames","2019-11-10",5,1.91111689045806,0,0,0,0,0,0,0,0,0,0,0,0,0,0,0,0,0,0,0,0,0,0,0,0,0,0,0,0,0,0,0,0,"env"
"UVWunion/2019-11-11","2019-11-11","UVWunion","Organised","Strike","On day, before event","No","No","No","No","No","Other","St Mary's hospital outsourced workers strike","","strike","","2019-11-11",4,2.25569382309914,0,0,0,0,0,0,0,0,0,0,0,0,0,0,0,0,0,0,0,0,0,0,0,0,0,0,0,0,0,0,0,0,"pov"
"IWGBunion/2019-11-12","2019-11-12","IWGBunion","Organised","Strike","After event","No","No","No","No","No","Other","Fast food worker strike","","strike","","2019-11-12",7,4.75427074730396,0,0,0,0,0,0,0,0,0,0,0,0,0,0,0,0,0,0,0,0,0,0,0,0,0,0,0,0,0,0,0,0,"pov"
"pcs_union/2019-11-12","2019-11-12","pcs_union","Organised","Strike","Before event day","No","No","No","No","No","Other","Foreign office facilities management workers strike","","strike","","2019-11-06",7,3.70476192235947,0,0,0,0,0,0,0,0,0,0,0,0,0,0,0,0,0,0,0,0,0,0,0,0,0,0,0,0,0,0,0,0,"pov"
"Strike4Youth/2019-11-13","2019-11-13","Strike4Youth","Organised","Protest","Before event day","Yes","No","No","No","No","Political site","Tory party should join climate debate","","demonstration","Tory HQ","2019-11-10",6,3.7054165173322,1,1,1,1,0,0,1,0,0,0,0,0,0,0,0,0,0,0,0,0,1,0,0,0,0,0,0,0,0,0,0,0,"env"
"UVWunion/2019-11-13","2019-11-13","UVWunion","Organised","Strike","Before event day","No","No","No","No","No","Other","St Mary's hospital outsourced workers strike, living wage","","strike, picket","","2019-10-16",12,6.27112721402751,1,1,1,1,0,0,1,0,0,0,0,0,0,0,0,0,0,0,0,0,1,0,0,0,0,0,0,0,0,0,0,0,"pov"
"unitetheunion/2019-11-13","2019-11-13","unitetheunion","Organised","Both","On day, before event","Yes","No","No","No","No","Other","Liverpool university staff strike, Premier Inn workers demand living wage","","strike, protest","Premier Inn sites","2019-11-13",7,2.91119824163616,1,1,1,1,0,0,1,0,0,0,0,0,0,0,0,0,0,0,0,0,1,0,0,0,0,0,0,0,0,0,0,0,"pov"
"CClimateAction, ExtinctionR/2019-11-18","2019-11-18","CClimateAction, ExtinctionR","Participated, Organised","Protest","Before event day","No","No","No","No","No","Other","Global Hunger Strike","","hunger strike","","2019-11-12",9,6.3555084913969,11,11,11,11,5,1,3,0,0,1,0,0,0,1,0,0,0,0,5,1,3,0,0,1,0,0,0,1,0,0,0,0,"env"
"IWGBunion/2019-11-19","2019-11-19","IWGBunion","Organised","Strike","Before event day","No","No","No","No","No","Other","UCL outsourced workers strike","300","strike","","2019-11-06",17,11.8158793889509,4,3,2,1,3,0,1,0,0,0,0,0,0,0,0,0,0,0,3,0,0,0,0,0,0,0,0,0,0,0,0,0,"pov"
"UCL_UCU/2019-11-19","2019-11-19","UCL_UCU","Organised","Both","Before event day","Yes","No","No","No","No","Other","UCL outsourced workers strike","","strike, demonstration, picket","UCL","2019-11-12",4,3.13853907538351,1,0,1,0,0,0,1,0,0,0,0,0,0,0,0,0,0,0,0,0,0,0,0,0,0,0,0,0,0,0,0,0,"pov"
"unitetheunion/2019-11-20","2019-11-20","unitetheunion","Organised","Protest","Before event day","Yes","No","No","No","No","Public space","Costain & Skanska union busting","","demonstration","Euston station","2019-11-18",7,4.62064695341949,0,0,0,0,0,0,0,0,0,0,0,0,0,0,0,0,0,0,0,0,0,0,0,0,0,0,0,0,0,0,0,0,"pov"
"NEUnion/2019-11-20","2019-11-20","NEUnion","Organised","Strike","Before event day","No","No","No","No","No","Other","sixth form colleges strike, pay, working conditions","","strike","","2019-11-18",5,3.68294128775597,0,0,0,0,0,0,0,0,0,0,0,0,0,0,0,0,0,0,0,0,0,0,0,0,0,0,0,0,0,0,0,0,"pov"
"unitetheunion/2019-11-21","2019-11-21","unitetheunion","Organised","Protest","Before event day","No","No","No","No","No","Public space","Oppose privatisation of GP services","","protest","East London","2019-11-12",7,2.65108510106802,0,0,0,0,0,0,0,0,0,0,0,0,0,0,0,0,0,0,0,0,0,0,0,0,0,0,0,0,0,0,0,0,"pov"
"ExtinctionR/2019-11-22","2019-11-22","ExtinctionR","Organised","Protest","Before event day","No","No","No","Yes","No","Political site","Listen to the science","100+","march, wearing labcoats","Department of Education","2019-11-17",1,0.936855316162109,1,0,1,0,1,0,0,0,0,0,0,0,0,0,0,0,0,0,0,0,0,0,0,0,0,0,0,0,0,0,0,0,"env"
"pcs_union/2019-11-25","2019-11-25","pcs_union","Organised","Strike","Before event day","No","No","No","No","No","Other","HMRC cleaners strike","","strike","","2019-11-21",5,3.49786929429401,0,0,0,0,0,0,0,0,0,0,0,0,0,0,0,0,0,0,0,0,0,0,0,0,0,0,0,0,0,0,0,0,"pov"
"UCL_UCU/2019-11-25","2019-11-25","UCL_UCU","Organised","Strike","Before event day","No","No","No","No","No","Other","UCU strike","","strike, picket","","2019-11-05",8,3.81907263025641,39,31,14,11,6,2,6,0,4,4,2,4,6,2,3,0,0,0,5,1,5,0,4,4,2,2,5,2,1,0,0,0,"pov"
"UVWunion/2019-11-25","2019-11-25","UVWunion","Organised","Strike","Before event day","No","No","No","No","No","Other","St Mary's hospital outsourced workers strike","","strike","","2019-11-24",9,1.8741402921741,1,1,1,1,0,0,1,0,0,0,0,0,0,0,0,0,0,0,0,0,1,0,0,0,0,0,0,0,0,0,0,0,"pov"
"EarthStrikeUK, ExtinctionR, Strike4Youth/2019-11-29","2019-11-29","EarthStrikeUK, ExtinctionR, Strike4Youth","Participated, Participated, Organised","Protest","Before event day","Yes","No","No","No","No","Public space","Climate strike","","demonstration, climate strike","100 locations","2019-10-14",32,22.1372218167533,8,8,7,7,3,0,1,0,1,1,0,0,0,2,0,0,0,0,3,0,1,0,1,1,0,0,0,2,0,0,0,0,"env"
"ExtinctionR/2019-11-29","2019-11-29","ExtinctionR","Participated","Protest","After event","No","No","No","Yes","No","Public space","Oppose blackrock","","human chain, march","City of London","2019-11-29",5,3.57215037941933,2,0,1,0,1,0,0,0,1,0,0,0,0,0,0,0,0,0,0,0,0,0,0,0,0,0,0,0,0,0,0,0,"env"
"UCL_UCU/2019-11-29","2019-11-29","UCL_UCU","Organised","Protest","Before event day","Yes","No","No","No","No","Public space","March for Pensions, pay, and planet","","march","to Westminster","2019-11-27",5,4.42173600196838,1,1,1,1,0,0,1,0,0,0,0,0,0,0,0,0,0,0,0,0,1,0,0,0,0,0,0,0,0,0,0,0,"pov"
"EISUnion/2019-11-30","2019-11-30","EISUnion","Participated","Protest","Before event day","Yes","No","No","No","No","Public space","against racism","","march, rally","","2019-11-14",10,3.57521935519494,0,0,0,0,0,0,0,0,0,0,0,0,0,0,0,0,0,0,0,0,0,0,0,0,0,0,0,0,0,0,0,0,"pov"
"CClimateAction, ExtinctionR/2019-12-01","2019-12-01","CClimateAction, ExtinctionR","Participated, Organised","Protest","Before event day","No","No","No","Yes","No","Public space","12 days of crisis","","performance","Oxford Street","2019-11-27",10,3.38726267110539,0,0,0,0,0,0,0,0,0,0,0,0,0,0,0,0,0,0,0,0,0,0,0,0,0,0,0,0,0,0,0,0,"env"
"pcs_union/2019-12-02","2019-12-02","pcs_union","Organised","Strike","Before event day","No","No","No","No","No","Other","HMRC cleaners strike","","strike","","2019-11-08",10,5.8587013508885,0,0,0,0,0,0,0,0,0,0,0,0,0,0,0,0,0,0,0,0,0,0,0,0,0,0,0,0,0,0,0,0,"pov"
"CNDuk/2019-12-03","2019-12-03","CNDuk","Organised","Protest","Before event day","Yes","No","No","No","No","Public space","No to NATO, oppose Trump","","protest","Trafalgar Square","2019-11-01",8,6.42258869111538,4,4,3,3,0,0,1,0,0,0,3,0,0,0,0,0,0,0,0,0,1,0,0,0,3,0,0,0,0,0,0,0,"env"
"keepnhspublic/2019-12-03","2019-12-03","keepnhspublic","Participated","Protest","On day, before event","Yes","No","No","No","No","Public space","anti Trump demo","","demonstration","Trafalgar Square","2019-12-03",11,6.04635984429669,0,0,0,0,0,0,0,0,0,0,0,0,0,0,0,0,0,0,0,0,0,0,0,0,0,0,0,0,0,0,0,0,"pov"
"pcs_union/2019-12-03","2019-12-03","pcs_union","Organised","Protest","Before event day","Yes","No","No","No","No","Unknown","Wallace Collection workers demonstration, pay","","demonstration","","2019-12-02",10,3.79061379690368,0,0,0,0,0,0,0,0,0,0,0,0,0,0,0,0,0,0,0,0,0,0,0,0,0,0,0,0,0,0,0,0,"pov"
"theRCN/2019-12-03","2019-12-03","theRCN","Organised","Strike","Before event day","No","No","No","No","No","Other","NI nurses industrial action, safe staffing saves lives","","industrial action","","2019-12-01",18,3.69533796294846,5,1,3,1,0,0,1,0,4,0,0,0,0,0,0,0,0,0,0,0,0,0,1,0,0,0,0,0,0,0,0,0,"pov"
"ExtinctionR/2019-12-04","2019-12-04","ExtinctionR","Organised","Protest","Before event day","No","Yes","No","Yes","No","Political site","Bee-yond politics, prioritise ecological crisis in election","","swarming dressed as bees, shutting down roads","political party buses","2019-11-27",11,4.65327066381819,11,11,11,11,1,0,4,0,0,0,0,1,0,0,0,0,0,5,1,0,4,0,0,0,0,1,0,0,0,0,0,5,"env"
"UCL_UCU/2019-12-04","2019-12-04","UCL_UCU","Organised","Strike","Before event day","No","No","No","No","No","Other","UCL workers strike","","demonstration, strike","","2019-11-15",11,7.38022370722996,13,10,3,3,4,1,3,0,0,0,0,3,1,0,1,0,0,0,1,1,3,0,0,0,0,3,1,0,1,0,0,0,"pov"
"pcs_union/2019-12-05","2019-12-05","pcs_union","Organised","Both","Before event day","No","No","No","No","No","Public space","HMRC workers strike oppose office closure","","rally, strike","Ealing","2019-12-02",16,13.1908817511908,0,0,0,0,0,0,0,0,0,0,0,0,0,0,0,0,0,0,0,0,0,0,0,0,0,0,0,0,0,0,0,0,"pov"
"campaigncc/2019-12-06","2019-12-06","campaigncc","Organised","Protest","Before event day","Yes","No","No","Yes","No","Embassy","Climate justice vigil","","vigil","Chilean embassy","2019-11-30",6,3.54968145461292,1,1,1,1,0,0,1,0,0,0,0,0,0,0,0,0,0,0,0,0,1,0,0,0,0,0,0,0,0,0,0,0,"env"
"ExtinctionR/2019-12-06","2019-12-06","ExtinctionR","Organised","Protest","Before event day","Yes","No","No","Yes","No","Political site","Climate election","","4m ostrich head in sand prop, march","Party headquarters","2019-11-28",5,1.89722159970552,1,1,1,1,1,0,0,0,0,0,0,0,0,0,0,0,0,0,1,0,0,0,0,0,0,0,0,0,0,0,0,0,"env"
"ExtinctionR/2019-12-08","2019-12-08","ExtinctionR","Organised","Protest","Before event day","Yes","No","No","Yes","No","Company site","Bikes against bulldozers, No third runway","300","cyclists congregate around bulldozer, lie in","Heathrow","2019-11-28",5,2.06307090985927,4,4,3,3,0,0,1,0,0,0,0,0,1,2,0,0,0,0,0,0,1,0,0,0,0,0,1,2,0,0,0,0,"env"
"ExtinctionR/2019-12-09","2019-12-09","ExtinctionR","Organised","Protest","Before event day","Yes","Yes","No","No","No","Public space","12 days of crisis, The Air We Grieve","","road block","Leicester Square","2019-11-28",7,2.00265572390162,6,6,6,6,2,0,0,0,1,1,0,1,0,0,0,1,0,0,2,0,0,0,1,1,0,1,0,0,0,1,0,0,"env"
"UKChange/2019-12-09","2019-12-09","UKChange","Organised","Protest","On day, before event","Yes","No","No","No","No","Public space","Hands off our NHS","","march","","2019-12-09",2,1.78696870803833,0,0,0,0,0,0,0,0,0,0,0,0,0,0,0,0,0,0,0,0,0,0,0,0,0,0,0,0,0,0,0,0,"pov"
"ExtinctionR/2019-12-11","2019-12-11","ExtinctionR","Organised","Protest","On day, before event","No","No","No","Yes","No","Other","","","oxygen mask props, dump coal, sing carols","Hastings, St Leonards-on-sea, Conservative party HQ","2019-12-11",7,2.17014896101871,2,1,1,1,0,0,1,0,0,1,0,0,0,0,0,0,0,0,0,0,0,0,0,1,0,0,0,0,0,0,0,0,"env"
"theRCN/2019-12-11","2019-12-11","theRCN","Organised","Strike","On day, before event","No","No","No","No","No","Other","NI nurses industrial action, safe staffing saves lives","","industrial action","","2019-12-11",5,2.59631754457951,0,0,0,0,0,0,0,0,0,0,0,0,0,0,0,0,0,0,0,0,0,0,0,0,0,0,0,0,0,0,0,0,"pov"
"ExtinctionR/2019-12-18","2019-12-18","ExtinctionR","Organised","Protest","After event","No","Yes","No","No","No","Company site","Disrupt Rise of Skywalker premiere","","disrupt, lie in","Film premiere","2019-12-18",4,1.11876464207748,2,2,1,1,0,0,2,0,0,0,0,0,0,0,0,0,0,0,0,0,2,0,0,0,0,0,0,0,0,0,0,0,"env"
"theRCN/2019-12-18","2019-12-18","theRCN","Organised","Strike","After event","No","No","No","No","No","Other","NI nurses industrial action, safe staffing saves lives","","strike","","2019-12-18",7,5.25898811265132,32,32,26,26,0,0,3,0,9,1,0,0,0,0,0,1,1,17,0,0,3,0,9,1,0,0,0,0,0,1,1,17,"pov"
